[20Dec2025 21:37:16.851] [main/INFO] [cpw.mods.modlauncher.Launcher/MODLAUNCHER]: ModLauncher running: args [--launchTarget, forgeserver, --fml.forgeVersion, 47.3.7, --fml.mcVersion, 1.20.1, --fml.forgeGroup, net.minecraftforge, --fml.mcpVersion, 20230612.114412, nogui]
[20Dec2025 21:37:16.856] [main/INFO] [cpw.mods.modlauncher.Launcher/MODLAUNCHER]: ModLauncher 10.0.9+10.0.9+main.dcd20f30 starting: java version 17.0.16 by Ubuntu; OS Linux arch amd64 version 6.8.0-1030-azure
[20Dec2025 21:37:18.303] [main/INFO] [net.minecraftforge.fml.loading.ImmediateWindowHandler/]: ImmediateWindowProvider not loading because launch target is forgeserver
[20Dec2025 21:37:18.314] [main/INFO] [mixin-transmog/]: Mixin Transmogrifier is definitely up to no good...
[20Dec2025 21:37:18.350] [main/INFO] [mixin-transmog/]: crimes against java were committed
[20Dec2025 21:37:18.374] [main/INFO] [mixin-transmog/]: Original mixin transformation service successfully crobbed by mixin-transmogrifier!
[20Dec2025 21:37:18.416] [main/INFO] [mixin/]: SpongePowered MIXIN Subsystem Version=0.8.5 Source=union:/workspaces/SERVER-1/servidor_minecraft/mods/Connector-1.0.0-beta.46+1.20.1.jar%23204%23207!/ Service=ModLauncher Env=SERVER
[20Dec2025 21:37:19.055] [main/WARN] [net.minecraftforge.fml.loading.moddiscovery.ModFileParser/LOADING]: Mod file /workspaces/SERVER-1/servidor_minecraft/libraries/net/minecraftforge/fmlcore/1.20.1-47.3.7/fmlcore-1.20.1-47.3.7.jar is missing mods.toml file
[20Dec2025 21:37:19.057] [main/WARN] [net.minecraftforge.fml.loading.moddiscovery.ModFileParser/LOADING]: Mod file /workspaces/SERVER-1/servidor_minecraft/libraries/net/minecraftforge/javafmllanguage/1.20.1-47.3.7/javafmllanguage-1.20.1-47.3.7.jar is missing mods.toml file
[20Dec2025 21:37:19.059] [main/WARN] [net.minecraftforge.fml.loading.moddiscovery.ModFileParser/LOADING]: Mod file /workspaces/SERVER-1/servidor_minecraft/libraries/net/minecraftforge/lowcodelanguage/1.20.1-47.3.7/lowcodelanguage-1.20.1-47.3.7.jar is missing mods.toml file
[20Dec2025 21:37:19.060] [main/WARN] [net.minecraftforge.fml.loading.moddiscovery.ModFileParser/LOADING]: Mod file /workspaces/SERVER-1/servidor_minecraft/libraries/net/minecraftforge/mclanguage/1.20.1-47.3.7/mclanguage-1.20.1-47.3.7.jar is missing mods.toml file
[20Dec2025 21:37:19.652] [main/INFO] [net.minecraftforge.fml.loading.moddiscovery.JarInJarDependencyLocator/]: Found 54 dependencies adding them to mods collection
[20Dec2025 21:37:20.637] [main/INFO] [org.sinytra.connector.locator.DependencyResolver/]: Dependency resolution found 4 candidates to load
[20Dec2025 21:37:22.040] [main/INFO] [org.sinytra.connector.service.hacks.ModuleLayerMigrator/]: Successfully made module authlib transformable
[20Dec2025 21:37:23.676] [main/INFO] [mixin/]: Compatibility level set to JAVA_17
[20Dec2025 21:37:24.228] [main/INFO] [mixin/]: Successfully loaded Mixin Connector [de.maxhenkel.camera.MixinConnector]
[20Dec2025 21:37:24.245] [main/INFO] [cpw.mods.modlauncher.LaunchServiceHandler/MODLAUNCHER]: Launching target 'forgeserver' with arguments [nogui]
[20Dec2025 21:37:24.287] [main/WARN] [mixin/]: Reference map 'hamsters.refmap.json' for hamsters.mixins.json could not be read. If this is a development environment you can ignore this message
[20Dec2025 21:37:24.395] [main/INFO] [ModernFix/]: Loaded configuration file for ModernFix 5.24.4+mc1.20.1: 96 options available, 0 override(s) found
[20Dec2025 21:37:24.396] [main/INFO] [ModernFix/]: Applying Nashorn fix
[20Dec2025 21:37:24.412] [main/INFO] [ModernFix/]: Applied Forge config corruption patch
[20Dec2025 21:37:24.563] [main/INFO] [Embeddium/]: Loaded configuration file for Embeddium: 199 options available, 0 override(s) found
[20Dec2025 21:37:24.754] [main/WARN] [mixin/]: Reference map 'netherdepthsupgrade.refmap.json' for netherdepthsupgrade.mixins.json could not be read. If this is a development environment you can ignore this message
[20Dec2025 21:37:24.764] [main/WARN] [mixin/]: Reference map 'puzzlesaccessapi.common.refmap.json' for puzzlesaccessapi.common.mixins.json could not be read. If this is a development environment you can ignore this message
[20Dec2025 21:37:24.912] [main/WARN] [mixin/]: Reference map 'mvs-forge-refmap.json' for mvs-forge.mixins.json could not be read. If this is a development environment you can ignore this message
[20Dec2025 21:37:24.975] [main/INFO] [Puzzles Lib/]: Loading 153 mods:
	- advancementplaques 1.6.9
	- aiimprovements 0.5.2
	- alexsdelight 1.5
	- alexsmobs 1.22.9
	- alltheleaks 1.0.2+1.20.1-forge
		\-- mixinsquared 0.3.3
	- aquaculture 2.5.5
	- aquaculturedelight 1.1.1
	- architectury 9.2.14
	- bakery 2.0.6
	- balm 7.3.28
		\-- kuma_api 20.1.10
	- bclib 3.0.14
	- betterdeserttemples 1.20-Forge-3.0.3
	- betterdungeons 1.20-Forge-4.0.4
	- betterend 4.0.11
	- betterendisland 1.20-Forge-2.0.6
	- betterfortresses 1.20-Forge-2.0.6
	- betterjungletemples 1.20-Forge-2.0.5
	- bettermineshafts 1.20-Forge-4.0.4
	- betternether 9.0.10
	- betterstrongholds 1.20-Forge-4.0.3
	- bettervillage 3.3.1
	- blueprint 7.1.3
	- brewery 2.0.6
	- callablehorses 1.3.0.1
	- camera 1.20.1-1.0.20
	- candlelight 2.0.5
	- carryon 2.1.2.7
	- citadel 2.6.2
	- cloth_config 11.1.136
	- collective 8.3
	- connectormod 1.0.0-beta.46+1.20.1
	- corpse 1.20.1-1.0.21
	- cratedelight 25.08.08-1.20-forge
	- creativecore 2.12.32
	- crittersandcompanions 1.20.1-2.3.1
	- culturaldelights 0.16.5
	- cupboard 1.20.1-2.7
	- cutthrough 8.0.2
	- delightful 3.7.4
	- doapi 1.2.15
		\-- terraform 7.0.1
	- ecologics 2.2.2
	- embeddium 0.3.31+mc1.20.1
		\-- rubidium 0.7.1
	- endersdelight 1.1.3
	- explosiveenhancement 1.1.0
	- fabric_api 0.92.6+1.11.14+1.20.1
		|-- fabric_api_base 0.4.32+ef105b4977
		|-- fabric_api_lookup_api_v1 1.6.37+67f9824077
		|-- fabric_biome_api_v1 13.0.14+dc36698e77
		|-- fabric_block_api_v1 1.0.12+0e6cb7f777
		|-- fabric_block_view_api_v2 1.0.3+53347ba977
		|-- fabric_blockrenderlayer_v1 1.1.42+1d0da21e77
		|-- fabric_client_tags_api_v1 1.1.3+5d6761b877
		|-- fabric_command_api_v1 1.2.35+f71b366f77
		|-- fabric_command_api_v2 2.2.14+561530ec77
		|-- fabric_content_registries_v0 4.0.13+a670df1e77
		|-- fabric_convention_tags_v1 1.5.6+fa3d1c0177
		|-- fabric_data_attachment_api_v1 1.0.2+30ef839e77
		|-- fabric_data_generation_api_v1 12.3.7+369cb3a477
		|-- fabric_dimensions_v1 2.1.55+8005d10d77
		|-- fabric_entity_events_v1 1.6.1+4ca7515277
		|-- fabric_events_interaction_v0 0.6.5+0f26153f77
		|-- fabric_game_rule_api_v1 1.0.41+683d4da877
		|-- fabric_item_api_v1 2.1.29+4d0bbcfa77
		|-- fabric_item_group_api_v1 4.0.14+c9161c2d77
		|-- fabric_key_binding_api_v1 1.0.38+561530ec77
		|-- fabric_lifecycle_events_v1 2.2.23+afab492177
		|-- fabric_loot_api_v2 1.2.3+eb28f93e77
		|-- fabric_message_api_v1 5.1.10+52cc178c77
		|-- fabric_mining_level_api_v1 2.1.52+561530ec77
		|-- fabric_model_loading_api_v1 1.0.4+6274ab9d77
		|-- fabric_models_v0 0.4.3+7c3892a477
		|-- fabric_networking_api_v1 1.3.14+fb7c822677
		|-- fabric_object_builder_api_v1 11.1.5+f8c414ce77
		|-- fabric_particles_v1 1.1.3+78e1ecb877
		|-- fabric_recipe_api_v1 1.0.24+514a076577
		|-- fabric_registry_sync_v0 2.3.6+1c0ea72177
		|-- fabric_rendering_data_attachment_v1 0.3.39+a6081afc77
		|-- fabric_rendering_fluids_v1 3.0.29+4ac5e37a77
		|-- fabric_rendering_v1 3.0.9+66e9a48f77
		|-- fabric_resource_conditions_api_v1 2.3.9+996d00b277
		|-- fabric_resource_loader_v0 0.11.12+4b4151c077
		|-- fabric_screen_api_v1 2.0.9+45a670a577
		|-- fabric_screen_handler_api_v1 1.3.33+561530ec77
		|-- fabric_sound_api_v1 1.0.14+4f23bd8477
		|-- fabric_transfer_api_v1 3.3.6+631c9cd677
		\-- fabric_transitive_access_wideners_v1 4.3.2+1880499877
	- farm_and_charm 1.0.12
	- farmersdelight 1.20.1-1.2.9
	- ferritecore 6.0.1
	- forge 47.3.7
	- furniture 1.0.4
	- geckolib 4.7.3
	- glitchcore 0.0.1.1
	- guardvillagers 1.20.1-1.6.11
	- hamsters 1.20.1-1.0.3
	- herbalbrews 1.0.12
	- horseexpert 8.1.1
	- iceberg 1.1.25
	- jei 15.20.0.112
	- kiwi 11.8.31+forge
	- libraryferret 4.0.0
	- locks 1.20.1-1.2.4
	- magnumtorch 8.0.2
	- minecraft 1.20.1
	- modernfix 5.24.4+mc1.20.1
	- moredelight 25.07.28-1.20-forge
	- mru 1.0.4+1.20.1+forge
	- mss 1.2.7-1.20-forge
	- mvs 4.1.5-1.20-forge
	- naturescompass 1.20.1-1.11.2-forge
	- netherdepthsupgrade 3.1.5-1.20
	- paraglider 20.1.3
	- particlerain 1.1.3
	- pet_cemetery 2.0.0
	- pickupnotifier 8.0.0
	- platform 1.2.10.1
	- prism 1.0.5
	- puzzleslib 8.1.32
		\-- puzzlesaccessapi 20.1.1
	- quark 4.0-462
	- quarkdelight 1.0.0
	- regions_unexplored 0.5.6
	- ribbits 1.20.1-Forge-3.0.4
	- skyvillages 1.0.4
	- snowrealmagic 10.6.5
		|-- fabric_renderer_api_v1 3.2.2+cf68abbe77
		\-- fabric_renderer_indigo 1.5.3+b5b2da4177
	- sophisticatedcore 1.2.81.1091
	- sophisticatedstorage 1.3.62.1236
	- stoneworks 8.0.0
	- structureessentials 1.20.1-4.8
	- taxtg 2.1.1
	- terrablender 3.0.1.10
	- tinyskeletons 8.0.1
	- travelersbackpack 9.1.40
	- travelerstitles 1.20-Forge-4.0.2
	- treechop 0.19.0
	- universalbonemeal 8.0.1
	- vanillabackport 1.1.4.3
	- veggiesdelight 1.8.1
	- villagernames 8.2
	- villagersellanimals 1.2.1
	- vinery 1.4.40
	- voicechat 1.20.1-2.5.35
	- waves 1.5.1
	- waystones 14.1.17
	- williams_hedgehogs 1.0.0
	- wunderlib 1.1.5
	- yungsapi 1.20-Forge-4.0.6
	- yungscavebiomes 1.20.1-Forge-2.0.5
	- zeta 1.0-30
[20Dec2025 21:37:25.011] [main/WARN] [mixin/]: Reference map '' for adapter.init.mixins.json could not be read. If this is a development environment you can ignore this message
[20Dec2025 21:37:25.480] [main/INFO] [com.cupboard.Cupboard/]: Loaded config for: structureessentials.json
[20Dec2025 21:37:25.959] [main/WARN] [mixin/]: Error loading class: sereneseasons/season/RandomUpdateHandler (java.lang.ClassNotFoundException: sereneseasons.season.RandomUpdateHandler)
[20Dec2025 21:37:25.960] [main/WARN] [mixin/]: @Mixin target sereneseasons.season.RandomUpdateHandler was not found snowrealmagic.mixins.json:sereneseasons.RandomUpdateHandlerMixin from mod snowrealmagic
[20Dec2025 21:37:25.962] [main/ERROR] [net.minecraftforge.fml.loading.RuntimeDistCleaner/DISTXFORM]: Attempted to load class net/minecraft/client/MouseHandler for invalid dist DEDICATED_SERVER
[20Dec2025 21:37:25.963] [main/WARN] [mixin/]: Error loading class: net/minecraft/client/MouseHandler (java.lang.RuntimeException: Attempted to load class net/minecraft/client/MouseHandler for invalid dist DEDICATED_SERVER)
[20Dec2025 21:37:25.963] [main/WARN] [mixin/]: @Mixin target net.minecraft.client.MouseHandler was not found fabric-screen-api-v1.mixins.json:MouseMixin from mod fabric_screen_api_v1
[20Dec2025 21:37:25.965] [main/ERROR] [net.minecraftforge.fml.loading.RuntimeDistCleaner/DISTXFORM]: Attempted to load class net/minecraft/client/gui/screens/Screen for invalid dist DEDICATED_SERVER
[20Dec2025 21:37:25.965] [main/WARN] [mixin/]: Error loading class: net/minecraft/client/gui/screens/Screen (java.lang.RuntimeException: Attempted to load class net/minecraft/client/gui/screens/Screen for invalid dist DEDICATED_SERVER)
[20Dec2025 21:37:25.966] [main/WARN] [mixin/]: @Mixin target net.minecraft.client.gui.screens.Screen was not found fabric-screen-api-v1.mixins.json:ScreenAccessor from mod fabric_screen_api_v1
[20Dec2025 21:37:26.761] [main/WARN] [mixin/]: Error loading class: noobanidus/mods/lootr/block/entities/TileTicker (java.lang.ClassNotFoundException: noobanidus.mods.lootr.block.entities.TileTicker)
[20Dec2025 21:37:26.829] [main/WARN] [mixin/]: Error loading class: weather2/weathersystem/wind/WindManager (java.lang.ClassNotFoundException: weather2.weathersystem.wind.WindManager)
[20Dec2025 21:37:26.830] [main/WARN] [mixin/]: @Mixin target weather2.weathersystem.wind.WindManager was not found waves.mixins.json:WindManagerMixin from mod waves
[20Dec2025 21:37:26.833] [main/WARN] [mixin/]: Error loading class: weather2/weathersystem/storm/TornadoHelper (java.lang.ClassNotFoundException: weather2.weathersystem.storm.TornadoHelper)
[20Dec2025 21:37:26.833] [main/WARN] [mixin/]: @Mixin target weather2.weathersystem.storm.TornadoHelper was not found waves.mixins.json:TornadoHelperMixin from mod waves
[20Dec2025 21:37:28.235] [main/INFO] [dev.uncandango.alltheleaks.AllTheLeaks/]: Class dev.uncandango.alltheleaks.leaks.common.mods.zeta.Issue69 will be loaded as it matches versions: 1.0-30 in [1.0-19,)
[20Dec2025 21:37:28.236] [main/INFO] [dev.uncandango.alltheleaks.AllTheLeaks/]: Mixins added to allowed list: [main.RecipeCrawlHandlerMixin]
[20Dec2025 21:37:28.236] [main/INFO] [dev.uncandango.alltheleaks.AllTheLeaks/]: Class dev.uncandango.alltheleaks.leaks.common.mods.travelersbackpack.UntrackedIssue002 will be loaded as it matches versions: 9.1.40 in [9.1.17,)
[20Dec2025 21:37:28.236] [main/INFO] [dev.uncandango.alltheleaks.AllTheLeaks/]: Mixins added to allowed list: [main.NeoForgeEventHandlerMixin]
[20Dec2025 21:37:28.238] [main/INFO] [dev.uncandango.alltheleaks.AllTheLeaks/]: Class dev.uncandango.alltheleaks.leaks.common.mods.minecraft.UntrackedIssue002 will be loaded as it matches versions: 1.20.1 in 1.20.1
[20Dec2025 21:37:28.238] [main/INFO] [dev.uncandango.alltheleaks.AllTheLeaks/]: Mixins added to allowed list: [main.EntityTickListMixin]
[20Dec2025 21:37:28.238] [main/INFO] [dev.uncandango.alltheleaks.AllTheLeaks/]: Class dev.uncandango.alltheleaks.leaks.common.mods.minecraft.UntrackedIssue001 will be loaded as it matches versions: 1.20.1 in 1.20.1
[20Dec2025 21:37:28.239] [main/INFO] [dev.uncandango.alltheleaks.AllTheLeaks/]: Class dev.uncandango.alltheleaks.leaks.common.mods.forge.UntrackedIssue004 will be loaded as it matches versions: 47.3.7 in *
[20Dec2025 21:37:28.239] [main/INFO] [dev.uncandango.alltheleaks.AllTheLeaks/]: Class dev.uncandango.alltheleaks.leaks.common.mods.forge.UntrackedIssue003 will be loaded as it matches versions: 47.3.7 in [47.2,)
[20Dec2025 21:37:28.240] [main/INFO] [dev.uncandango.alltheleaks.AllTheLeaks/]: Class dev.uncandango.alltheleaks.leaks.common.mods.forge.UntrackedIssue002 will be loaded as it matches versions: 47.3.7 in [47.2,)
[20Dec2025 21:37:28.240] [main/INFO] [dev.uncandango.alltheleaks.AllTheLeaks/]: Mixins added to allowed list: [accessor.FakePlayerNetHandlerAccessor, accessor.ConnectionAccessor]
[20Dec2025 21:37:28.240] [main/INFO] [dev.uncandango.alltheleaks.AllTheLeaks/]: Class dev.uncandango.alltheleaks.leaks.common.mods.forge.UntrackedIssue001 will be loaded as it matches versions: 47.3.7 in [47.2,)
[20Dec2025 21:37:28.241] [main/INFO] [dev.uncandango.alltheleaks.AllTheLeaks/]: Mixins added to allowed list: [main.ServerPlayerMixin, main.PlayerListMixin, accessor.PlayerAdvancementsAccessor]
[20Dec2025 21:37:28.242] [main/INFO] [dev.uncandango.alltheleaks.AllTheLeaks/]: Class dev.uncandango.alltheleaks.leaks.common.mods.citadel.UntrackedIssue001 will be loaded as it matches versions: 2.6.2 in [2.5.4,)
[20Dec2025 21:37:28.242] [main/INFO] [dev.uncandango.alltheleaks.AllTheLeaks/]: Class dev.uncandango.alltheleaks.leaks.common.mods.architectury.UntrackedIssue001 will be loaded as it matches versions: 9.2.14 in [9.0.8,)
[20Dec2025 21:37:28.243] [main/INFO] [dev.uncandango.alltheleaks.AllTheLeaks/]: Class dev.uncandango.alltheleaks.leaks.common.mods.alexsmobs.Issue2165 will be loaded as it matches versions: 1.22.9 in [1.22.5,)
[20Dec2025 21:37:28.245] [main/INFO] [dev.uncandango.alltheleaks.AllTheLeaks/]: Class dev.uncandango.alltheleaks.fix.common.mods.zeta.FixCopyStack will be loaded as it matches versions: 1.0-30 in *
[20Dec2025 21:37:28.246] [main/INFO] [dev.uncandango.alltheleaks.AllTheLeaks/]: Mixins added to allowed list: [main.StackFixRecipeCrawlHandlerMixin]
[20Dec2025 21:37:28.247] [main/INFO] [dev.uncandango.alltheleaks.AllTheLeaks/]: Class dev.uncandango.alltheleaks.fix.common.mods.modernfix.CancelRLMixin will be loaded as it matches versions: 5.24.4+mc1.20.1 in [5.0.0,)
[20Dec2025 21:37:28.247] [main/INFO] [dev.uncandango.alltheleaks.AllTheLeaks/]: Mixins added to cancel list: [org.embeddedt.modernfix.common.mixin.perf.deduplicate_location.MixinResourceLocation]
[20Dec2025 21:37:28.247] [main/INFO] [dev.uncandango.alltheleaks.AllTheLeaks/]: Class dev.uncandango.alltheleaks.fix.common.mods.jei.FixItemStackCopy will be loaded as it matches versions: 15.20.0.112 in *
[20Dec2025 21:37:28.248] [main/INFO] [dev.uncandango.alltheleaks.AllTheLeaks/]: Mixins added to allowed list: [main.SmithingCategoryExtensionMixin, main.NormalizedTypedItemStackMixin, main.IngredientSetMixin]
[20Dec2025 21:37:28.254] [main/INFO] [dev.uncandango.alltheleaks.AllTheLeaks/]: Class dev.uncandango.alltheleaks.feature.common.mods.minecraft.MemoryMonitor will be loaded as it matches versions: 1.20.1 in 1.20.1
[20Dec2025 21:37:28.254] [main/INFO] [dev.uncandango.alltheleaks.AllTheLeaks/]: Mixins added to allowed list: [main.PlayerMixin, main.ChunkAccessMixin, main.LevelMixin, main.MinecraftServerMixin]
[20Dec2025 21:37:28.367] [main/WARN] [mixin/]: Error loading class: noobanidus/mods/lootr/config/ConfigManager (java.lang.ClassNotFoundException: noobanidus.mods.lootr.config.ConfigManager)
[20Dec2025 21:37:28.368] [main/WARN] [mixin/]: @Mixin target noobanidus.mods.lootr.config.ConfigManager was not found quark_integrations.mixins.json:lootr.ConfigManagerMixin from mod quark
[20Dec2025 21:37:28.674] [main/INFO] [MixinExtras|Service/]: Initializing MixinExtras via com.llamalad7.mixinextras.service.MixinExtrasServiceImpl(version=0.5.0).
[20Dec2025 21:37:29.376] [main/INFO] [net.minecraft.server.Bootstrap/]: ModernFix reached bootstrap stage (15.08 s after launch)
[20Dec2025 21:37:29.614] [main/WARN] [mixin/]: @Final field delegatesByName:Ljava/util/Map; in modernfix-forge.mixins.json:perf.forge_registry_alloc.ForgeRegistryMixin from mod modernfix should be final
[20Dec2025 21:37:29.615] [main/WARN] [mixin/]: @Final field delegatesByValue:Ljava/util/Map; in modernfix-forge.mixins.json:perf.forge_registry_alloc.ForgeRegistryMixin from mod modernfix should be final
[20Dec2025 21:37:30.167] [main/WARN] [mixin/]: @Inject(@At("INVOKE")) Shift.BY=1 on crittersandcompanions.mixins.json:LivingEntityMixin from mod crittersandcompanions::handler$cbm000$crittersandcompanions$onDie exceeds the maximum allowed value: 0. Increase the value of maxShiftBy to suppress this warning.
[20Dec2025 21:37:31.649] [main/INFO] [net.minecraft.server.Bootstrap/]: Vanilla bootstrap took 2269 milliseconds
[20Dec2025 21:37:33.103] [main/WARN] [mixin/]: @Final field f_26027_:Lnet/minecraft/world/entity/ai/targeting/TargetingConditions; in guardvillagers.mixins.json:DefendVillageGoalGolemMixin from mod guardvillagers should be final
[20Dec2025 21:37:34.678] [main/INFO] [org.betterx.worlds.together.util.Logger/]: [betternether] =^..^=    BetterNether for 1.20    =^..^=
[20Dec2025 21:37:34.690] [main/INFO] [org.betterx.worlds.together.util.Logger/]: [bclib] Added Config betternether.main to auto sync (file hash)
[20Dec2025 21:37:34.691] [main/INFO] [org.betterx.worlds.together.util.Logger/]: [bclib] Added Config betternether.generator to auto sync (file hash)
[20Dec2025 21:37:34.692] [main/INFO] [org.betterx.worlds.together.util.Logger/]: [bclib] Added Config betternether.blocks to auto sync (file hash)
[20Dec2025 21:37:34.692] [main/INFO] [org.betterx.worlds.together.util.Logger/]: [bclib] Added Config betternether.items to auto sync (file hash)
[20Dec2025 21:37:34.693] [main/INFO] [org.betterx.worlds.together.util.Logger/]: [bclib] Added Config betternether.biomes to auto sync (file hash)
[20Dec2025 21:37:34.694] [main/INFO] [org.betterx.worlds.together.util.Logger/]: [bclib] Added Config betternether.mobs to auto sync (file hash)
[20Dec2025 21:37:34.694] [main/INFO] [org.betterx.worlds.together.util.Logger/]: [bclib] Added Config betternether.recipes to auto sync (file hash)
[20Dec2025 21:37:34.801] [main/WARN] [mixin/]: Static binding violation: PRIVATE @Overwrite method m_215924_ in modernfix-forge.mixins.json:perf.tag_id_caching.TagEntryMixin from mod modernfix cannot reduce visibiliy of PUBLIC target method, visibility will be upgraded.
[20Dec2025 21:37:34.973] [main/WARN] [org.betterx.worlds.together.util.Logger/]: [bclib] Recipe betternether:bone_block_bone_button only takes in a single item and should be shapeless
[20Dec2025 21:37:35.540] [main/WARN] [mixin/]: Method overwrite conflict for getPools in locks.mixins.json:accessor.LootTableAccessor from mod locks, previously written by com.blackgear.platform.core.mixin.forge.LootTableMixin. Skipping method.
[20Dec2025 21:37:35.602] [main/INFO] [org.betterx.worlds.together.util.Logger/]: [bclib] Added Config bclib.generator to auto sync (file hash)
[20Dec2025 21:37:35.603] [main/INFO] [org.betterx.worlds.together.util.Logger/]: [bclib] Added Config bclib.main to auto sync (content diff)
[20Dec2025 21:37:35.604] [main/INFO] [org.betterx.worlds.together.util.Logger/]: [bclib] Added Config bclib.biomes to auto sync (file hash)
[20Dec2025 21:37:35.720] [main/INFO] [org.betterx.worlds.together.util.Logger/]: [bclib] Added Config betterend.entities to auto sync (file hash)
[20Dec2025 21:37:35.722] [main/INFO] [org.betterx.worlds.together.util.Logger/]: [bclib] Added Config betterend.blocks to auto sync (file hash)
[20Dec2025 21:37:35.723] [main/INFO] [org.betterx.worlds.together.util.Logger/]: [bclib] Added Config betterend.items to auto sync (file hash)
[20Dec2025 21:37:35.723] [main/INFO] [org.betterx.worlds.together.util.Logger/]: [bclib] Added Config betterend.biomes to auto sync (file hash)
[20Dec2025 21:37:35.724] [main/INFO] [org.betterx.worlds.together.util.Logger/]: [bclib] Added Config betterend.recipes to auto sync (file hash)
[20Dec2025 21:37:35.724] [main/INFO] [org.betterx.worlds.together.util.Logger/]: [bclib] Added Config betterend.enchantments to auto sync (file hash)
[20Dec2025 21:37:36.452] [modloading-worker-0/INFO] [Puzzles Lib/]: Constructing common components for horseexpert:main
[20Dec2025 21:37:36.454] [modloading-worker-0/INFO] [Collective/]: [Collective] JSON file 'entity_names.json' generation requested by mod 'villagernames'.
[20Dec2025 21:37:36.544] [modloading-worker-0/INFO] [Puzzles Lib/]: Constructing common components for pickupnotifier:main
[20Dec2025 21:37:36.546] [modloading-worker-0/WARN] [net.minecraftforge.common.ForgeConfigSpec/CORE]: Configuration file /workspaces/SERVER-1/servidor_minecraft/config/guardvillagers-common.toml is not correct. Correcting
[20Dec2025 21:37:36.799] [modloading-worker-0/INFO] [Puzzles Lib/]: Constructing common components for tinyskeletons:main
[20Dec2025 21:37:36.840] [modloading-worker-0/INFO] [Collective/]: Loading Collective version 8.3.
[20Dec2025 21:37:36.992] [modloading-worker-0/INFO] [dev.architectury.networking.forge.NetworkManagerImpl/]: Registering C2S receiver with id architectury:sync_ids
[20Dec2025 21:37:37.018] [modloading-worker-0/INFO] [com.cupboard.Cupboard/]: Loaded config for: cupboard.json
[20Dec2025 21:37:37.202] [modloading-worker-0/INFO] [Puzzles Lib/]: Constructing common components for universalbonemeal:main
[20Dec2025 21:37:37.220] [modloading-worker-0/INFO] [com.jtorleonstudios.libraryferret.LibraryFerret/]: Initialize mod Library Ferret
[20Dec2025 21:37:37.238] [modloading-worker-0/INFO] [com.jtorleonstudios.libraryferret.LibraryFerret/]: Initialized mod Library Ferret
[20Dec2025 21:37:37.250] [modloading-worker-0/INFO] [Puzzles Lib/]: Constructing common components for stoneworks:main
[20Dec2025 21:37:37.339] [modloading-worker-0/INFO] [STDOUT/]: [com.tiviacz.travelersbackpack.TravelersBackpack:readOldCommonConfig:178]: curiosIntegration not found in the [common.backpackSettings] section.
[20Dec2025 21:37:37.397] [modloading-worker-0/INFO] [com.scouter.netherdepthsupgrade.modcompat.FarmersDelightCompat/]: Setting up compat for Farmers Delight
[20Dec2025 21:37:37.613] [modloading-worker-0/INFO] [snownee.kiwi.Kiwi/INIT]: Processing 6 KiwiModule annotations
[20Dec2025 21:37:37.663] [modloading-worker-0/INFO] [net.minecraftforge.common.ForgeMod/FORGEMOD]: Forge mod loading, version 47.3.7, for MC 1.20.1 with MCP 20230612.114412
[20Dec2025 21:37:37.664] [modloading-worker-0/INFO] [net.minecraftforge.common.MinecraftForge/FORGE]: MinecraftForge v47.3.7 Initialized
[20Dec2025 21:37:37.688] [modloading-worker-0/INFO] [Puzzles Lib/]: Constructing common components for cutthrough:main
[20Dec2025 21:37:37.841] [modloading-worker-0/INFO] [dev.architectury.networking.forge.NetworkManagerImpl/]: Registering C2S receiver with id farm_and_charm:set_text
[20Dec2025 21:37:37.931] [modloading-worker-0/INFO] [dev.architectury.networking.forge.NetworkManagerImpl/]: Registering C2S receiver with id candlelight:typewriter_sync
[20Dec2025 21:37:37.932] [modloading-worker-0/INFO] [dev.architectury.networking.forge.NetworkManagerImpl/]: Registering C2S receiver with id candlelight:sign_note
[20Dec2025 21:37:37.943] [modloading-worker-0/INFO] [dev.architectury.networking.forge.NetworkManagerImpl/]: Registering C2S receiver with id bakery:set_sign_text
[20Dec2025 21:37:37.995] [modloading-worker-0/INFO] [dev.architectury.networking.forge.NetworkManagerImpl/]: Registering C2S receiver with id brewery:alcohol_sync_request
[20Dec2025 21:37:37.996] [modloading-worker-0/INFO] [dev.architectury.networking.forge.NetworkManagerImpl/]: Registering C2S receiver with id brewery:drink_alcohol
[20Dec2025 21:37:37.996] [modloading-worker-0/INFO] [dev.architectury.networking.forge.NetworkManagerImpl/]: Registering C2S receiver with id brewery:set_sign_text
[20Dec2025 21:37:38.040] [modloading-worker-0/INFO] [Puzzles Lib/]: Constructing common components for magnumtorch:main
[20Dec2025 21:37:38.384] [modloading-worker-0/INFO] [quark/]: Initializing TerraBlender underground biome compat
[20Dec2025 21:37:38.406] [modloading-worker-0/INFO] [Puzzles Lib/]: Constructing common components for puzzleslib:main
[20Dec2025 21:37:38.452] [modloading-worker-0/INFO] [zeta/]: Doing super early config setup for zeta
[20Dec2025 21:37:38.496] [modloading-worker-0/WARN] [mixinsquared-annotation-adjuster/]: Modified mixin "dev.uncandango.alltheleaks.mixin.core.main.RecipeCrawlHandlerMixin". Check debug logs for more information.
[20Dec2025 21:37:38.498] [modloading-worker-0/WARN] [mixinsquared-annotation-adjuster/]: Modified mixin "dev.uncandango.alltheleaks.mixin.core.main.RecipeCrawlHandlerMixin". Check debug logs for more information.
[20Dec2025 21:37:38.500] [modloading-worker-0/WARN] [mixinsquared-annotation-adjuster/]: Modified mixin "dev.uncandango.alltheleaks.mixin.core.main.RecipeCrawlHandlerMixin". Check debug logs for more information.
[20Dec2025 21:37:38.694] [modloading-worker-0/INFO] [quark-zeta/]: Discovered 164 modules to load.
[20Dec2025 21:37:38.695] [modloading-worker-0/INFO] [quark-zeta/]: Constructing module Abacus...
[20Dec2025 21:37:38.701] [modloading-worker-0/INFO] [quark-zeta/]: Constructing module Adjustable Chat...
[20Dec2025 21:37:38.701] [modloading-worker-0/INFO] [quark-zeta/]: Constructing module Ambient Discs...
[20Dec2025 21:37:38.702] [modloading-worker-0/INFO] [quark-zeta/]: Constructing module Ancient Tomes...
[20Dec2025 21:37:38.704] [modloading-worker-0/INFO] [ModernFix/]: Bypassed Mojang DFU
[20Dec2025 21:37:38.704] [modloading-worker-0/INFO] [ModernFix/]: Instantiating Mojang DFU
[20Dec2025 21:37:38.708] [modloading-worker-0/INFO] [quark-zeta/]: Constructing module Ancient Wood...
[20Dec2025 21:37:38.720] [modloading-worker-0/INFO] [quark-zeta/]: Constructing module Armed Armor Stands...
[20Dec2025 21:37:38.721] [modloading-worker-0/INFO] [quark-zeta/]: Constructing module Auto Walk Keybind...
[20Dec2025 21:37:38.721] [modloading-worker-0/INFO] [quark-zeta/]: Constructing module Automatic Recipe Unlock...
[20Dec2025 21:37:38.722] [modloading-worker-0/INFO] [quark-zeta/]: Constructing module Automatic Tool Restock...
[20Dec2025 21:37:38.724] [modloading-worker-0/INFO] [quark-zeta/]: Constructing module Azalea Wood...
[20Dec2025 21:37:38.724] [modloading-worker-0/INFO] [quark-zeta/]: Constructing module Back Button Keybind...
[20Dec2025 21:37:38.725] [modloading-worker-0/INFO] [quark-zeta/]: Constructing module Backpack...
[20Dec2025 21:37:38.730] [modloading-worker-0/INFO] [quark-zeta/]: Constructing module Beacon Redirection...
[20Dec2025 21:37:38.731] [modloading-worker-0/INFO] [quark-zeta/]: Constructing module Better Elytra Rocket...
[20Dec2025 21:37:38.731] [modloading-worker-0/INFO] [quark-zeta/]: Constructing module Big Stone Clusters...
[20Dec2025 21:37:38.736] [modloading-worker-0/INFO] [quark-zeta/]: Constructing module Blossom Trees...
[20Dec2025 21:37:38.738] [modloading-worker-0/INFO] [quark-zeta/]: Constructing module Bottled Cloud...
[20Dec2025 21:37:38.740] [modloading-worker-0/INFO] [quark-zeta/]: Constructing module Buckets Show Inhabitants...
[20Dec2025 21:37:38.740] [modloading-worker-0/INFO] [quark-zeta/]: Constructing module Camera...
[20Dec2025 21:37:38.741] [modloading-worker-0/INFO] [quark-zeta/]: Constructing module Campfires Boost Elytra...
[20Dec2025 21:37:38.742] [modloading-worker-0/INFO] [quark-zeta/]: Constructing module Celebratory Lamps...
[20Dec2025 21:37:38.742] [modloading-worker-0/INFO] [quark-zeta/]: Constructing module Chains Connect Blocks...
[20Dec2025 21:37:38.743] [modloading-worker-0/INFO] [quark-zeta/]: Constructing module Chest Searching...
[20Dec2025 21:37:38.743] [modloading-worker-0/INFO] [quark-zeta/]: Constructing module Chorus Vegetation...
[20Dec2025 21:37:38.745] [modloading-worker-0/INFO] [quark-zeta/]: Constructing module Chute...
[20Dec2025 21:37:38.746] [modloading-worker-0/INFO] [quark-zeta/]: Constructing module Climate Control Remover...
[20Dec2025 21:37:38.747] [modloading-worker-0/INFO] [quark-zeta/]: Constructing module Color Runes...
[20Dec2025 21:37:38.749] [modloading-worker-0/INFO] [quark-zeta/]: Constructing module Compasses Work Everywhere...
[20Dec2025 21:37:38.750] [modloading-worker-0/INFO] [quark-zeta/]: Constructing module Compressed Blocks...
[20Dec2025 21:37:38.750] [modloading-worker-0/INFO] [quark-zeta/]: Constructing module Coral On Cactus...
[20Dec2025 21:37:38.751] [modloading-worker-0/INFO] [quark-zeta/]: Constructing module Corundum...
[20Dec2025 21:37:38.806] [modloading-worker-0/INFO] [quark-zeta/]: Constructing module Crabs...
[20Dec2025 21:37:38.808] [modloading-worker-0/INFO] [quark-zeta/]: Constructing module Crafter...
[20Dec2025 21:37:38.810] [modloading-worker-0/INFO] [quark-zeta/]: Constructing module Crate...
[20Dec2025 21:37:38.811] [modloading-worker-0/INFO] [quark-zeta/]: Constructing module Diamond Repair...
[20Dec2025 21:37:38.812] [modloading-worker-0/INFO] [quark-zeta/]: Constructing module Dispensers Place Blocks...
[20Dec2025 21:37:38.812] [modloading-worker-0/INFO] [quark-zeta/]: Constructing module Double Door Opening...
[20Dec2025 21:37:38.813] [modloading-worker-0/INFO] [quark-zeta/]: Constructing module Dragon Scales...
[20Dec2025 21:37:38.813] [modloading-worker-0/INFO] [quark-zeta/]: Constructing module Duskbound Blocks...
[20Dec2025 21:37:38.814] [modloading-worker-0/INFO] [quark-zeta/]: Constructing module Dyeable Item Frames...
[20Dec2025 21:37:38.815] [modloading-worker-0/INFO] [quark-zeta/]: Constructing module Easy Transfering...
[20Dec2025 21:37:38.816] [modloading-worker-0/INFO] [quark-zeta/]: Constructing module Elytra Indicator...
[20Dec2025 21:37:38.816] [modloading-worker-0/INFO] [quark-zeta/]: Constructing module Emotes...
[20Dec2025 21:37:38.816] [modloading-worker-0/INFO] [quark-zeta/]: Constructing module Enchantment Predicates...
[20Dec2025 21:37:38.816] [modloading-worker-0/INFO] [quark-zeta/]: Constructing module Enchantments Begone...
[20Dec2025 21:37:38.817] [modloading-worker-0/INFO] [quark-zeta/]: Constructing module Ender Watcher...
[20Dec2025 21:37:38.818] [modloading-worker-0/INFO] [quark-zeta/]: Constructing module Endermosh Music Disc...
[20Dec2025 21:37:38.819] [modloading-worker-0/INFO] [quark-zeta/]: Constructing module Enhanced Ladders...
[20Dec2025 21:37:38.820] [modloading-worker-0/INFO] [quark-zeta/]: Constructing module Expanded Item Interactions...
[20Dec2025 21:37:38.821] [modloading-worker-0/INFO] [quark-zeta/]: Constructing module Fairy Rings...
[20Dec2025 21:37:38.822] [modloading-worker-0/INFO] [quark-zeta/]: Constructing module Fallen Logs...
[20Dec2025 21:37:38.824] [modloading-worker-0/INFO] [quark-zeta/]: Constructing module Feeding Trough...
[20Dec2025 21:37:38.826] [modloading-worker-0/INFO] [quark-zeta/]: Constructing module Forgotten...
[20Dec2025 21:37:38.833] [modloading-worker-0/INFO] [quark-zeta/]: Constructing module Foxhound...
[20Dec2025 21:37:38.834] [modloading-worker-0/INFO] [quark-zeta/]: Constructing module Framed Glass...
[20Dec2025 21:37:38.834] [modloading-worker-0/INFO] [quark-zeta/]: Constructing module Game Nerfs...
[20Dec2025 21:37:38.835] [modloading-worker-0/INFO] [quark-zeta/]: Constructing module Glass Item Frame...
[20Dec2025 21:37:38.838] [modloading-worker-0/INFO] [quark-zeta/]: Constructing module Glass Shard...
[20Dec2025 21:37:38.839] [modloading-worker-0/INFO] [quark-zeta/]: Constructing module Glimmering Weald...
[20Dec2025 21:37:38.855] [modloading-worker-0/INFO] [quark-zeta/]: Constructing module Gold Bars...
[20Dec2025 21:37:38.855] [modloading-worker-0/INFO] [quark-zeta/]: Constructing module Gold Tools Have Fortune...
[20Dec2025 21:37:38.857] [modloading-worker-0/INFO] [quark-zeta/]: Constructing module Grab Chickens...
[20Dec2025 21:37:38.858] [modloading-worker-0/INFO] [quark-zeta/]: Constructing module Grate...
[20Dec2025 21:37:38.860] [modloading-worker-0/INFO] [quark-zeta/]: Constructing module Gravisand...
[20Dec2025 21:37:38.861] [modloading-worker-0/INFO] [quark-zeta/]: Constructing module Greener Grass...
[20Dec2025 21:37:38.864] [modloading-worker-0/INFO] [quark-zeta/]: Constructing module Hedges...
[20Dec2025 21:37:38.865] [modloading-worker-0/INFO] [quark-zeta/]: Constructing module Hoe Harvesting...
[20Dec2025 21:37:38.866] [modloading-worker-0/INFO] [quark-zeta/]: Constructing module Hollow Logs...
[20Dec2025 21:37:38.867] [modloading-worker-0/INFO] [quark-zeta/]: Constructing module Horses Swim...
[20Dec2025 21:37:38.867] [modloading-worker-0/INFO] [quark-zeta/]: Constructing module Hotbar Changer...
[20Dec2025 21:37:38.868] [modloading-worker-0/INFO] [quark-zeta/]: Constructing module Improved Sponges...
[20Dec2025 21:37:38.870] [modloading-worker-0/INFO] [quark-zeta/]: Constructing module Improved Tooltips...
[20Dec2025 21:37:38.871] [modloading-worker-0/INFO] [quark-zeta/]: Constructing module Industrial Palette...
[20Dec2025 21:37:38.872] [modloading-worker-0/INFO] [quark-zeta/]: Constructing module Inventory Sorting...
[20Dec2025 21:37:38.873] [modloading-worker-0/INFO] [quark-zeta/]: Constructing module Iron Rod...
[20Dec2025 21:37:38.882] [modloading-worker-0/INFO] [quark-zeta/]: Constructing module Item Sharing...
[20Dec2025 21:37:38.885] [modloading-worker-0/INFO] [quark-zeta/]: Constructing module Japanese Palette...
[20Dec2025 21:37:38.885] [modloading-worker-0/INFO] [quark-zeta/]: Constructing module Leaf Carpet...
[20Dec2025 21:37:38.886] [modloading-worker-0/INFO] [quark-zeta/]: Constructing module Lock Rotation...
[20Dec2025 21:37:38.886] [modloading-worker-0/INFO] [quark-zeta/]: Constructing module Long Range Pick Block...
[20Dec2025 21:37:38.886] [modloading-worker-0/INFO] [quark-zeta/]: Constructing module Magma Keeps Concrete Powder...
[20Dec2025 21:37:38.887] [modloading-worker-0/INFO] [quark-zeta/]: Constructing module Magnets...
[20Dec2025 21:37:38.889] [modloading-worker-0/INFO] [quark-zeta/]: Constructing module Map Washing...
[20Dec2025 21:37:38.890] [modloading-worker-0/INFO] [quark-zeta/]: Constructing module Matrix Enchanting...
[20Dec2025 21:37:38.896] [modloading-worker-0/INFO] [quark-zeta/]: Constructing module Metal Buttons...
[20Dec2025 21:37:38.896] [modloading-worker-0/INFO] [quark-zeta/]: Constructing module Microcrafting Helper...
[20Dec2025 21:37:38.897] [modloading-worker-0/INFO] [quark-zeta/]: Constructing module Midori...
[20Dec2025 21:37:38.897] [modloading-worker-0/INFO] [quark-zeta/]: Constructing module Monster Box...
[20Dec2025 21:37:38.897] [modloading-worker-0/INFO] [quark-zeta/]: Constructing module More Banner Layers...
[20Dec2025 21:37:38.898] [modloading-worker-0/INFO] [quark-zeta/]: Constructing module More Brick Types...
[20Dec2025 21:37:38.898] [modloading-worker-0/INFO] [quark-zeta/]: Constructing module More Mud Blocks...
[20Dec2025 21:37:38.898] [modloading-worker-0/INFO] [quark-zeta/]: Constructing module More Note Block Sounds...
[20Dec2025 21:37:38.899] [modloading-worker-0/INFO] [quark-zeta/]: Constructing module More Potted Plants...
[20Dec2025 21:37:38.899] [modloading-worker-0/INFO] [quark-zeta/]: Constructing module More Villagers...
[20Dec2025 21:37:38.899] [modloading-worker-0/INFO] [quark-zeta/]: Constructing module Narrator Readout...
[20Dec2025 21:37:38.900] [modloading-worker-0/INFO] [quark-zeta/]: Constructing module Nether Brick Fence Gate...
[20Dec2025 21:37:38.900] [modloading-worker-0/INFO] [quark-zeta/]: Constructing module Nether Obsidian Spikes...
[20Dec2025 21:37:38.901] [modloading-worker-0/INFO] [quark-zeta/]: Constructing module New Stone Types...
[20Dec2025 21:37:38.903] [modloading-worker-0/INFO] [quark-zeta/]: Constructing module No Durability On Cosmetics...
[20Dec2025 21:37:38.903] [modloading-worker-0/INFO] [quark-zeta/]: Constructing module No More Lava Pockets...
[20Dec2025 21:37:38.903] [modloading-worker-0/INFO] [quark-zeta/]: Constructing module Obsidian Plate...
[20Dec2025 21:37:38.904] [modloading-worker-0/INFO] [quark-zeta/]: Constructing module Overlay Shader...
[20Dec2025 21:37:38.904] [modloading-worker-0/INFO] [quark-zeta/]: Constructing module Parrot Eggs...
[20Dec2025 21:37:38.904] [modloading-worker-0/INFO] [quark-zeta/]: Constructing module Pat The Dogs...
[20Dec2025 21:37:38.906] [modloading-worker-0/INFO] [quark-zeta/]: Constructing module Pathfinder Maps...
[20Dec2025 21:37:38.910] [modloading-worker-0/INFO] [quark-zeta/]: Constructing module Permafrost...
[20Dec2025 21:37:38.911] [modloading-worker-0/INFO] [quark-zeta/]: Constructing module Petals On Water...
[20Dec2025 21:37:38.912] [modloading-worker-0/INFO] [quark-zeta/]: Constructing module Pickarang...
[20Dec2025 21:37:38.914] [modloading-worker-0/INFO] [quark-zeta/]: Constructing module Pig Litters...
[20Dec2025 21:37:38.915] [modloading-worker-0/INFO] [quark-zeta/]: Constructing module Pipes...
[20Dec2025 21:37:38.920] [modloading-worker-0/INFO] [quark-zeta/]: Constructing module Pistons Move Tile Entities...
[20Dec2025 21:37:38.922] [modloading-worker-0/INFO] [quark-zeta/]: Constructing module Poison Potato Usage...
[20Dec2025 21:37:38.922] [modloading-worker-0/INFO] [quark-zeta/]: Constructing module Quick Armor Swapping...
[20Dec2025 21:37:38.923] [modloading-worker-0/INFO] [quark-zeta/]: Constructing module Rainbow Lamps...
[20Dec2025 21:37:38.923] [modloading-worker-0/INFO] [quark-zeta/]: Constructing module Raw Metal Bricks...
[20Dec2025 21:37:38.924] [modloading-worker-0/INFO] [quark-zeta/]: Constructing module Reacharound Placing...
[20Dec2025 21:37:38.925] [modloading-worker-0/INFO] [quark-zeta/]: Constructing module Redstone Randomizer...
[20Dec2025 21:37:38.926] [modloading-worker-0/INFO] [quark-zeta/]: Constructing module Renewable Spore Blossoms...
[20Dec2025 21:37:38.926] [modloading-worker-0/INFO] [quark-zeta/]: Constructing module Replace Scaffolding...
[20Dec2025 21:37:38.927] [modloading-worker-0/INFO] [quark-zeta/]: Constructing module Rope...
[20Dec2025 21:37:38.929] [modloading-worker-0/INFO] [quark-zeta/]: Constructing module Safer Creatures...
[20Dec2025 21:37:38.929] [modloading-worker-0/INFO] [quark-zeta/]: Constructing module Seed Pouch...
[20Dec2025 21:37:38.931] [modloading-worker-0/INFO] [quark-zeta/]: Constructing module Shear Vines...
[20Dec2025 21:37:38.944] [modloading-worker-0/INFO] [quark-zeta/]: Constructing module Shiba...
[20Dec2025 21:37:38.945] [modloading-worker-0/INFO] [quark-zeta/]: Constructing module Shingles...
[20Dec2025 21:37:38.945] [modloading-worker-0/INFO] [quark-zeta/]: Constructing module Shulker Packing...
[20Dec2025 21:37:38.945] [modloading-worker-0/INFO] [quark-zeta/]: Constructing module Simple Harvest...
[20Dec2025 21:37:38.949] [modloading-worker-0/INFO] [quark-zeta/]: Constructing module Skull Pikes...
[20Dec2025 21:37:38.953] [modloading-worker-0/INFO] [quark-zeta/]: Constructing module Slabs To Blocks...
[20Dec2025 21:37:38.954] [modloading-worker-0/INFO] [quark-zeta/]: Constructing module Slime In A Bucket...
[20Dec2025 21:37:38.955] [modloading-worker-0/INFO] [quark-zeta/]: Constructing module Slimes To Magma Cubes...
[20Dec2025 21:37:38.956] [modloading-worker-0/INFO] [quark-zeta/]: Constructing module Snow Golem Player Heads...
[20Dec2025 21:37:38.957] [modloading-worker-0/INFO] [quark-zeta/]: Constructing module Soul Candles...
[20Dec2025 21:37:38.957] [modloading-worker-0/INFO] [quark-zeta/]: Constructing module Soul Sandstone...
[20Dec2025 21:37:38.958] [modloading-worker-0/INFO] [quark-zeta/]: Constructing module Spawner Replacer...
[20Dec2025 21:37:38.958] [modloading-worker-0/INFO] [quark-zeta/]: Constructing module Spiral Spires...
[20Dec2025 21:37:38.962] [modloading-worker-0/INFO] [quark-zeta/]: Constructing module Stonelings...
[20Dec2025 21:37:38.964] [modloading-worker-0/INFO] [quark-zeta/]: Constructing module Stools...
[20Dec2025 21:37:38.965] [modloading-worker-0/INFO] [quark-zeta/]: Constructing module Sturdy Stone...
[20Dec2025 21:37:38.967] [modloading-worker-0/INFO] [quark-zeta/]: Constructing module Thatch...
[20Dec2025 21:37:38.968] [modloading-worker-0/INFO] [quark-zeta/]: Constructing module Tiny Potato...
[20Dec2025 21:37:38.972] [modloading-worker-0/INFO] [quark-zeta/]: Constructing module Torch Arrow...
[20Dec2025 21:37:38.976] [modloading-worker-0/INFO] [quark-zeta/]: Constructing module Toretoise...
[20Dec2025 21:37:38.980] [modloading-worker-0/INFO] [quark-zeta/]: Constructing module Totem Of Holding...
[20Dec2025 21:37:38.981] [modloading-worker-0/INFO] [quark-zeta/]: Constructing module Trowel...
[20Dec2025 21:37:38.982] [modloading-worker-0/INFO] [quark-zeta/]: Constructing module Usage Ticker...
[20Dec2025 21:37:38.983] [modloading-worker-0/INFO] [quark-zeta/]: Constructing module Uses For Curses...
[20Dec2025 21:37:38.984] [modloading-worker-0/INFO] [quark-zeta/]: Constructing module Utility Recipes...
[20Dec2025 21:37:38.984] [modloading-worker-0/INFO] [quark-zeta/]: Constructing module Variant Animal Textures...
[20Dec2025 21:37:38.985] [modloading-worker-0/INFO] [quark-zeta/]: Constructing module Variant Bookshelves...
[20Dec2025 21:37:38.985] [modloading-worker-0/INFO] [quark-zeta/]: Constructing module Variant Chests...
[20Dec2025 21:37:38.997] [modloading-worker-0/INFO] [quark-zeta/]: Constructing module Variant Furnaces...
[20Dec2025 21:37:39.004] [modloading-worker-0/INFO] [quark-zeta/]: Constructing module Variant Ladders...
[20Dec2025 21:37:39.005] [modloading-worker-0/INFO] [quark-zeta/]: Constructing module Variant Selector...
[20Dec2025 21:37:39.011] [modloading-worker-0/INFO] [quark-zeta/]: Constructing module Vertical Planks...
[20Dec2025 21:37:39.011] [modloading-worker-0/INFO] [quark-zeta/]: Constructing module Vertical Slabs...
[20Dec2025 21:37:39.030] [modloading-worker-0/INFO] [quark-zeta/]: Constructing module Vexes Die With Their Masters...
[20Dec2025 21:37:39.031] [modloading-worker-0/INFO] [quark-zeta/]: Constructing module Villager Rerolling Rework...
[20Dec2025 21:37:39.034] [modloading-worker-0/INFO] [quark-zeta/]: Constructing module Villagers Follow Emeralds...
[20Dec2025 21:37:39.035] [modloading-worker-0/INFO] [quark-zeta/]: Constructing module Wooden Posts...
[20Dec2025 21:37:39.036] [modloading-worker-0/INFO] [quark-zeta/]: Constructing module Wool Shuts Up Minecarts...
[20Dec2025 21:37:39.037] [modloading-worker-0/INFO] [quark-zeta/]: Constructing module Wraith...
[20Dec2025 21:37:39.040] [modloading-worker-0/INFO] [quark-zeta/]: Constructing module Zombie Villagers On Normal...
[20Dec2025 21:37:39.040] [modloading-worker-0/INFO] [quark-zeta/]: Constructing module More Stone Variants...
[20Dec2025 21:37:39.041] [modloading-worker-0/INFO] [quark-zeta/]: Constructed 164 modules.
[20Dec2025 21:37:39.208] [modloading-worker-0/INFO] [quark-zeta/]: Doing super early config setup for quark
[20Dec2025 21:37:39.649] [main/INFO] [net.minecraft.resources.RegistryDataLoader/]: Capturing existing worldgen registries
[20Dec2025 21:37:39.651] [main/INFO] [net.minecraft.resources.RegistryDataLoader/]: Found 2 injected RegistryDataLoader worldgen registries
[20Dec2025 21:37:40.429] [main/INFO] [snownee.kiwi.Kiwi/INIT]: Module [snowrealmagic:core] initialized
[20Dec2025 21:37:40.431] [main/INFO] [snownee.kiwi.Kiwi/INIT]: 		block: 7, block_entity_type: 2, entity_type: 1, loot_pool_entry_type: 1
[20Dec2025 21:37:40.431] [main/INFO] [snownee.kiwi.Kiwi/INIT]: Module [kiwi:block_templates] initialized
[20Dec2025 21:37:40.431] [main/INFO] [snownee.kiwi.Kiwi/INIT]: Module [kiwi:block_components] initialized
[20Dec2025 21:37:40.432] [main/INFO] [snownee.kiwi.Kiwi/INIT]: Module [kiwi:data] initialized
[20Dec2025 21:37:40.432] [main/INFO] [snownee.kiwi.Kiwi/INIT]: 		recipe_serializer: 3
[20Dec2025 21:37:40.432] [main/INFO] [snownee.kiwi.Kiwi/INIT]: Module [kiwi:item_templates] initialized
[20Dec2025 21:37:40.639] [main/WARN] [net.minecraftforge.registries.ForgeRegistry/REGISTRIES]: Registry minecraft:sound_event: The object net.minecraft.sounds.SoundEvent@61c613f9 has been registered twice for the same name treechop:chop_wood.
[20Dec2025 21:37:42.590] [main/WARN] [dev.architectury.registry.registries.forge.RegistrarManagerImpl/]: Registry entry listened Registry Entry [minecraft:entity_type / vinery:wandering_winemaker] was not realized!
[20Dec2025 21:37:42.590] [main/WARN] [dev.architectury.registry.registries.forge.RegistrarManagerImpl/]: Registry entry listened Registry Entry [minecraft:entity_type / vinery:mule] was not realized!
[20Dec2025 21:37:42.590] [main/WARN] [dev.architectury.registry.registries.forge.RegistrarManagerImpl/]: Registry entry listened Registry Entry [minecraft:entity_type / brewery:beer_elemental] was not realized!
[20Dec2025 21:37:42.592] [main/WARN] [dev.architectury.registry.registries.forge.RegistrarManagerImpl/]: Registry entry listened Registry Entry [minecraft:entity_type / vinery:wandering_winemaker] was not realized!
[20Dec2025 21:37:42.592] [main/WARN] [dev.architectury.registry.registries.forge.RegistrarManagerImpl/]: Registry entry listened Registry Entry [minecraft:entity_type / vinery:mule] was not realized!
[20Dec2025 21:37:42.592] [main/WARN] [dev.architectury.registry.registries.forge.RegistrarManagerImpl/]: Registry entry listened Registry Entry [minecraft:entity_type / brewery:beer_elemental] was not realized!
[20Dec2025 21:37:42.596] [main/WARN] [dev.architectury.registry.registries.forge.RegistrarManagerImpl/]: Registry entry listened Registry Entry [minecraft:entity_type / brewery:beer_elemental] was not realized!
[20Dec2025 21:37:42.596] [main/WARN] [dev.architectury.registry.registries.forge.RegistrarManagerImpl/]: Registry entry listened Registry Entry [minecraft:entity_type / brewery:beer_elemental] was not realized!
[20Dec2025 21:37:42.598] [main/WARN] [dev.architectury.registry.registries.forge.RegistrarManagerImpl/]: Registry entry listened Registry Entry [minecraft:entity_type / brewery:beer_elemental] was not realized!
[20Dec2025 21:37:42.626] [main/WARN] [dev.architectury.registry.registries.forge.RegistrarManagerImpl/]: Registry entry listened Registry Entry [minecraft:entity_type / brewery:beer_elemental] was not realized!
[20Dec2025 21:37:42.626] [main/WARN] [dev.architectury.registry.registries.forge.RegistrarManagerImpl/]: Registry entry listened Registry Entry [minecraft:entity_type / brewery:beer_elemental] was not realized!
[20Dec2025 21:37:42.626] [main/WARN] [dev.architectury.registry.registries.forge.RegistrarManagerImpl/]: Registry entry listened Registry Entry [minecraft:entity_type / brewery:beer_elemental] was not realized!
[20Dec2025 21:37:42.946] [main/WARN] [net.minecraftforge.registries.ForgeRegistry/REGISTRIES]: Registry forge:global_loot_modifier_serializers: The object RecordCodec[UnitDecoder[vectorwing.farmersdelight.common.loot.modifier.AddItemModifier$$Lambda$14689/0x00007de385cc7d20@1e2904f2] * Field[conditions: passthrough[flatXmapped]] * Field[item: net.minecraftforge.registries.ForgeRegistry$RegistryCodec@64cf82bc] * OptionalFieldCodec[count: Int][xmapped]] has been registered twice for the same name farmersdelight:add_item.
[20Dec2025 21:37:42.946] [main/WARN] [net.minecraftforge.registries.ForgeRegistry/REGISTRIES]: Registry forge:global_loot_modifier_serializers: The object RecordCodec[UnitDecoder[vectorwing.farmersdelight.common.loot.modifier.ReplaceItemModifier$$Lambda$14694/0x00007de385cc5900@22e2630c] * Field[conditions: passthrough[flatXmapped]] * Field[removed_item: net.minecraftforge.registries.ForgeRegistry$RegistryCodec@64cf82bc] * Field[added_item: net.minecraftforge.registries.ForgeRegistry$RegistryCodec@64cf82bc] * OptionalFieldCodec[count: Int][xmapped]] has been registered twice for the same name farmersdelight:replace_item.
[20Dec2025 21:37:42.946] [main/WARN] [net.minecraftforge.registries.ForgeRegistry/REGISTRIES]: Registry forge:global_loot_modifier_serializers: The object RecordCodec[UnitDecoder[vectorwing.farmersdelight.common.loot.modifier.AddLootTableModifier$$Lambda$14697/0x00007de385cc4800@52f48ec5] * Field[conditions: passthrough[flatXmapped]] * Field[lootTable: String[comapFlatMapped]]] has been registered twice for the same name farmersdelight:add_loot_table.
[20Dec2025 21:37:42.946] [main/WARN] [net.minecraftforge.registries.ForgeRegistry/REGISTRIES]: Registry forge:global_loot_modifier_serializers: The object RecordCodec[UnitDecoder[vectorwing.farmersdelight.common.loot.modifier.PastrySlicingModifier$$Lambda$14700/0x00007de385cc4400@42c0efd] * Field[conditions: passthrough[flatXmapped]] * Field[slice: net.minecraftforge.registries.ForgeRegistry$RegistryCodec@64cf82bc]] has been registered twice for the same name farmersdelight:pastry_slicing.
[20Dec2025 21:37:43.264] [main/WARN] [net.minecraftforge.common.ForgeConfigSpec/CORE]: Configuration file /workspaces/SERVER-1/servidor_minecraft/config/guardvillagers-common.toml is not correct. Correcting
[20Dec2025 21:37:43.401] [main/INFO] [Puzzles Lib/]: Loading common config for stoneworks
[20Dec2025 21:37:43.593] [modloading-worker-0/INFO] [com.structureessentials.StructureEssentials/]: structureessentials mod initialized
[20Dec2025 21:37:43.624] [modloading-worker-0/INFO] [terrablender/]: Registered region minecraft:overworld to index 0 for type OVERWORLD
[20Dec2025 21:37:43.625] [modloading-worker-0/INFO] [terrablender/]: Registered region minecraft:nether to index 0 for type NETHER
[20Dec2025 21:37:43.625] [modloading-worker-0/INFO] [terrablender/]: Registered region vanillabackport:overworld to index 1 for type OVERWORLD
[20Dec2025 21:37:43.664] [modloading-worker-0/INFO] [voicechat/]: [voicechat] Compatibility version 18
[20Dec2025 21:37:43.662] [Forge Version Check/INFO] [net.minecraftforge.fml.VersionChecker/]: [horseexpert] Starting version check at https://raw.githubusercontent.com/Fuzss/modresources/main/update/horseexpert.json
[20Dec2025 21:37:43.673] [Thread-1/INFO] [ModernFix/]: Please use /mfsrc to reload any changed mod config files
[20Dec2025 21:37:43.731] [Forge Version Check/INFO] [net.minecraftforge.fml.VersionChecker/]: [horseexpert] Found status: UP_TO_DATE Current: 8.1.1 Target: null
[20Dec2025 21:37:43.731] [Forge Version Check/INFO] [net.minecraftforge.fml.VersionChecker/]: [prism] Starting version check at https://mc-update-check.anthonyhilyard.com/638111
[20Dec2025 21:37:43.746] [modloading-worker-0/INFO] [voicechat/]: [voicechat] Loading plugins
[20Dec2025 21:37:43.752] [modloading-worker-0/INFO] [voicechat/]: [voicechat] Loaded 0 plugin(s)
[20Dec2025 21:37:43.753] [modloading-worker-0/INFO] [voicechat/]: [voicechat] Initializing plugins
[20Dec2025 21:37:43.753] [modloading-worker-0/INFO] [voicechat/]: [voicechat] Initialized 0 plugin(s)
[20Dec2025 21:37:43.792] [main/INFO] [ribbits/]: Registering Ribbit umbrella types...
[20Dec2025 21:37:43.792] [main/INFO] [ribbits/]: Registering Ribbit professions...
[20Dec2025 21:37:43.792] [main/INFO] [ribbits/]: Registering Ribbit instruments...
[20Dec2025 21:37:43.793] [main/INFO] [ribbits/]: Registering Ribbit data serializers...
[20Dec2025 21:37:43.830] [main/INFO] [terrablender/]: Registered region yungscavebiomes:overworld to index 2 for type OVERWORLD
[20Dec2025 21:37:43.848] [main/INFO] [com.tiviacz.travelersbackpack.TravelersBackpack/]: Registered the FluidEffect with Unique ID of minecraft:water for Water (Fluid Amount Required: 1000) with the ID 0
[20Dec2025 21:37:43.849] [main/INFO] [com.tiviacz.travelersbackpack.TravelersBackpack/]: Registered the FluidEffect with Unique ID of minecraft:lava for Lava (Fluid Amount Required: 1000) with the ID 1
[20Dec2025 21:37:43.849] [main/INFO] [com.tiviacz.travelersbackpack.TravelersBackpack/]: Registered the FluidEffect with Unique ID of travelersbackpack:potion for Uncraftable Potion (Fluid Amount Required: 250) with the ID 2
[20Dec2025 21:37:43.849] [main/INFO] [com.tiviacz.travelersbackpack.TravelersBackpack/]: Registered the FluidEffect with Unique ID of minecraft:milk for Milk (Fluid Amount Required: 1000) with the ID 3
[20Dec2025 21:37:43.852] [main/INFO] [terrablender/]: Registered region regions_unexplored:primary to index 3 for type OVERWORLD
[20Dec2025 21:37:43.852] [main/INFO] [terrablender/]: Registered region regions_unexplored:secondary to index 4 for type OVERWORLD
[20Dec2025 21:37:43.852] [main/INFO] [terrablender/]: Registered region regions_unexplored:nether to index 1 for type NETHER
[20Dec2025 21:37:43.876] [Forge Version Check/INFO] [net.minecraftforge.fml.VersionChecker/]: [prism] Found status: UP_TO_DATE Current: 1.0.5 Target: null
[20Dec2025 21:37:43.877] [Forge Version Check/INFO] [net.minecraftforge.fml.VersionChecker/]: [guardvillagers] Starting version check at https://raw.githubusercontent.com/seymourimadeit/guardvillagers/master/update.json
[20Dec2025 21:37:43.887] [main/INFO] [zeta/]: Common setup: Performing initial refresh of zeta's config on thread 'main'
[20Dec2025 21:37:43.887] [main/INFO] [zeta/]: 'zeta' is enabling Zeta's piston structure resolver.
[20Dec2025 21:37:43.888] [main/INFO] [zeta/]: Waiting for server start before accepting filewatcher changes to zeta's config
[20Dec2025 21:37:43.889] [main/INFO] [terrablender/]: Registered region quark:biome_provider to index 5 for type OVERWORLD
[20Dec2025 21:37:43.890] [main/INFO] [quark-zeta/]: Common setup: Performing initial refresh of quark's config on thread 'main'
[20Dec2025 21:37:43.891] [Forge Version Check/INFO] [net.minecraftforge.fml.VersionChecker/]: [guardvillagers] Found status: BETA Current: 1.20.1-1.6.11 Target: 1.20-1.6.5
[20Dec2025 21:37:43.892] [Forge Version Check/INFO] [net.minecraftforge.fml.VersionChecker/]: [pickupnotifier] Starting version check at https://raw.githubusercontent.com/Fuzss/modresources/main/update/pickupnotifier.json
[20Dec2025 21:37:43.897] [Forge Version Check/INFO] [net.minecraftforge.fml.VersionChecker/]: [pickupnotifier] Found status: UP_TO_DATE Current: 8.0.0 Target: null
[20Dec2025 21:37:43.897] [Forge Version Check/INFO] [net.minecraftforge.fml.VersionChecker/]: [corpse] Starting version check at https://update.maxhenkel.de/forge/corpse
[20Dec2025 21:37:43.907] [main/INFO] [quark-zeta/]: Waiting for server start before accepting filewatcher changes to quark's config
[20Dec2025 21:37:44.363] [main/INFO] [citadel/]: adding citadel surface rules via terrablender...
[20Dec2025 21:37:44.365] [main/INFO] [citadel/]: Added 0 vanilla biome surface rule types via terrablender
[20Dec2025 21:37:44.365] [main/INFO] [citadel/]: Added 0 modded biome surface rule types via terrablender
[20Dec2025 21:37:44.395] [Forge Version Check/INFO] [net.minecraftforge.fml.VersionChecker/]: [corpse] Found status: OUTDATED Current: 1.20.1-1.0.21 Target: 1.20.1-1.0.23
[20Dec2025 21:37:44.396] [Forge Version Check/INFO] [net.minecraftforge.fml.VersionChecker/]: [advancementplaques] Starting version check at https://mc-update-check.anthonyhilyard.com/499826
[20Dec2025 21:37:44.420] [Forge Version Check/INFO] [net.minecraftforge.fml.VersionChecker/]: [advancementplaques] Found status: UP_TO_DATE Current: 1.6.9 Target: null
[20Dec2025 21:37:44.421] [Forge Version Check/INFO] [net.minecraftforge.fml.VersionChecker/]: [tinyskeletons] Starting version check at https://raw.githubusercontent.com/Fuzss/modresources/main/update/tinyskeletons.json
[20Dec2025 21:37:44.427] [Forge Version Check/INFO] [net.minecraftforge.fml.VersionChecker/]: [tinyskeletons] Found status: UP_TO_DATE Current: 8.0.1 Target: null
[20Dec2025 21:37:44.427] [Forge Version Check/INFO] [net.minecraftforge.fml.VersionChecker/]: [camera] Starting version check at https://update.maxhenkel.de/forge/camera
[20Dec2025 21:37:44.523] [Forge Version Check/INFO] [net.minecraftforge.fml.VersionChecker/]: [camera] Found status: AHEAD Current: 1.20.1-1.0.20 Target: null
[20Dec2025 21:37:44.523] [Forge Version Check/INFO] [net.minecraftforge.fml.VersionChecker/]: [universalbonemeal] Starting version check at https://raw.githubusercontent.com/Fuzss/modresources/main/update/universalbonemeal.json
[20Dec2025 21:37:44.529] [Forge Version Check/INFO] [net.minecraftforge.fml.VersionChecker/]: [universalbonemeal] Found status: UP_TO_DATE Current: 8.0.1 Target: null
[20Dec2025 21:37:44.529] [Forge Version Check/INFO] [net.minecraftforge.fml.VersionChecker/]: [stoneworks] Starting version check at https://raw.githubusercontent.com/Fuzss/modresources/main/update/stoneworks.json
[20Dec2025 21:37:44.534] [Forge Version Check/INFO] [net.minecraftforge.fml.VersionChecker/]: [stoneworks] Found status: UP_TO_DATE Current: 8.0.0 Target: null
[20Dec2025 21:37:44.534] [Forge Version Check/INFO] [net.minecraftforge.fml.VersionChecker/]: [travelersbackpack] Starting version check at https://gist.githubusercontent.com/Tiviacz1337/906937677aa472285dff9d6c2a189d5e/raw
[20Dec2025 21:37:44.618] [Forge Version Check/INFO] [net.minecraftforge.fml.VersionChecker/]: [travelersbackpack] Found status: AHEAD Current: 9.1.40 Target: null
[20Dec2025 21:37:44.618] [Forge Version Check/INFO] [net.minecraftforge.fml.VersionChecker/]: [puzzlesaccessapi] Starting version check at https://raw.githubusercontent.com/Fuzss/modresources/main/update/puzzlesaccessapi.json
[20Dec2025 21:37:44.628] [Forge Version Check/INFO] [net.minecraftforge.fml.VersionChecker/]: [puzzlesaccessapi] Found status: BETA Current: 20.1.1 Target: null
[20Dec2025 21:37:44.628] [Forge Version Check/INFO] [net.minecraftforge.fml.VersionChecker/]: [forge] Starting version check at https://files.minecraftforge.net/net/minecraftforge/forge/promotions_slim.json
[20Dec2025 21:37:44.802] [Forge Version Check/INFO] [net.minecraftforge.fml.VersionChecker/]: [forge] Found status: OUTDATED Current: 47.3.7 Target: 47.4.10
[20Dec2025 21:37:44.803] [Forge Version Check/INFO] [net.minecraftforge.fml.VersionChecker/]: [cutthrough] Starting version check at https://raw.githubusercontent.com/Fuzss/modresources/main/update/cutthrough.json
[20Dec2025 21:37:44.807] [Forge Version Check/INFO] [net.minecraftforge.fml.VersionChecker/]: [cutthrough] Found status: UP_TO_DATE Current: 8.0.2 Target: null
[20Dec2025 21:37:44.808] [Forge Version Check/INFO] [net.minecraftforge.fml.VersionChecker/]: [voicechat] Starting version check at https://update.maxhenkel.de/forge/voicechat
[20Dec2025 21:37:44.906] [Forge Version Check/INFO] [net.minecraftforge.fml.VersionChecker/]: [voicechat] Found status: OUTDATED Current: 1.20.1-2.5.35 Target: 1.20.1-2.6.6
[20Dec2025 21:37:44.906] [Forge Version Check/INFO] [net.minecraftforge.fml.VersionChecker/]: [magnumtorch] Starting version check at https://raw.githubusercontent.com/Fuzss/modresources/main/update/magnumtorch.json
[20Dec2025 21:37:44.910] [Forge Version Check/INFO] [net.minecraftforge.fml.VersionChecker/]: [magnumtorch] Found status: UP_TO_DATE Current: 8.0.2 Target: null
[20Dec2025 21:37:44.911] [Forge Version Check/INFO] [net.minecraftforge.fml.VersionChecker/]: [iceberg] Starting version check at https://mc-update-check.anthonyhilyard.com/520110
[20Dec2025 21:37:44.933] [Forge Version Check/INFO] [net.minecraftforge.fml.VersionChecker/]: [iceberg] Found status: UP_TO_DATE Current: 1.1.25 Target: null
[20Dec2025 21:37:44.933] [Forge Version Check/INFO] [net.minecraftforge.fml.VersionChecker/]: [crittersandcompanions] Starting version check at https://api.modrinth.com/updates/critters-and-companions/forge_updates.json
[20Dec2025 21:37:45.009] [Forge Version Check/INFO] [net.minecraftforge.fml.VersionChecker/]: [crittersandcompanions] Found status: OUTDATED Current: 1.20.1-2.3.1 Target: 1.20.1-2.3.5
[20Dec2025 21:37:45.010] [Forge Version Check/INFO] [net.minecraftforge.fml.VersionChecker/]: [puzzleslib] Starting version check at https://raw.githubusercontent.com/Fuzss/modresources/main/update/puzzleslib.json
[20Dec2025 21:37:45.015] [Forge Version Check/INFO] [net.minecraftforge.fml.VersionChecker/]: [puzzleslib] Found status: OUTDATED Current: 8.1.32 Target: 8.1.33
[20Dec2025 21:37:45.015] [Forge Version Check/INFO] [net.minecraftforge.fml.VersionChecker/]: [delightful] Starting version check at https://raw.githubusercontent.com/brnbrd/Delightful/1.20.1/update/update.json
[20Dec2025 21:37:45.019] [Forge Version Check/INFO] [net.minecraftforge.fml.VersionChecker/]: [delightful] Found status: OUTDATED Current: 3.7.4 Target: 3.7.6
[20Dec2025 21:37:45.377] [main/INFO] [com.mojang.authlib.yggdrasil.YggdrasilAuthenticationService/]: Environment: authHost='https://authserver.mojang.com', accountsHost='https://api.mojang.com', sessionHost='https://sessionserver.mojang.com', servicesHost='https://api.minecraftservices.com', name='PROD'
[20Dec2025 21:37:45.830] [main/INFO] [org.betterx.worlds.together.util.Logger/]: [DataFixerAPI] Applying Patch{betternether:5.3.5:21020677}
[20Dec2025 21:37:45.831] [main/INFO] [org.betterx.worlds.together.util.Logger/]: [DataFixerAPI] Applying Patch{betternether:8.2.2:33587202}
[20Dec2025 21:37:45.831] [main/INFO] [org.betterx.worlds.together.util.Logger/]: [DataFixerAPI] Applying Patch{betternether:9.0.1:37748737}
[20Dec2025 21:37:45.831] [main/INFO] [org.betterx.worlds.together.util.Logger/]: [DataFixerAPI] Applying Patch{bclib:3.0.11:12582923}
[20Dec2025 21:37:45.831] [main/INFO] [org.betterx.worlds.together.util.Logger/]: [bclib] Running Pre Patchers on ./world/.
[20Dec2025 21:37:45.840] [main/WARN] [org.betterx.worlds.together.util.Logger/]: [bclib] Applying Fixes on Level
[20Dec2025 21:37:45.841] [main/INFO] [org.betterx.worlds.together.util.Logger/]: [bclib] Patcher Stage... message.bclib.datafixer.progress.reading%
[20Dec2025 21:37:45.846] [main/INFO] [org.betterx.worlds.together.util.Logger/]: [bclib] Patcher Stage... message.bclib.datafixer.progress.players%
[20Dec2025 21:37:45.849] [main/INFO] [org.betterx.worlds.together.util.Logger/]: [DataFixerAPI] Inspecting ./world/./playerdata/7bb67446-125c-3e33-ae50-53bd93d531f0.dat
[20Dec2025 21:37:45.849] [ForkJoinPool.commonPool-worker-1/INFO] [org.betterx.worlds.together.util.Logger/]: [DataFixerAPI] Inspecting ./world/./playerdata/a57abe19-66f3-38c8-ad8c-1abe9767e521.dat
[20Dec2025 21:37:45.850] [ForkJoinPool.commonPool-worker-3/INFO] [org.betterx.worlds.together.util.Logger/]: [DataFixerAPI] Inspecting ./world/./playerdata/fa4c061d-6cbf-3dd1-beb4-187506fa40ce.dat
[20Dec2025 21:37:45.850] [ForkJoinPool.commonPool-worker-2/INFO] [org.betterx.worlds.together.util.Logger/]: [DataFixerAPI] Inspecting ./world/./playerdata/a2ef35b7-6dce-3846-98a3-cae1593a34b9.dat
[20Dec2025 21:37:46.172] [main/INFO] [org.betterx.worlds.together.util.Logger/]: [bclib] Patcher Stage... message.bclib.datafixer.progress.level%
[20Dec2025 21:37:46.172] [main/INFO] [org.betterx.worlds.together.util.Logger/]: [DataFixerAPI] Inspecting level.dat in ./world/.
[20Dec2025 21:37:46.173] [main/INFO] [org.betterx.worlds.together.util.Logger/]: [bclib] Patcher Stage... message.bclib.datafixer.progress.worlddata%
[20Dec2025 21:37:46.173] [main/INFO] [org.betterx.worlds.together.util.Logger/]: [bclib] Patcher Stage... message.bclib.datafixer.progress.regions%
[20Dec2025 21:37:46.174] [main/INFO] [org.betterx.worlds.together.util.Logger/]: [DataFixerAPI] Inspecting ./world/./region/r.1.4.mca
[20Dec2025 21:37:46.174] [ForkJoinPool.commonPool-worker-3/INFO] [org.betterx.worlds.together.util.Logger/]: [DataFixerAPI] Inspecting ./world/./region/r.0.-2.mca
[20Dec2025 21:37:46.174] [ForkJoinPool.commonPool-worker-2/INFO] [org.betterx.worlds.together.util.Logger/]: [DataFixerAPI] Inspecting ./world/./region/r.-1.-5.mca
[20Dec2025 21:37:46.174] [ForkJoinPool.commonPool-worker-1/INFO] [org.betterx.worlds.together.util.Logger/]: [DataFixerAPI] Inspecting ./world/./poi/r.-5.-6.mca
[20Dec2025 21:37:47.342] [ForkJoinPool.commonPool-worker-1/INFO] [org.betterx.worlds.together.util.Logger/]: [bclib] Patching... 1%
[20Dec2025 21:37:47.343] [ForkJoinPool.commonPool-worker-1/INFO] [org.betterx.worlds.together.util.Logger/]: [DataFixerAPI] Inspecting ./world/./poi/r.-9.-4.mca
[20Dec2025 21:37:47.399] [ForkJoinPool.commonPool-worker-1/INFO] [org.betterx.worlds.together.util.Logger/]: [DataFixerAPI] Inspecting ./world/./poi/r.-7.-6.mca
[20Dec2025 21:37:47.401] [ForkJoinPool.commonPool-worker-1/INFO] [org.betterx.worlds.together.util.Logger/]: [DataFixerAPI] Inspecting ./world/./poi/r.-3.4.mca
[20Dec2025 21:37:47.648] [main/INFO] [org.betterx.worlds.together.util.Logger/]: [DataFixerAPI] Inspecting ./world/./region/r.-1.-6.mca
[20Dec2025 21:37:47.759] [ForkJoinPool.commonPool-worker-1/INFO] [org.betterx.worlds.together.util.Logger/]: [DataFixerAPI] Inspecting ./world/./poi/r.-6.-6.mca
[20Dec2025 21:37:48.308] [ForkJoinPool.commonPool-worker-1/INFO] [org.betterx.worlds.together.util.Logger/]: [DataFixerAPI] Inspecting ./world/./poi/r.-8.-9.mca
[20Dec2025 21:37:48.418] [ForkJoinPool.commonPool-worker-1/INFO] [org.betterx.worlds.together.util.Logger/]: [bclib] Patching... 2%
[20Dec2025 21:37:48.419] [ForkJoinPool.commonPool-worker-1/INFO] [org.betterx.worlds.together.util.Logger/]: [DataFixerAPI] Inspecting ./world/./poi/r.-2.-6.mca
[20Dec2025 21:37:48.662] [ForkJoinPool.commonPool-worker-1/INFO] [org.betterx.worlds.together.util.Logger/]: [DataFixerAPI] Inspecting ./world/./poi/r.0.-6.mca
[20Dec2025 21:37:48.709] [ForkJoinPool.commonPool-worker-1/INFO] [org.betterx.worlds.together.util.Logger/]: [DataFixerAPI] Inspecting ./world/./poi/r.-7.-11.mca
[20Dec2025 21:37:48.711] [ForkJoinPool.commonPool-worker-1/INFO] [org.betterx.worlds.together.util.Logger/]: [DataFixerAPI] Inspecting ./world/./poi/r.-4.-6.mca
[20Dec2025 21:37:49.170] [ForkJoinPool.commonPool-worker-1/INFO] [org.betterx.worlds.together.util.Logger/]: [DataFixerAPI] Inspecting ./world/./poi/r.-9.-6.mca
[20Dec2025 21:37:49.250] [ForkJoinPool.commonPool-worker-1/INFO] [org.betterx.worlds.together.util.Logger/]: [DataFixerAPI] Inspecting ./world/./poi/r.-2.4.mca
[20Dec2025 21:37:49.384] [ForkJoinPool.commonPool-worker-1/INFO] [org.betterx.worlds.together.util.Logger/]: [DataFixerAPI] Inspecting ./world/./poi/r.-8.-6.mca
[20Dec2025 21:37:49.446] [ForkJoinPool.commonPool-worker-1/INFO] [org.betterx.worlds.together.util.Logger/]: [bclib] Patching... 4%
[20Dec2025 21:37:49.447] [ForkJoinPool.commonPool-worker-1/INFO] [org.betterx.worlds.together.util.Logger/]: [DataFixerAPI] Inspecting ./world/./poi/r.-1.3.mca
[20Dec2025 21:37:49.556] [ForkJoinPool.commonPool-worker-1/INFO] [org.betterx.worlds.together.util.Logger/]: [DataFixerAPI] Inspecting ./world/./poi/r.-6.5.mca
[20Dec2025 21:37:49.668] [ForkJoinPool.commonPool-worker-1/INFO] [org.betterx.worlds.together.util.Logger/]: [DataFixerAPI] Inspecting ./world/./poi/r.4.-1.mca
[20Dec2025 21:37:49.897] [ForkJoinPool.commonPool-worker-1/INFO] [org.betterx.worlds.together.util.Logger/]: [DataFixerAPI] Inspecting ./world/./poi/r.-2.7.mca
[20Dec2025 21:37:49.942] [ForkJoinPool.commonPool-worker-1/INFO] [org.betterx.worlds.together.util.Logger/]: [DataFixerAPI] Inspecting ./world/./poi/r.0.4.mca
[20Dec2025 21:37:49.943] [ForkJoinPool.commonPool-worker-1/INFO] [org.betterx.worlds.together.util.Logger/]: [DataFixerAPI] Inspecting ./world/./poi/r.-2.0.mca
[20Dec2025 21:37:50.185] [ForkJoinPool.commonPool-worker-1/INFO] [org.betterx.worlds.together.util.Logger/]: [DataFixerAPI] Inspecting ./world/./poi/r.-2.-1.mca
[20Dec2025 21:37:50.335] [ForkJoinPool.commonPool-worker-1/INFO] [org.betterx.worlds.together.util.Logger/]: [DataFixerAPI] Inspecting ./world/./poi/r.0.1.mca
[20Dec2025 21:37:50.470] [ForkJoinPool.commonPool-worker-1/INFO] [org.betterx.worlds.together.util.Logger/]: [bclib] Patching... 5%
[20Dec2025 21:37:50.470] [ForkJoinPool.commonPool-worker-1/INFO] [org.betterx.worlds.together.util.Logger/]: [DataFixerAPI] Inspecting ./world/./poi/r.-4.5.mca
[20Dec2025 21:37:50.473] [ForkJoinPool.commonPool-worker-1/INFO] [org.betterx.worlds.together.util.Logger/]: [DataFixerAPI] Inspecting ./world/./poi/r.4.-2.mca
[20Dec2025 21:37:50.570] [ForkJoinPool.commonPool-worker-1/INFO] [org.betterx.worlds.together.util.Logger/]: [DataFixerAPI] Inspecting ./world/./poi/r.-3.-4.mca
[20Dec2025 21:37:50.834] [ForkJoinPool.commonPool-worker-1/INFO] [org.betterx.worlds.together.util.Logger/]: [DataFixerAPI] Inspecting ./world/./poi/r.-4.-5.mca
[20Dec2025 21:37:50.958] [ForkJoinPool.commonPool-worker-1/INFO] [org.betterx.worlds.together.util.Logger/]: [DataFixerAPI] Inspecting ./world/./poi/r.-4.-4.mca
[20Dec2025 21:37:50.969] [ForkJoinPool.commonPool-worker-1/INFO] [org.betterx.worlds.together.util.Logger/]: [DataFixerAPI] Inspecting ./world/./poi/r.0.5.mca
[20Dec2025 21:37:50.971] [ForkJoinPool.commonPool-worker-1/INFO] [org.betterx.worlds.together.util.Logger/]: [DataFixerAPI] Inspecting ./world/./poi/r.-4.3.mca
[20Dec2025 21:37:51.120] [ForkJoinPool.commonPool-worker-1/INFO] [org.betterx.worlds.together.util.Logger/]: [DataFixerAPI] Inspecting ./world/./poi/r.5.-5.mca
[20Dec2025 21:37:51.245] [ForkJoinPool.commonPool-worker-1/INFO] [org.betterx.worlds.together.util.Logger/]: [DataFixerAPI] Inspecting ./world/./poi/r.-2.3.mca
[20Dec2025 21:37:51.249] [ForkJoinPool.commonPool-worker-1/INFO] [org.betterx.worlds.together.util.Logger/]: [DataFixerAPI] Inspecting ./world/./poi/r.5.-6.mca
[20Dec2025 21:37:51.251] [ForkJoinPool.commonPool-worker-1/INFO] [org.betterx.worlds.together.util.Logger/]: [DataFixerAPI] Inspecting ./world/./poi/r.1.3.mca
[20Dec2025 21:37:51.254] [ForkJoinPool.commonPool-worker-1/INFO] [org.betterx.worlds.together.util.Logger/]: [DataFixerAPI] Inspecting ./world/./poi/r.-5.-10.mca
[20Dec2025 21:37:51.574] [ForkJoinPool.commonPool-worker-1/INFO] [org.betterx.worlds.together.util.Logger/]: [bclib] Patching... 8%
[20Dec2025 21:37:51.574] [ForkJoinPool.commonPool-worker-1/INFO] [org.betterx.worlds.together.util.Logger/]: [DataFixerAPI] Inspecting ./world/./poi/r.-5.3.mca
[20Dec2025 21:37:51.577] [ForkJoinPool.commonPool-worker-1/INFO] [org.betterx.worlds.together.util.Logger/]: [DataFixerAPI] Inspecting ./world/./poi/r.5.-4.mca
[20Dec2025 21:37:51.757] [ForkJoinPool.commonPool-worker-1/INFO] [org.betterx.worlds.together.util.Logger/]: [DataFixerAPI] Inspecting ./world/./poi/r.-2.-3.mca
[20Dec2025 21:37:51.762] [ForkJoinPool.commonPool-worker-1/INFO] [org.betterx.worlds.together.util.Logger/]: [DataFixerAPI] Inspecting ./world/./poi/r.-5.-9.mca
[20Dec2025 21:37:51.812] [ForkJoinPool.commonPool-worker-1/INFO] [org.betterx.worlds.together.util.Logger/]: [DataFixerAPI] Inspecting ./world/./poi/r.5.-3.mca
[20Dec2025 21:37:51.815] [ForkJoinPool.commonPool-worker-1/INFO] [org.betterx.worlds.together.util.Logger/]: [DataFixerAPI] Inspecting ./world/./poi/r.2.0.mca
[20Dec2025 21:37:52.076] [ForkJoinPool.commonPool-worker-1/INFO] [org.betterx.worlds.together.util.Logger/]: [DataFixerAPI] Inspecting ./world/./poi/r.-6.-8.mca
[20Dec2025 21:37:52.078] [ForkJoinPool.commonPool-worker-1/INFO] [org.betterx.worlds.together.util.Logger/]: [DataFixerAPI] Inspecting ./world/./poi/r.-3.7.mca
[20Dec2025 21:37:52.081] [ForkJoinPool.commonPool-worker-1/INFO] [org.betterx.worlds.together.util.Logger/]: [DataFixerAPI] Inspecting ./world/./poi/r.-9.-7.mca
[20Dec2025 21:37:52.085] [ForkJoinPool.commonPool-worker-1/INFO] [org.betterx.worlds.together.util.Logger/]: [DataFixerAPI] Inspecting ./world/./poi/r.3.-5.mca
[20Dec2025 21:37:52.089] [ForkJoinPool.commonPool-worker-1/INFO] [org.betterx.worlds.together.util.Logger/]: [DataFixerAPI] Inspecting ./world/./poi/r.-6.-9.mca
[20Dec2025 21:37:52.110] [ForkJoinPool.commonPool-worker-1/INFO] [org.betterx.worlds.together.util.Logger/]: [DataFixerAPI] Inspecting ./world/./poi/r.4.-4.mca
[20Dec2025 21:37:52.113] [ForkJoinPool.commonPool-worker-1/INFO] [org.betterx.worlds.together.util.Logger/]: [DataFixerAPI] Inspecting ./world/./poi/r.-6.6.mca
[20Dec2025 21:37:52.119] [ForkJoinPool.commonPool-worker-1/INFO] [org.betterx.worlds.together.util.Logger/]: [DataFixerAPI] Inspecting ./world/./poi/r.-6.-7.mca
[20Dec2025 21:37:52.122] [ForkJoinPool.commonPool-worker-1/INFO] [org.betterx.worlds.together.util.Logger/]: [DataFixerAPI] Inspecting ./world/./poi/r.2.-4.mca
[20Dec2025 21:37:52.354] [ForkJoinPool.commonPool-worker-1/INFO] [org.betterx.worlds.together.util.Logger/]: [DataFixerAPI] Inspecting ./world/./poi/r.0.0.mca
[20Dec2025 21:37:52.431] [ForkJoinPool.commonPool-worker-1/INFO] [org.betterx.worlds.together.util.Logger/]: [DataFixerAPI] Inspecting ./world/./poi/r.1.-5.mca
[20Dec2025 21:37:52.553] [ForkJoinPool.commonPool-worker-1/INFO] [org.betterx.worlds.together.util.Logger/]: [DataFixerAPI] Inspecting ./world/./poi/r.-2.-2.mca
[20Dec2025 21:37:52.556] [ForkJoinPool.commonPool-worker-1/INFO] [org.betterx.worlds.together.util.Logger/]: [DataFixerAPI] Inspecting ./world/./poi/r.4.-5.mca
[20Dec2025 21:37:52.614] [ForkJoinPool.commonPool-worker-1/INFO] [org.betterx.worlds.together.util.Logger/]: [bclib] Patching... 11%
[20Dec2025 21:37:52.614] [ForkJoinPool.commonPool-worker-1/INFO] [org.betterx.worlds.together.util.Logger/]: [DataFixerAPI] Inspecting ./world/./poi/r.5.-2.mca
[20Dec2025 21:37:52.622] [ForkJoinPool.commonPool-worker-1/INFO] [org.betterx.worlds.together.util.Logger/]: [DataFixerAPI] Inspecting ./world/./poi/r.-3.2.mca
[20Dec2025 21:37:52.751] [ForkJoinPool.commonPool-worker-1/INFO] [org.betterx.worlds.together.util.Logger/]: [DataFixerAPI] Inspecting ./world/./poi/r.-5.7.mca
[20Dec2025 21:37:52.753] [ForkJoinPool.commonPool-worker-1/INFO] [org.betterx.worlds.together.util.Logger/]: [DataFixerAPI] Inspecting ./world/./poi/r.1.2.mca
[20Dec2025 21:37:52.755] [ForkJoinPool.commonPool-worker-1/INFO] [org.betterx.worlds.together.util.Logger/]: [DataFixerAPI] Inspecting ./world/./poi/r.0.-4.mca
[20Dec2025 21:37:52.863] [ForkJoinPool.commonPool-worker-1/INFO] [org.betterx.worlds.together.util.Logger/]: [DataFixerAPI] Inspecting ./world/./poi/r.-3.-7.mca
[20Dec2025 21:37:52.959] [ForkJoinPool.commonPool-worker-1/INFO] [org.betterx.worlds.together.util.Logger/]: [DataFixerAPI] Inspecting ./world/./poi/r.1.-4.mca
[20Dec2025 21:37:53.060] [ForkJoinPool.commonPool-worker-1/INFO] [org.betterx.worlds.together.util.Logger/]: [DataFixerAPI] Inspecting ./world/./poi/r.0.-1.mca
[20Dec2025 21:37:53.119] [ForkJoinPool.commonPool-worker-1/INFO] [org.betterx.worlds.together.util.Logger/]: [DataFixerAPI] Inspecting ./world/./poi/r.6.-4.mca
[20Dec2025 21:37:53.128] [ForkJoinPool.commonPool-worker-1/INFO] [org.betterx.worlds.together.util.Logger/]: [DataFixerAPI] Inspecting ./world/./poi/r.-1.-2.mca
[20Dec2025 21:37:53.130] [ForkJoinPool.commonPool-worker-1/INFO] [org.betterx.worlds.together.util.Logger/]: [DataFixerAPI] Inspecting ./world/./poi/r.-1.4.mca
[20Dec2025 21:37:53.204] [ForkJoinPool.commonPool-worker-1/INFO] [org.betterx.worlds.together.util.Logger/]: [DataFixerAPI] Inspecting ./world/./poi/r.-7.-8.mca
[20Dec2025 21:37:53.341] [ForkJoinPool.commonPool-worker-1/INFO] [org.betterx.worlds.together.util.Logger/]: [DataFixerAPI] Inspecting ./world/./poi/r.-5.-5.mca
[20Dec2025 21:37:53.347] [ForkJoinPool.commonPool-worker-1/INFO] [org.betterx.worlds.together.util.Logger/]: [DataFixerAPI] Inspecting ./world/./poi/r.-3.3.mca
[20Dec2025 21:37:53.352] [ForkJoinPool.commonPool-worker-1/INFO] [org.betterx.worlds.together.util.Logger/]: [DataFixerAPI] Inspecting ./world/./poi/r.2.-5.mca
[20Dec2025 21:37:53.578] [ForkJoinPool.commonPool-worker-1/INFO] [org.betterx.worlds.together.util.Logger/]: [DataFixerAPI] Inspecting ./world/./poi/r.-6.-11.mca
[20Dec2025 21:37:53.579] [ForkJoinPool.commonPool-worker-1/INFO] [org.betterx.worlds.together.util.Logger/]: [DataFixerAPI] Inspecting ./world/./poi/r.2.1.mca
[20Dec2025 21:37:53.610] [ForkJoinPool.commonPool-worker-1/INFO] [org.betterx.worlds.together.util.Logger/]: [DataFixerAPI] Inspecting ./world/./poi/r.3.0.mca
[20Dec2025 21:37:53.725] [ForkJoinPool.commonPool-worker-1/INFO] [org.betterx.worlds.together.util.Logger/]: [bclib] Patching... 15%
[20Dec2025 21:37:53.726] [ForkJoinPool.commonPool-worker-1/INFO] [org.betterx.worlds.together.util.Logger/]: [DataFixerAPI] Inspecting ./world/./poi/r.0.-5.mca
[20Dec2025 21:37:53.734] [ForkJoinPool.commonPool-worker-1/INFO] [org.betterx.worlds.together.util.Logger/]: [DataFixerAPI] Inspecting ./world/./poi/r.-3.-8.mca
[20Dec2025 21:37:53.739] [ForkJoinPool.commonPool-worker-1/INFO] [org.betterx.worlds.together.util.Logger/]: [DataFixerAPI] Inspecting ./world/./poi/r.-5.4.mca
[20Dec2025 21:37:53.997] [ForkJoinPool.commonPool-worker-1/INFO] [org.betterx.worlds.together.util.Logger/]: [DataFixerAPI] Inspecting ./world/./poi/r.4.-6.mca
[20Dec2025 21:37:54.001] [ForkJoinPool.commonPool-worker-1/INFO] [org.betterx.worlds.together.util.Logger/]: [DataFixerAPI] Inspecting ./world/./poi/r.2.-1.mca
[20Dec2025 21:37:54.058] [ForkJoinPool.commonPool-worker-1/INFO] [org.betterx.worlds.together.util.Logger/]: [DataFixerAPI] Inspecting ./world/./poi/r.3.-6.mca
[20Dec2025 21:37:54.061] [ForkJoinPool.commonPool-worker-1/INFO] [org.betterx.worlds.together.util.Logger/]: [DataFixerAPI] Inspecting ./world/./poi/r.-4.-8.mca
[20Dec2025 21:37:54.067] [ForkJoinPool.commonPool-worker-1/INFO] [org.betterx.worlds.together.util.Logger/]: [DataFixerAPI] Inspecting ./world/./poi/r.6.-3.mca
[20Dec2025 21:37:54.070] [ForkJoinPool.commonPool-worker-1/INFO] [org.betterx.worlds.together.util.Logger/]: [DataFixerAPI] Inspecting ./world/./poi/r.-5.-7.mca
[20Dec2025 21:37:54.192] [ForkJoinPool.commonPool-worker-1/INFO] [org.betterx.worlds.together.util.Logger/]: [DataFixerAPI] Inspecting ./world/./poi/r.-6.4.mca
[20Dec2025 21:37:54.196] [ForkJoinPool.commonPool-worker-1/INFO] [org.betterx.worlds.together.util.Logger/]: [DataFixerAPI] Inspecting ./world/./poi/r.-1.2.mca
[20Dec2025 21:37:54.260] [ForkJoinPool.commonPool-worker-1/INFO] [org.betterx.worlds.together.util.Logger/]: [DataFixerAPI] Inspecting ./world/./poi/r.-2.-4.mca
[20Dec2025 21:37:54.324] [ForkJoinPool.commonPool-worker-1/INFO] [org.betterx.worlds.together.util.Logger/]: [DataFixerAPI] Inspecting ./world/./poi/r.2.-3.mca
[20Dec2025 21:37:54.461] [ForkJoinPool.commonPool-worker-1/INFO] [org.betterx.worlds.together.util.Logger/]: [DataFixerAPI] Inspecting ./world/./poi/r.-1.6.mca
[20Dec2025 21:37:54.560] [ForkJoinPool.commonPool-worker-1/INFO] [org.betterx.worlds.together.util.Logger/]: [DataFixerAPI] Inspecting ./world/./poi/r.-3.-1.mca
[20Dec2025 21:37:54.566] [ForkJoinPool.commonPool-worker-1/INFO] [org.betterx.worlds.together.util.Logger/]: [DataFixerAPI] Inspecting ./world/./poi/r.-7.-7.mca
[20Dec2025 21:37:54.572] [ForkJoinPool.commonPool-worker-1/INFO] [org.betterx.worlds.together.util.Logger/]: [DataFixerAPI] Inspecting ./world/./poi/r.-7.-9.mca
[20Dec2025 21:37:54.614] [ForkJoinPool.commonPool-worker-1/INFO] [org.betterx.worlds.together.util.Logger/]: [DataFixerAPI] Inspecting ./world/./poi/r.2.-6.mca
[20Dec2025 21:37:54.615] [ForkJoinPool.commonPool-worker-1/INFO] [org.betterx.worlds.together.util.Logger/]: [DataFixerAPI] Inspecting ./world/./poi/r.-5.6.mca
[20Dec2025 21:37:54.843] [ForkJoinPool.commonPool-worker-3/INFO] [org.betterx.worlds.together.util.Logger/]: [bclib] Patching... 19%
[20Dec2025 21:37:54.843] [ForkJoinPool.commonPool-worker-3/INFO] [org.betterx.worlds.together.util.Logger/]: [DataFixerAPI] Inspecting ./world/./region/r.3.-1.mca
[20Dec2025 21:37:54.945] [ForkJoinPool.commonPool-worker-1/INFO] [org.betterx.worlds.together.util.Logger/]: [DataFixerAPI] Inspecting ./world/./poi/r.3.-2.mca
[20Dec2025 21:37:55.110] [ForkJoinPool.commonPool-worker-1/INFO] [org.betterx.worlds.together.util.Logger/]: [DataFixerAPI] Inspecting ./world/./poi/r.-4.-7.mca
[20Dec2025 21:37:55.432] [ForkJoinPool.commonPool-worker-1/INFO] [org.betterx.worlds.together.util.Logger/]: [DataFixerAPI] Inspecting ./world/./poi/r.-2.-8.mca
[20Dec2025 21:37:55.433] [ForkJoinPool.commonPool-worker-1/INFO] [org.betterx.worlds.together.util.Logger/]: [DataFixerAPI] Inspecting ./world/./poi/r.0.-2.mca
[20Dec2025 21:37:55.475] [ForkJoinPool.commonPool-worker-1/INFO] [org.betterx.worlds.together.util.Logger/]: [DataFixerAPI] Inspecting ./world/./poi/r.3.-1.mca
[20Dec2025 21:37:55.584] [ForkJoinPool.commonPool-worker-1/INFO] [org.betterx.worlds.together.util.Logger/]: [DataFixerAPI] Inspecting ./world/./poi/r.6.-5.mca
[20Dec2025 21:37:55.586] [ForkJoinPool.commonPool-worker-1/INFO] [org.betterx.worlds.together.util.Logger/]: [DataFixerAPI] Inspecting ./world/./poi/r.-4.4.mca
[20Dec2025 21:37:55.645] [ForkJoinPool.commonPool-worker-1/INFO] [org.betterx.worlds.together.util.Logger/]: [DataFixerAPI] Inspecting ./world/./poi/r.-1.-5.mca
[20Dec2025 21:37:55.697] [ForkJoinPool.commonPool-worker-1/INFO] [org.betterx.worlds.together.util.Logger/]: [DataFixerAPI] Inspecting ./world/./poi/r.-4.2.mca
[20Dec2025 21:37:55.700] [ForkJoinPool.commonPool-worker-1/INFO] [org.betterx.worlds.together.util.Logger/]: [DataFixerAPI] Inspecting ./world/./poi/r.-3.1.mca
[20Dec2025 21:37:55.711] [ForkJoinPool.commonPool-worker-2/INFO] [org.betterx.worlds.together.util.Logger/]: [DataFixerAPI] Inspecting ./world/./region/r.-4.2.mca
[20Dec2025 21:37:55.913] [ForkJoinPool.commonPool-worker-1/INFO] [org.betterx.worlds.together.util.Logger/]: [bclib] Patching... 21%
[20Dec2025 21:37:55.914] [ForkJoinPool.commonPool-worker-1/INFO] [org.betterx.worlds.together.util.Logger/]: [DataFixerAPI] Inspecting ./world/./poi/r.1.-2.mca
[20Dec2025 21:37:55.998] [ForkJoinPool.commonPool-worker-1/INFO] [org.betterx.worlds.together.util.Logger/]: [DataFixerAPI] Inspecting ./world/./poi/r.-9.-5.mca
[20Dec2025 21:37:56.000] [main/INFO] [org.betterx.worlds.together.util.Logger/]: [DataFixerAPI] Inspecting ./world/./region/r.-6.-10.mca
[20Dec2025 21:37:56.937] [ForkJoinPool.commonPool-worker-1/INFO] [org.betterx.worlds.together.util.Logger/]: [bclib] Patching... 21%
[20Dec2025 21:37:56.937] [ForkJoinPool.commonPool-worker-1/INFO] [org.betterx.worlds.together.util.Logger/]: [DataFixerAPI] Inspecting ./world/./poi/r.-7.-10.mca
[20Dec2025 21:37:56.992] [ForkJoinPool.commonPool-worker-1/INFO] [org.betterx.worlds.together.util.Logger/]: [DataFixerAPI] Inspecting ./world/./poi/r.1.-1.mca
[20Dec2025 21:37:57.123] [ForkJoinPool.commonPool-worker-1/INFO] [org.betterx.worlds.together.util.Logger/]: [DataFixerAPI] Inspecting ./world/./poi/r.-4.7.mca
[20Dec2025 21:37:57.125] [ForkJoinPool.commonPool-worker-1/INFO] [org.betterx.worlds.together.util.Logger/]: [DataFixerAPI] Inspecting ./world/./poi/r.-3.5.mca
[20Dec2025 21:37:57.126] [ForkJoinPool.commonPool-worker-1/INFO] [org.betterx.worlds.together.util.Logger/]: [DataFixerAPI] Inspecting ./world/./poi/r.3.-4.mca
[20Dec2025 21:37:57.189] [ForkJoinPool.commonPool-worker-1/INFO] [org.betterx.worlds.together.util.Logger/]: [DataFixerAPI] Inspecting ./world/./poi/r.-8.-4.mca
[20Dec2025 21:37:57.190] [ForkJoinPool.commonPool-worker-1/INFO] [org.betterx.worlds.together.util.Logger/]: [DataFixerAPI] Inspecting ./world/./poi/r.-3.-6.mca
[20Dec2025 21:37:57.457] [ForkJoinPool.commonPool-worker-1/INFO] [org.betterx.worlds.together.util.Logger/]: [DataFixerAPI] Inspecting ./world/./poi/r.-8.-8.mca
[20Dec2025 21:37:57.502] [ForkJoinPool.commonPool-worker-1/INFO] [org.betterx.worlds.together.util.Logger/]: [DataFixerAPI] Inspecting ./world/./poi/r.-2.5.mca
[20Dec2025 21:37:57.508] [ForkJoinPool.commonPool-worker-1/INFO] [org.betterx.worlds.together.util.Logger/]: [DataFixerAPI] Inspecting ./world/./poi/r.-8.-5.mca
[20Dec2025 21:37:57.681] [ForkJoinPool.commonPool-worker-1/INFO] [org.betterx.worlds.together.util.Logger/]: [DataFixerAPI] Inspecting ./world/./poi/r.-8.-10.mca
[20Dec2025 21:37:57.686] [ForkJoinPool.commonPool-worker-1/INFO] [org.betterx.worlds.together.util.Logger/]: [DataFixerAPI] Inspecting ./world/./poi/r.0.2.mca
[20Dec2025 21:37:57.799] [ForkJoinPool.commonPool-worker-1/INFO] [org.betterx.worlds.together.util.Logger/]: [DataFixerAPI] Inspecting ./world/./poi/r.-1.-4.mca
[20Dec2025 21:37:57.810] [ForkJoinPool.commonPool-worker-1/INFO] [org.betterx.worlds.together.util.Logger/]: [DataFixerAPI] Inspecting ./world/./poi/r.-4.-9.mca
[20Dec2025 21:37:57.813] [ForkJoinPool.commonPool-worker-1/INFO] [org.betterx.worlds.together.util.Logger/]: [DataFixerAPI] Inspecting ./world/./poi/r.-4.-3.mca
[20Dec2025 21:37:57.867] [ForkJoinPool.commonPool-worker-1/INFO] [org.betterx.worlds.together.util.Logger/]: [DataFixerAPI] Inspecting ./world/./poi/r.-2.-5.mca
[20Dec2025 21:37:58.031] [ForkJoinPool.commonPool-worker-1/INFO] [org.betterx.worlds.together.util.Logger/]: [bclib] Patching... 25%
[20Dec2025 21:37:58.031] [ForkJoinPool.commonPool-worker-1/INFO] [org.betterx.worlds.together.util.Logger/]: [DataFixerAPI] Inspecting ./world/./poi/r.-1.5.mca
[20Dec2025 21:37:58.037] [ForkJoinPool.commonPool-worker-1/INFO] [org.betterx.worlds.together.util.Logger/]: [DataFixerAPI] Inspecting ./world/./poi/r.-1.-1.mca
[20Dec2025 21:37:58.046] [ForkJoinPool.commonPool-worker-2/INFO] [org.betterx.worlds.together.util.Logger/]: [DataFixerAPI] Inspecting ./world/./region/r.-3.1.mca
[20Dec2025 21:37:58.107] [ForkJoinPool.commonPool-worker-1/INFO] [org.betterx.worlds.together.util.Logger/]: [DataFixerAPI] Inspecting ./world/./poi/r.1.1.mca
[20Dec2025 21:37:58.147] [ForkJoinPool.commonPool-worker-1/INFO] [org.betterx.worlds.together.util.Logger/]: [DataFixerAPI] Inspecting ./world/./poi/r.5.-1.mca
[20Dec2025 21:37:58.184] [ForkJoinPool.commonPool-worker-1/INFO] [org.betterx.worlds.together.util.Logger/]: [DataFixerAPI] Inspecting ./world/./poi/r.4.-3.mca
[20Dec2025 21:37:58.189] [ForkJoinPool.commonPool-worker-1/INFO] [org.betterx.worlds.together.util.Logger/]: [DataFixerAPI] Inspecting ./world/./poi/r.-5.5.mca
[20Dec2025 21:37:58.224] [ForkJoinPool.commonPool-worker-1/INFO] [org.betterx.worlds.together.util.Logger/]: [DataFixerAPI] Inspecting ./world/./poi/r.-7.-5.mca
[20Dec2025 21:37:58.286] [ForkJoinPool.commonPool-worker-1/INFO] [org.betterx.worlds.together.util.Logger/]: [DataFixerAPI] Inspecting ./world/./poi/r.-2.1.mca
[20Dec2025 21:37:58.330] [ForkJoinPool.commonPool-worker-1/INFO] [org.betterx.worlds.together.util.Logger/]: [DataFixerAPI] Inspecting ./world/./poi/r.-2.6.mca
[20Dec2025 21:37:58.413] [ForkJoinPool.commonPool-worker-1/INFO] [org.betterx.worlds.together.util.Logger/]: [DataFixerAPI] Inspecting ./world/./poi/r.-8.-7.mca
[20Dec2025 21:37:58.419] [ForkJoinPool.commonPool-worker-1/INFO] [org.betterx.worlds.together.util.Logger/]: [DataFixerAPI] Inspecting ./world/./poi/r.-3.-5.mca
[20Dec2025 21:37:58.536] [ForkJoinPool.commonPool-worker-1/INFO] [org.betterx.worlds.together.util.Logger/]: [DataFixerAPI] Inspecting ./world/./poi/r.-5.-8.mca
[20Dec2025 21:37:58.541] [ForkJoinPool.commonPool-worker-1/INFO] [org.betterx.worlds.together.util.Logger/]: [DataFixerAPI] Inspecting ./world/./poi/r.0.-3.mca
[20Dec2025 21:37:58.727] [ForkJoinPool.commonPool-worker-1/INFO] [org.betterx.worlds.together.util.Logger/]: [DataFixerAPI] Inspecting ./world/./poi/r.-1.-7.mca
[20Dec2025 21:37:58.732] [ForkJoinPool.commonPool-worker-1/INFO] [org.betterx.worlds.together.util.Logger/]: [DataFixerAPI] Inspecting ./world/./poi/r.-7.-4.mca
[20Dec2025 21:37:58.734] [ForkJoinPool.commonPool-worker-1/INFO] [org.betterx.worlds.together.util.Logger/]: [DataFixerAPI] Inspecting ./world/./poi/r.-3.-3.mca
[20Dec2025 21:37:58.737] [ForkJoinPool.commonPool-worker-1/INFO] [org.betterx.worlds.together.util.Logger/]: [DataFixerAPI] Inspecting ./world/./poi/r.-6.-5.mca
[20Dec2025 21:37:58.747] [ForkJoinPool.commonPool-worker-1/INFO] [org.betterx.worlds.together.util.Logger/]: [DataFixerAPI] Inspecting ./world/./poi/r.-1.0.mca
[20Dec2025 21:37:58.866] [ForkJoinPool.commonPool-worker-1/INFO] [org.betterx.worlds.together.util.Logger/]: [DataFixerAPI] Inspecting ./world/./poi/r.1.-3.mca
[20Dec2025 21:37:59.101] [ForkJoinPool.commonPool-worker-1/INFO] [org.betterx.worlds.together.util.Logger/]: [bclib] Patching... 29%
[20Dec2025 21:37:59.101] [ForkJoinPool.commonPool-worker-1/INFO] [org.betterx.worlds.together.util.Logger/]: [DataFixerAPI] Inspecting ./world/./poi/r.-6.7.mca
[20Dec2025 21:37:59.103] [ForkJoinPool.commonPool-worker-1/INFO] [org.betterx.worlds.together.util.Logger/]: [DataFixerAPI] Inspecting ./world/./poi/r.-4.6.mca
[20Dec2025 21:37:59.173] [ForkJoinPool.commonPool-worker-1/INFO] [org.betterx.worlds.together.util.Logger/]: [DataFixerAPI] Inspecting ./world/./poi/r.0.3.mca
[20Dec2025 21:37:59.212] [ForkJoinPool.commonPool-worker-1/INFO] [org.betterx.worlds.together.util.Logger/]: [DataFixerAPI] Inspecting ./world/./poi/r.-1.1.mca
[20Dec2025 21:37:59.320] [ForkJoinPool.commonPool-worker-1/INFO] [org.betterx.worlds.together.util.Logger/]: [DataFixerAPI] Inspecting ./world/./poi/r.1.-6.mca
[20Dec2025 21:37:59.394] [ForkJoinPool.commonPool-worker-1/INFO] [org.betterx.worlds.together.util.Logger/]: [DataFixerAPI] Inspecting ./world/./poi/r.-1.-3.mca
[20Dec2025 21:37:59.396] [ForkJoinPool.commonPool-worker-1/INFO] [org.betterx.worlds.together.util.Logger/]: [DataFixerAPI] Inspecting ./world/./poi/r.1.4.mca
[20Dec2025 21:37:59.398] [ForkJoinPool.commonPool-worker-1/INFO] [org.betterx.worlds.together.util.Logger/]: [DataFixerAPI] Inspecting ./world/./poi/r.-1.-6.mca
[20Dec2025 21:37:59.402] [ForkJoinPool.commonPool-worker-1/INFO] [org.betterx.worlds.together.util.Logger/]: [DataFixerAPI] Inspecting ./world/./poi/r.-6.-10.mca
[20Dec2025 21:37:59.542] [ForkJoinPool.commonPool-worker-1/INFO] [org.betterx.worlds.together.util.Logger/]: [DataFixerAPI] Inspecting ./world/./poi/r.-6.-4.mca
[20Dec2025 21:37:59.543] [ForkJoinPool.commonPool-worker-1/INFO] [org.betterx.worlds.together.util.Logger/]: [DataFixerAPI] Inspecting ./world/./poi/r.-2.-7.mca
[20Dec2025 21:37:59.548] [ForkJoinPool.commonPool-worker-1/INFO] [org.betterx.worlds.together.util.Logger/]: [DataFixerAPI] Inspecting ./world/./poi/r.-2.2.mca
[20Dec2025 21:37:59.698] [ForkJoinPool.commonPool-worker-1/INFO] [org.betterx.worlds.together.util.Logger/]: [DataFixerAPI] Inspecting ./world/./poi/r.2.-2.mca
[20Dec2025 21:37:59.707] [ForkJoinPool.commonPool-worker-1/INFO] [org.betterx.worlds.together.util.Logger/]: [DataFixerAPI] Inspecting ./world/./poi/r.1.0.mca
[20Dec2025 21:37:59.792] [ForkJoinPool.commonPool-worker-1/INFO] [org.betterx.worlds.together.util.Logger/]: [DataFixerAPI] Inspecting ./world/./poi/r.-3.6.mca
[20Dec2025 21:37:59.896] [ForkJoinPool.commonPool-worker-1/INFO] [org.betterx.worlds.together.util.Logger/]: [DataFixerAPI] Inspecting ./world/./poi/r.-5.-11.mca
[20Dec2025 21:37:59.899] [ForkJoinPool.commonPool-worker-1/INFO] [org.betterx.worlds.together.util.Logger/]: [DataFixerAPI] Inspecting ./world/./poi/r.-3.0.mca
[20Dec2025 21:37:59.951] [ForkJoinPool.commonPool-worker-1/INFO] [org.betterx.worlds.together.util.Logger/]: [DataFixerAPI] Inspecting ./world/./poi/r.3.-3.mca
[20Dec2025 21:38:00.024] [ForkJoinPool.commonPool-worker-1/INFO] [org.betterx.worlds.together.util.Logger/]: [DataFixerAPI] Inspecting ./world/./region/r.6.-5.mca
[20Dec2025 21:38:00.504] [ForkJoinPool.commonPool-worker-1/INFO] [org.betterx.worlds.together.util.Logger/]: [bclib] Patching... 32%
[20Dec2025 21:38:00.504] [ForkJoinPool.commonPool-worker-1/INFO] [org.betterx.worlds.together.util.Logger/]: [DataFixerAPI] Inspecting ./world/./region/r.-4.4.mca
[20Dec2025 21:38:01.139] [ForkJoinPool.commonPool-worker-3/INFO] [org.betterx.worlds.together.util.Logger/]: [DataFixerAPI] Inspecting ./world/./region/r.6.-2.mca
[20Dec2025 21:38:01.200] [ForkJoinPool.commonPool-worker-3/INFO] [org.betterx.worlds.together.util.Logger/]: [DataFixerAPI] Inspecting ./world/./region/r.-5.-6.mca
[20Dec2025 21:38:01.597] [main/INFO] [org.betterx.worlds.together.util.Logger/]: [bclib] Patching... 33%
[20Dec2025 21:38:01.597] [main/INFO] [org.betterx.worlds.together.util.Logger/]: [DataFixerAPI] Inspecting ./world/./region/r.-10.-5.mca
[20Dec2025 21:38:01.913] [main/INFO] [org.betterx.worlds.together.util.Logger/]: [DataFixerAPI] Inspecting ./world/./region/r.-6.-4.mca
[20Dec2025 21:38:02.347] [ForkJoinPool.commonPool-worker-2/INFO] [org.betterx.worlds.together.util.Logger/]: [DataFixerAPI] Inspecting ./world/./region/r.-10.-6.mca
[20Dec2025 21:38:02.357] [ForkJoinPool.commonPool-worker-2/INFO] [org.betterx.worlds.together.util.Logger/]: [DataFixerAPI] Inspecting ./world/./region/r.1.-2.mca
[20Dec2025 21:38:02.544] [main/INFO] [org.betterx.worlds.together.util.Logger/]: [DataFixerAPI] Inspecting ./world/./region/r.-2.-7.mca
[20Dec2025 21:38:04.029] [ForkJoinPool.commonPool-worker-1/INFO] [org.betterx.worlds.together.util.Logger/]: [bclib] Patching... 34%
[20Dec2025 21:38:04.030] [ForkJoinPool.commonPool-worker-1/INFO] [org.betterx.worlds.together.util.Logger/]: [DataFixerAPI] Inspecting ./world/./entities/r.1.-4.mca
[20Dec2025 21:38:04.222] [ForkJoinPool.commonPool-worker-1/INFO] [org.betterx.worlds.together.util.Logger/]: [DataFixerAPI] Inspecting ./world/./entities/r.0.-1.mca
[20Dec2025 21:38:04.231] [main/INFO] [org.betterx.worlds.together.util.Logger/]: [DataFixerAPI] Inspecting ./world/./region/r.-2.2.mca
[20Dec2025 21:38:04.671] [ForkJoinPool.commonPool-worker-3/INFO] [org.betterx.worlds.together.util.Logger/]: [DataFixerAPI] Inspecting ./world/./region/r.-9.-4.mca
[20Dec2025 21:38:05.000] [ForkJoinPool.commonPool-worker-1/INFO] [org.betterx.worlds.together.util.Logger/]: [DataFixerAPI] Inspecting ./world/./entities/r.6.-4.mca
[20Dec2025 21:38:05.139] [ForkJoinPool.commonPool-worker-1/INFO] [org.betterx.worlds.together.util.Logger/]: [bclib] Patching... 35%
[20Dec2025 21:38:05.139] [ForkJoinPool.commonPool-worker-1/INFO] [org.betterx.worlds.together.util.Logger/]: [DataFixerAPI] Inspecting ./world/./entities/r.-1.-2.mca
[20Dec2025 21:38:05.200] [ForkJoinPool.commonPool-worker-1/INFO] [org.betterx.worlds.together.util.Logger/]: [DataFixerAPI] Inspecting ./world/./entities/r.-1.4.mca
[20Dec2025 21:38:05.334] [ForkJoinPool.commonPool-worker-2/INFO] [org.betterx.worlds.together.util.Logger/]: [DataFixerAPI] Inspecting ./world/./region/r.-9.-5.mca
[20Dec2025 21:38:05.391] [ForkJoinPool.commonPool-worker-1/INFO] [org.betterx.worlds.together.util.Logger/]: [DataFixerAPI] Inspecting ./world/./entities/r.-2.6.mca
[20Dec2025 21:38:05.955] [ForkJoinPool.commonPool-worker-1/INFO] [org.betterx.worlds.together.util.Logger/]: [DataFixerAPI] Inspecting ./world/./entities/r.-8.-7.mca
[20Dec2025 21:38:06.036] [ForkJoinPool.commonPool-worker-1/INFO] [org.betterx.worlds.together.util.Logger/]: [DataFixerAPI] Inspecting ./world/./entities/r.-3.-5.mca
[20Dec2025 21:38:06.373] [ForkJoinPool.commonPool-worker-1/INFO] [org.betterx.worlds.together.util.Logger/]: [bclib] Patching... 36%
[20Dec2025 21:38:06.374] [ForkJoinPool.commonPool-worker-1/INFO] [org.betterx.worlds.together.util.Logger/]: [DataFixerAPI] Inspecting ./world/./entities/r.-5.-8.mca
[20Dec2025 21:38:06.683] [ForkJoinPool.commonPool-worker-1/INFO] [org.betterx.worlds.together.util.Logger/]: [DataFixerAPI] Inspecting ./world/./entities/r.0.-3.mca
[20Dec2025 21:38:06.714] [ForkJoinPool.commonPool-worker-3/INFO] [org.betterx.worlds.together.util.Logger/]: [DataFixerAPI] Inspecting ./world/./region/r.-7.-6.mca
[20Dec2025 21:38:07.122] [ForkJoinPool.commonPool-worker-1/INFO] [org.betterx.worlds.together.util.Logger/]: [DataFixerAPI] Inspecting ./world/./entities/r.-1.-7.mca
[20Dec2025 21:38:07.128] [ForkJoinPool.commonPool-worker-1/INFO] [org.betterx.worlds.together.util.Logger/]: [DataFixerAPI] Inspecting ./world/./entities/r.-3.-3.mca
[20Dec2025 21:38:07.311] [ForkJoinPool.commonPool-worker-1/INFO] [org.betterx.worlds.together.util.Logger/]: [DataFixerAPI] Inspecting ./world/./entities/r.-6.-5.mca
[20Dec2025 21:38:07.339] [ForkJoinPool.commonPool-worker-1/INFO] [org.betterx.worlds.together.util.Logger/]: [DataFixerAPI] Inspecting ./world/./entities/r.-1.0.mca
[20Dec2025 21:38:07.404] [ForkJoinPool.commonPool-worker-1/INFO] [org.betterx.worlds.together.util.Logger/]: [bclib] Patching... 37%
[20Dec2025 21:38:07.405] [ForkJoinPool.commonPool-worker-1/INFO] [org.betterx.worlds.together.util.Logger/]: [DataFixerAPI] Inspecting ./world/./entities/r.1.-3.mca
[20Dec2025 21:38:07.719] [ForkJoinPool.commonPool-worker-1/INFO] [org.betterx.worlds.together.util.Logger/]: [DataFixerAPI] Inspecting ./world/./entities/r.-4.6.mca
[20Dec2025 21:38:07.729] [ForkJoinPool.commonPool-worker-1/INFO] [org.betterx.worlds.together.util.Logger/]: [DataFixerAPI] Inspecting ./world/./entities/r.0.3.mca
[20Dec2025 21:38:07.939] [ForkJoinPool.commonPool-worker-1/INFO] [org.betterx.worlds.together.util.Logger/]: [DataFixerAPI] Inspecting ./world/./entities/r.-1.1.mca
[20Dec2025 21:38:08.187] [main/INFO] [org.betterx.worlds.together.util.Logger/]: [DataFixerAPI] Inspecting ./world/./region/r.2.-2.mca
[20Dec2025 21:38:08.555] [ForkJoinPool.commonPool-worker-2/INFO] [org.betterx.worlds.together.util.Logger/]: [bclib] Patching... 38%
[20Dec2025 21:38:08.555] [ForkJoinPool.commonPool-worker-2/INFO] [org.betterx.worlds.together.util.Logger/]: [DataFixerAPI] Inspecting ./world/./region/r.-7.-10.mca
[20Dec2025 21:38:08.724] [ForkJoinPool.commonPool-worker-1/INFO] [org.betterx.worlds.together.util.Logger/]: [DataFixerAPI] Inspecting ./world/./entities/r.1.-6.mca
[20Dec2025 21:38:09.141] [ForkJoinPool.commonPool-worker-1/INFO] [org.betterx.worlds.together.util.Logger/]: [DataFixerAPI] Inspecting ./world/./entities/r.-1.-3.mca
[20Dec2025 21:38:09.238] [ForkJoinPool.commonPool-worker-1/INFO] [org.betterx.worlds.together.util.Logger/]: [DataFixerAPI] Inspecting ./world/./entities/r.-1.-6.mca
[20Dec2025 21:38:09.422] [ForkJoinPool.commonPool-worker-1/INFO] [org.betterx.worlds.together.util.Logger/]: [DataFixerAPI] Inspecting ./world/./entities/r.-6.-10.mca
[20Dec2025 21:38:09.737] [ForkJoinPool.commonPool-worker-1/INFO] [org.betterx.worlds.together.util.Logger/]: [bclib] Patching... 39%
[20Dec2025 21:38:09.738] [ForkJoinPool.commonPool-worker-1/INFO] [org.betterx.worlds.together.util.Logger/]: [DataFixerAPI] Inspecting ./world/./entities/r.-2.-7.mca
[20Dec2025 21:38:09.873] [ForkJoinPool.commonPool-worker-1/INFO] [org.betterx.worlds.together.util.Logger/]: [DataFixerAPI] Inspecting ./world/./entities/r.-2.2.mca
[20Dec2025 21:38:09.983] [ForkJoinPool.commonPool-worker-3/INFO] [org.betterx.worlds.together.util.Logger/]: [DataFixerAPI] Inspecting ./world/./region/r.-3.4.mca
[20Dec2025 21:38:10.290] [ForkJoinPool.commonPool-worker-1/INFO] [org.betterx.worlds.together.util.Logger/]: [DataFixerAPI] Inspecting ./world/./entities/r.2.-2.mca
[20Dec2025 21:38:10.619] [ForkJoinPool.commonPool-worker-1/INFO] [org.betterx.worlds.together.util.Logger/]: [DataFixerAPI] Inspecting ./world/./entities/r.1.0.mca
[20Dec2025 21:38:11.080] [ForkJoinPool.commonPool-worker-1/INFO] [org.betterx.worlds.together.util.Logger/]: [bclib] Patching... 40%
[20Dec2025 21:38:11.081] [ForkJoinPool.commonPool-worker-1/INFO] [org.betterx.worlds.together.util.Logger/]: [DataFixerAPI] Inspecting ./world/./entities/r.-3.6.mca
[20Dec2025 21:38:11.239] [ForkJoinPool.commonPool-worker-1/INFO] [org.betterx.worlds.together.util.Logger/]: [DataFixerAPI] Inspecting ./world/./entities/r.-5.-11.mca
[20Dec2025 21:38:11.240] [ForkJoinPool.commonPool-worker-1/INFO] [org.betterx.worlds.together.util.Logger/]: [DataFixerAPI] Inspecting ./world/./entities/r.-3.0.mca
[20Dec2025 21:38:11.371] [ForkJoinPool.commonPool-worker-1/INFO] [org.betterx.worlds.together.util.Logger/]: [DataFixerAPI] Inspecting ./world/./entities/r.3.-3.mca
[20Dec2025 21:38:11.435] [ForkJoinPool.commonPool-worker-1/INFO] [org.betterx.worlds.together.util.Logger/]: [DataFixerAPI] Inspecting ./world/./DIM-1/poi/r.-1.-1.mca
[20Dec2025 21:38:11.436] [ForkJoinPool.commonPool-worker-1/INFO] [org.betterx.worlds.together.util.Logger/]: [DataFixerAPI] Inspecting ./world/./DIM-1/poi/r.-5.5.mca
[20Dec2025 21:38:11.437] [ForkJoinPool.commonPool-worker-1/INFO] [org.betterx.worlds.together.util.Logger/]: [DataFixerAPI] Inspecting ./world/./DIM-1/poi/r.-2.1.mca
[20Dec2025 21:38:11.439] [ForkJoinPool.commonPool-worker-1/INFO] [org.betterx.worlds.together.util.Logger/]: [DataFixerAPI] Inspecting ./world/./DIM-1/poi/r.-5.6.mca
[20Dec2025 21:38:11.440] [ForkJoinPool.commonPool-worker-1/INFO] [org.betterx.worlds.together.util.Logger/]: [DataFixerAPI] Inspecting ./world/./DIM-1/poi/r.-2.0.mca
[20Dec2025 21:38:11.538] [ForkJoinPool.commonPool-worker-1/INFO] [org.betterx.worlds.together.util.Logger/]: [DataFixerAPI] Inspecting ./world/./DIM-1/poi/r.-2.-1.mca
[20Dec2025 21:38:11.540] [ForkJoinPool.commonPool-worker-1/INFO] [org.betterx.worlds.together.util.Logger/]: [DataFixerAPI] Inspecting ./world/./DIM-1/poi/r.0.1.mca
[20Dec2025 21:38:11.542] [ForkJoinPool.commonPool-worker-1/INFO] [org.betterx.worlds.together.util.Logger/]: [DataFixerAPI] Inspecting ./world/./DIM-1/poi/r.-4.5.mca
[20Dec2025 21:38:11.543] [ForkJoinPool.commonPool-worker-1/INFO] [org.betterx.worlds.together.util.Logger/]: [DataFixerAPI] Inspecting ./world/./DIM-1/poi/r.0.0.mca
[20Dec2025 21:38:11.546] [ForkJoinPool.commonPool-worker-1/INFO] [org.betterx.worlds.together.util.Logger/]: [DataFixerAPI] Inspecting ./world/./DIM-1/poi/r.0.-1.mca
[20Dec2025 21:38:11.549] [ForkJoinPool.commonPool-worker-1/INFO] [org.betterx.worlds.together.util.Logger/]: [DataFixerAPI] Inspecting ./world/./DIM-1/poi/r.-1.0.mca
[20Dec2025 21:38:11.593] [ForkJoinPool.commonPool-worker-1/INFO] [org.betterx.worlds.together.util.Logger/]: [DataFixerAPI] Inspecting ./world/./DIM-1/poi/r.-4.6.mca
[20Dec2025 21:38:11.595] [ForkJoinPool.commonPool-worker-1/INFO] [org.betterx.worlds.together.util.Logger/]: [DataFixerAPI] Inspecting ./world/./DIM-1/poi/r.-1.1.mca
[20Dec2025 21:38:11.689] [ForkJoinPool.commonPool-worker-1/INFO] [org.betterx.worlds.together.util.Logger/]: [DataFixerAPI] Inspecting ./world/./DIM-1/region/r.-1.-1.mca
[20Dec2025 21:38:12.370] [ForkJoinPool.commonPool-worker-1/INFO] [org.betterx.worlds.together.util.Logger/]: [bclib] Patching... 44%
[20Dec2025 21:38:12.371] [ForkJoinPool.commonPool-worker-1/INFO] [org.betterx.worlds.together.util.Logger/]: [DataFixerAPI] Inspecting ./world/./DIM-1/region/r.-5.5.mca
[20Dec2025 21:38:12.559] [ForkJoinPool.commonPool-worker-1/INFO] [org.betterx.worlds.together.util.Logger/]: [DataFixerAPI] Inspecting ./world/./DIM-1/region/r.-2.1.mca
[20Dec2025 21:38:12.834] [ForkJoinPool.commonPool-worker-2/INFO] [org.betterx.worlds.together.util.Logger/]: [DataFixerAPI] Inspecting ./world/./region/r.1.-1.mca
[20Dec2025 21:38:13.310] [main/INFO] [org.betterx.worlds.together.util.Logger/]: [DataFixerAPI] Inspecting ./world/./region/r.1.0.mca
[20Dec2025 21:38:14.008] [ForkJoinPool.commonPool-worker-3/INFO] [org.betterx.worlds.together.util.Logger/]: [bclib] Patching... 45%
[20Dec2025 21:38:14.008] [ForkJoinPool.commonPool-worker-3/INFO] [org.betterx.worlds.together.util.Logger/]: [DataFixerAPI] Inspecting ./world/./region/r.-6.-6.mca
[20Dec2025 21:38:14.721] [ForkJoinPool.commonPool-worker-1/INFO] [org.betterx.worlds.together.util.Logger/]: [DataFixerAPI] Inspecting ./world/./DIM-1/region/r.-5.6.mca
[20Dec2025 21:38:15.157] [ForkJoinPool.commonPool-worker-1/INFO] [org.betterx.worlds.together.util.Logger/]: [bclib] Patching... 45%
[20Dec2025 21:38:15.158] [ForkJoinPool.commonPool-worker-1/INFO] [org.betterx.worlds.together.util.Logger/]: [DataFixerAPI] Inspecting ./world/./DIM-1/region/r.-2.0.mca
[20Dec2025 21:38:15.776] [ForkJoinPool.commonPool-worker-2/INFO] [org.betterx.worlds.together.util.Logger/]: [DataFixerAPI] Inspecting ./world/./region/r.-4.7.mca
[20Dec2025 21:38:15.971] [main/INFO] [org.betterx.worlds.together.util.Logger/]: [DataFixerAPI] Inspecting ./world/./region/r.-3.6.mca
[20Dec2025 21:38:16.048] [ForkJoinPool.commonPool-worker-1/INFO] [org.betterx.worlds.together.util.Logger/]: [DataFixerAPI] Inspecting ./world/./DIM-1/region/r.-2.-1.mca
[20Dec2025 21:38:16.332] [ForkJoinPool.commonPool-worker-2/INFO] [org.betterx.worlds.together.util.Logger/]: [bclib] Patching... 46%
[20Dec2025 21:38:16.333] [ForkJoinPool.commonPool-worker-2/INFO] [org.betterx.worlds.together.util.Logger/]: [DataFixerAPI] Inspecting ./world/./region/r.-3.5.mca
[20Dec2025 21:38:16.378] [ForkJoinPool.commonPool-worker-3/INFO] [org.betterx.worlds.together.util.Logger/]: [DataFixerAPI] Inspecting ./world/./region/r.-8.-9.mca
[20Dec2025 21:38:17.083] [ForkJoinPool.commonPool-worker-1/INFO] [org.betterx.worlds.together.util.Logger/]: [DataFixerAPI] Inspecting ./world/./DIM-1/region/r.0.1.mca
[20Dec2025 21:38:17.589] [ForkJoinPool.commonPool-worker-1/INFO] [org.betterx.worlds.together.util.Logger/]: [bclib] Patching... 46%
[20Dec2025 21:38:17.589] [ForkJoinPool.commonPool-worker-1/INFO] [org.betterx.worlds.together.util.Logger/]: [DataFixerAPI] Inspecting ./world/./DIM-1/region/r.-4.5.mca
[20Dec2025 21:38:17.648] [ForkJoinPool.commonPool-worker-1/INFO] [org.betterx.worlds.together.util.Logger/]: [DataFixerAPI] Inspecting ./world/./DIM-1/region/r.0.0.mca
[20Dec2025 21:38:17.965] [ForkJoinPool.commonPool-worker-1/INFO] [org.betterx.worlds.together.util.Logger/]: [DataFixerAPI] Inspecting ./world/./DIM-1/region/r.0.-1.mca
[20Dec2025 21:38:18.112] [ForkJoinPool.commonPool-worker-1/INFO] [org.betterx.worlds.together.util.Logger/]: [DataFixerAPI] Inspecting ./world/./DIM-1/region/r.-1.0.mca
[20Dec2025 21:38:18.322] [ForkJoinPool.commonPool-worker-3/INFO] [org.betterx.worlds.together.util.Logger/]: [DataFixerAPI] Inspecting ./world/./region/r.-2.-6.mca
[20Dec2025 21:38:19.273] [ForkJoinPool.commonPool-worker-2/INFO] [org.betterx.worlds.together.util.Logger/]: [bclib] Patching... 47%
[20Dec2025 21:38:19.273] [ForkJoinPool.commonPool-worker-2/INFO] [org.betterx.worlds.together.util.Logger/]: [DataFixerAPI] Inspecting ./world/./region/r.3.-4.mca
[20Dec2025 21:38:20.022] [main/INFO] [org.betterx.worlds.together.util.Logger/]: [DataFixerAPI] Inspecting ./world/./region/r.-5.-11.mca
[20Dec2025 21:38:20.346] [main/INFO] [org.betterx.worlds.together.util.Logger/]: [bclib] Patching... 48%
[20Dec2025 21:38:20.347] [main/INFO] [org.betterx.worlds.together.util.Logger/]: [DataFixerAPI] Inspecting ./world/./region/r.-3.0.mca
[20Dec2025 21:38:20.779] [ForkJoinPool.commonPool-worker-1/INFO] [org.betterx.worlds.together.util.Logger/]: [DataFixerAPI] Inspecting ./world/./DIM-1/region/r.-4.6.mca
[20Dec2025 21:38:20.797] [ForkJoinPool.commonPool-worker-1/INFO] [org.betterx.worlds.together.util.Logger/]: [DataFixerAPI] Inspecting ./world/./DIM-1/region/r.-1.1.mca
[20Dec2025 21:38:21.089] [ForkJoinPool.commonPool-worker-2/INFO] [org.betterx.worlds.together.util.Logger/]: [DataFixerAPI] Inspecting ./world/./region/r.-8.-4.mca
[20Dec2025 21:38:21.152] [ForkJoinPool.commonPool-worker-3/INFO] [org.betterx.worlds.together.util.Logger/]: [DataFixerAPI] Inspecting ./world/./region/r.0.-6.mca
[20Dec2025 21:38:22.045] [ForkJoinPool.commonPool-worker-2/INFO] [org.betterx.worlds.together.util.Logger/]: [bclib] Patching... 49%
[20Dec2025 21:38:22.045] [ForkJoinPool.commonPool-worker-2/INFO] [org.betterx.worlds.together.util.Logger/]: [DataFixerAPI] Inspecting ./world/./region/r.-3.-6.mca
[20Dec2025 21:38:22.475] [ForkJoinPool.commonPool-worker-1/INFO] [org.betterx.worlds.together.util.Logger/]: [DataFixerAPI] Inspecting ./world/./DIM-1/entities/r.-1.-1.mca
[20Dec2025 21:38:22.614] [ForkJoinPool.commonPool-worker-1/INFO] [org.betterx.worlds.together.util.Logger/]: [DataFixerAPI] Inspecting ./world/./DIM-1/entities/r.-2.1.mca
[20Dec2025 21:38:22.769] [ForkJoinPool.commonPool-worker-1/INFO] [org.betterx.worlds.together.util.Logger/]: [DataFixerAPI] Inspecting ./world/./DIM-1/entities/r.-5.6.mca
[20Dec2025 21:38:22.770] [ForkJoinPool.commonPool-worker-1/INFO] [org.betterx.worlds.together.util.Logger/]: [DataFixerAPI] Inspecting ./world/./DIM-1/entities/r.-2.0.mca
[20Dec2025 21:38:22.830] [ForkJoinPool.commonPool-worker-1/INFO] [org.betterx.worlds.together.util.Logger/]: [DataFixerAPI] Inspecting ./world/./DIM-1/entities/r.-2.-1.mca
[20Dec2025 21:38:22.833] [ForkJoinPool.commonPool-worker-1/INFO] [org.betterx.worlds.together.util.Logger/]: [DataFixerAPI] Inspecting ./world/./DIM-1/entities/r.-1.0.mca
[20Dec2025 21:38:22.942] [main/INFO] [org.betterx.worlds.together.util.Logger/]: [DataFixerAPI] Inspecting ./world/./region/r.3.-3.mca
[20Dec2025 21:38:23.121] [ForkJoinPool.commonPool-worker-1/INFO] [org.betterx.worlds.together.util.Logger/]: [bclib] Patching... 50%
[20Dec2025 21:38:23.122] [ForkJoinPool.commonPool-worker-1/INFO] [org.betterx.worlds.together.util.Logger/]: [DataFixerAPI] Inspecting ./world/./DIM-1/entities/r.-1.1.mca
[20Dec2025 21:38:23.186] [ForkJoinPool.commonPool-worker-1/INFO] [org.betterx.worlds.together.util.Logger/]: [DataFixerAPI] Inspecting ./world/./entities/r.-3.-4.mca
[20Dec2025 21:38:23.395] [ForkJoinPool.commonPool-worker-3/INFO] [org.betterx.worlds.together.util.Logger/]: [DataFixerAPI] Inspecting ./world/./region/r.-7.-11.mca
[20Dec2025 21:38:23.578] [ForkJoinPool.commonPool-worker-3/INFO] [org.betterx.worlds.together.util.Logger/]: [DataFixerAPI] Inspecting ./world/./region/r.-4.-6.mca
[20Dec2025 21:38:24.063] [ForkJoinPool.commonPool-worker-1/INFO] [org.betterx.worlds.together.util.Logger/]: [DataFixerAPI] Inspecting ./world/./entities/r.-4.-5.mca
[20Dec2025 21:38:24.099] [ForkJoinPool.commonPool-worker-1/INFO] [org.betterx.worlds.together.util.Logger/]: [DataFixerAPI] Inspecting ./world/./entities/r.-4.-4.mca
[20Dec2025 21:38:24.215] [ForkJoinPool.commonPool-worker-1/INFO] [org.betterx.worlds.together.util.Logger/]: [bclib] Patching... 51%
[20Dec2025 21:38:24.215] [ForkJoinPool.commonPool-worker-1/INFO] [org.betterx.worlds.together.util.Logger/]: [DataFixerAPI] Inspecting ./world/./entities/r.0.5.mca
[20Dec2025 21:38:24.219] [ForkJoinPool.commonPool-worker-1/INFO] [org.betterx.worlds.together.util.Logger/]: [DataFixerAPI] Inspecting ./world/./entities/r.-4.3.mca
[20Dec2025 21:38:24.352] [ForkJoinPool.commonPool-worker-1/INFO] [org.betterx.worlds.together.util.Logger/]: [DataFixerAPI] Inspecting ./world/./entities/r.5.-5.mca
[20Dec2025 21:38:24.425] [ForkJoinPool.commonPool-worker-1/INFO] [org.betterx.worlds.together.util.Logger/]: [DataFixerAPI] Inspecting ./world/./entities/r.-2.3.mca
[20Dec2025 21:38:24.516] [ForkJoinPool.commonPool-worker-1/INFO] [org.betterx.worlds.together.util.Logger/]: [DataFixerAPI] Inspecting ./world/./entities/r.1.3.mca
[20Dec2025 21:38:24.556] [ForkJoinPool.commonPool-worker-1/INFO] [org.betterx.worlds.together.util.Logger/]: [DataFixerAPI] Inspecting ./world/./entities/r.-5.-10.mca
[20Dec2025 21:38:24.699] [ForkJoinPool.commonPool-worker-1/INFO] [org.betterx.worlds.together.util.Logger/]: [DataFixerAPI] Inspecting ./world/./entities/r.-5.3.mca
[20Dec2025 21:38:24.701] [ForkJoinPool.commonPool-worker-1/INFO] [org.betterx.worlds.together.util.Logger/]: [DataFixerAPI] Inspecting ./world/./entities/r.5.-4.mca
[20Dec2025 21:38:24.821] [ForkJoinPool.commonPool-worker-1/INFO] [org.betterx.worlds.together.util.Logger/]: [DataFixerAPI] Inspecting ./world/./entities/r.-2.-3.mca
[20Dec2025 21:38:24.824] [ForkJoinPool.commonPool-worker-1/INFO] [org.betterx.worlds.together.util.Logger/]: [DataFixerAPI] Inspecting ./world/./entities/r.-5.-9.mca
[20Dec2025 21:38:24.834] [ForkJoinPool.commonPool-worker-1/INFO] [org.betterx.worlds.together.util.Logger/]: [DataFixerAPI] Inspecting ./world/./entities/r.5.-3.mca
[20Dec2025 21:38:24.944] [ForkJoinPool.commonPool-worker-1/INFO] [org.betterx.worlds.together.util.Logger/]: [DataFixerAPI] Inspecting ./world/./entities/r.2.0.mca
[20Dec2025 21:38:25.344] [ForkJoinPool.commonPool-worker-1/INFO] [org.betterx.worlds.together.util.Logger/]: [bclib] Patching... 54%
[20Dec2025 21:38:25.345] [ForkJoinPool.commonPool-worker-1/INFO] [org.betterx.worlds.together.util.Logger/]: [DataFixerAPI] Inspecting ./world/./entities/r.-6.-8.mca
[20Dec2025 21:38:25.347] [ForkJoinPool.commonPool-worker-1/INFO] [org.betterx.worlds.together.util.Logger/]: [DataFixerAPI] Inspecting ./world/./entities/r.-3.7.mca
[20Dec2025 21:38:25.355] [ForkJoinPool.commonPool-worker-1/INFO] [org.betterx.worlds.together.util.Logger/]: [DataFixerAPI] Inspecting ./world/./entities/r.-9.-7.mca
[20Dec2025 21:38:25.358] [ForkJoinPool.commonPool-worker-1/INFO] [org.betterx.worlds.together.util.Logger/]: [DataFixerAPI] Inspecting ./world/./entities/r.3.-5.mca
[20Dec2025 21:38:25.368] [ForkJoinPool.commonPool-worker-2/INFO] [org.betterx.worlds.together.util.Logger/]: [DataFixerAPI] Inspecting ./world/./region/r.-8.-8.mca
[20Dec2025 21:38:25.465] [ForkJoinPool.commonPool-worker-1/INFO] [org.betterx.worlds.together.util.Logger/]: [DataFixerAPI] Inspecting ./world/./entities/r.-6.-9.mca
[20Dec2025 21:38:25.845] [ForkJoinPool.commonPool-worker-1/INFO] [org.betterx.worlds.together.util.Logger/]: [DataFixerAPI] Inspecting ./world/./entities/r.4.-4.mca
[20Dec2025 21:38:25.849] [ForkJoinPool.commonPool-worker-1/INFO] [org.betterx.worlds.together.util.Logger/]: [DataFixerAPI] Inspecting ./world/./entities/r.-6.6.mca
[20Dec2025 21:38:25.855] [ForkJoinPool.commonPool-worker-1/INFO] [org.betterx.worlds.together.util.Logger/]: [DataFixerAPI] Inspecting ./world/./entities/r.-6.-7.mca
[20Dec2025 21:38:25.893] [ForkJoinPool.commonPool-worker-1/INFO] [org.betterx.worlds.together.util.Logger/]: [DataFixerAPI] Inspecting ./world/./entities/r.2.-4.mca
[20Dec2025 21:38:25.981] [main/INFO] [org.betterx.worlds.together.util.Logger/]: [DataFixerAPI] Inspecting ./world/./entities/r.6.-5.mca
[20Dec2025 21:38:25.982] [main/INFO] [org.betterx.worlds.together.util.Logger/]: [DataFixerAPI] Inspecting ./world/./entities/r.-4.4.mca
[20Dec2025 21:38:26.014] [ForkJoinPool.commonPool-worker-1/INFO] [org.betterx.worlds.together.util.Logger/]: [DataFixerAPI] Inspecting ./world/./entities/r.0.0.mca
[20Dec2025 21:38:26.055] [main/INFO] [org.betterx.worlds.together.util.Logger/]: [DataFixerAPI] Inspecting ./world/./entities/r.-1.-5.mca
[20Dec2025 21:38:26.335] [main/INFO] [org.betterx.worlds.together.util.Logger/]: [DataFixerAPI] Inspecting ./world/./entities/r.-4.2.mca
[20Dec2025 21:38:26.337] [main/INFO] [org.betterx.worlds.together.util.Logger/]: [DataFixerAPI] Inspecting ./world/./entities/r.-3.1.mca
[20Dec2025 21:38:26.359] [main/INFO] [org.betterx.worlds.together.util.Logger/]: [bclib] Patching... 57%
[20Dec2025 21:38:26.360] [main/INFO] [org.betterx.worlds.together.util.Logger/]: [DataFixerAPI] Inspecting ./world/./entities/r.1.-2.mca
[20Dec2025 21:38:26.359] [ForkJoinPool.commonPool-worker-1/INFO] [org.betterx.worlds.together.util.Logger/]: [DataFixerAPI] Inspecting ./world/./entities/r.1.-5.mca
[20Dec2025 21:38:26.634] [main/INFO] [org.betterx.worlds.together.util.Logger/]: [DataFixerAPI] Inspecting ./world/./entities/r.-9.-5.mca
[20Dec2025 21:38:26.791] [main/INFO] [org.betterx.worlds.together.util.Logger/]: [DataFixerAPI] Inspecting ./world/./entities/r.-7.-10.mca
[20Dec2025 21:38:26.792] [ForkJoinPool.commonPool-worker-1/INFO] [org.betterx.worlds.together.util.Logger/]: [DataFixerAPI] Inspecting ./world/./entities/r.4.-5.mca
[20Dec2025 21:38:26.948] [ForkJoinPool.commonPool-worker-1/INFO] [org.betterx.worlds.together.util.Logger/]: [DataFixerAPI] Inspecting ./world/./entities/r.5.-2.mca
[20Dec2025 21:38:27.077] [main/INFO] [org.betterx.worlds.together.util.Logger/]: [DataFixerAPI] Inspecting ./world/./entities/r.1.-1.mca
[20Dec2025 21:38:27.155] [ForkJoinPool.commonPool-worker-1/INFO] [org.betterx.worlds.together.util.Logger/]: [DataFixerAPI] Inspecting ./world/./entities/r.-3.2.mca
[20Dec2025 21:38:27.304] [ForkJoinPool.commonPool-worker-1/INFO] [org.betterx.worlds.together.util.Logger/]: [DataFixerAPI] Inspecting ./world/./entities/r.1.2.mca
[20Dec2025 21:38:27.333] [main/INFO] [org.betterx.worlds.together.util.Logger/]: [DataFixerAPI] Inspecting ./world/./entities/r.-3.5.mca
[20Dec2025 21:38:27.490] [ForkJoinPool.commonPool-worker-1/INFO] [org.betterx.worlds.together.util.Logger/]: [bclib] Patching... 59%
[20Dec2025 21:38:27.491] [ForkJoinPool.commonPool-worker-1/INFO] [org.betterx.worlds.together.util.Logger/]: [DataFixerAPI] Inspecting ./world/./entities/r.0.-4.mca
[20Dec2025 21:38:27.589] [main/INFO] [org.betterx.worlds.together.util.Logger/]: [DataFixerAPI] Inspecting ./world/./entities/r.3.-4.mca
[20Dec2025 21:38:27.604] [ForkJoinPool.commonPool-worker-3/INFO] [org.betterx.worlds.together.util.Logger/]: [DataFixerAPI] Inspecting ./world/./region/r.-9.-6.mca
[20Dec2025 21:38:27.813] [main/INFO] [org.betterx.worlds.together.util.Logger/]: [DataFixerAPI] Inspecting ./world/./entities/r.-8.-4.mca
[20Dec2025 21:38:27.817] [main/INFO] [org.betterx.worlds.together.util.Logger/]: [DataFixerAPI] Inspecting ./world/./entities/r.-3.-6.mca
[20Dec2025 21:38:27.818] [ForkJoinPool.commonPool-worker-1/INFO] [org.betterx.worlds.together.util.Logger/]: [DataFixerAPI] Inspecting ./world/./entities/r.-3.-7.mca
[20Dec2025 21:38:28.398] [ForkJoinPool.commonPool-worker-1/INFO] [org.betterx.worlds.together.util.Logger/]: [DataFixerAPI] Inspecting ./world/./entities/r.-3.-1.mca
[20Dec2025 21:38:28.405] [ForkJoinPool.commonPool-worker-1/INFO] [org.betterx.worlds.together.util.Logger/]: [DataFixerAPI] Inspecting ./world/./entities/r.-7.-7.mca
[20Dec2025 21:38:28.444] [main/INFO] [org.betterx.worlds.together.util.Logger/]: [DataFixerAPI] Inspecting ./world/./entities/r.-8.-8.mca
[20Dec2025 21:38:28.450] [ForkJoinPool.commonPool-worker-1/INFO] [org.betterx.worlds.together.util.Logger/]: [DataFixerAPI] Inspecting ./world/./entities/r.-7.-9.mca
[20Dec2025 21:38:28.457] [main/INFO] [org.betterx.worlds.together.util.Logger/]: [DataFixerAPI] Inspecting ./world/./entities/r.-2.5.mca
[20Dec2025 21:38:28.561] [ForkJoinPool.commonPool-worker-1/INFO] [org.betterx.worlds.together.util.Logger/]: [bclib] Patching... 61%
[20Dec2025 21:38:28.561] [ForkJoinPool.commonPool-worker-1/INFO] [org.betterx.worlds.together.util.Logger/]: [DataFixerAPI] Inspecting ./world/./entities/r.2.-6.mca
[20Dec2025 21:38:28.564] [ForkJoinPool.commonPool-worker-1/INFO] [org.betterx.worlds.together.util.Logger/]: [DataFixerAPI] Inspecting ./world/./entities/r.-5.6.mca
[20Dec2025 21:38:28.655] [main/INFO] [org.betterx.worlds.together.util.Logger/]: [DataFixerAPI] Inspecting ./world/./entities/r.-8.-5.mca
[20Dec2025 21:38:28.751] [ForkJoinPool.commonPool-worker-1/INFO] [org.betterx.worlds.together.util.Logger/]: [DataFixerAPI] Inspecting ./world/./entities/r.3.-2.mca
[20Dec2025 21:38:28.883] [main/INFO] [org.betterx.worlds.together.util.Logger/]: [DataFixerAPI] Inspecting ./world/./entities/r.-8.-10.mca
[20Dec2025 21:38:28.885] [main/INFO] [org.betterx.worlds.together.util.Logger/]: [DataFixerAPI] Inspecting ./world/./entities/r.0.2.mca
[20Dec2025 21:38:29.115] [ForkJoinPool.commonPool-worker-1/INFO] [org.betterx.worlds.together.util.Logger/]: [DataFixerAPI] Inspecting ./world/./entities/r.-4.-7.mca
[20Dec2025 21:38:29.192] [ForkJoinPool.commonPool-worker-1/INFO] [org.betterx.worlds.together.util.Logger/]: [DataFixerAPI] Inspecting ./world/./entities/r.0.-2.mca
[20Dec2025 21:38:29.193] [main/INFO] [org.betterx.worlds.together.util.Logger/]: [DataFixerAPI] Inspecting ./world/./entities/r.-1.-4.mca
[20Dec2025 21:38:29.292] [ForkJoinPool.commonPool-worker-1/INFO] [org.betterx.worlds.together.util.Logger/]: [DataFixerAPI] Inspecting ./world/./entities/r.3.-1.mca
[20Dec2025 21:38:29.340] [main/INFO] [org.betterx.worlds.together.util.Logger/]: [DataFixerAPI] Inspecting ./world/./entities/r.-4.-9.mca
[20Dec2025 21:38:29.342] [main/INFO] [org.betterx.worlds.together.util.Logger/]: [DataFixerAPI] Inspecting ./world/./entities/r.-4.-3.mca
[20Dec2025 21:38:29.379] [main/INFO] [org.betterx.worlds.together.util.Logger/]: [DataFixerAPI] Inspecting ./world/./entities/r.-2.-5.mca
[20Dec2025 21:38:29.458] [ForkJoinPool.commonPool-worker-1/INFO] [org.betterx.worlds.together.util.Logger/]: [DataFixerAPI] Inspecting ./world/./entities/r.-5.-6.mca
[20Dec2025 21:38:29.469] [ForkJoinPool.commonPool-worker-2/INFO] [org.betterx.worlds.together.util.Logger/]: [DataFixerAPI] Inspecting ./world/./region/r.-2.5.mca
[20Dec2025 21:38:29.765] [ForkJoinPool.commonPool-worker-1/INFO] [org.betterx.worlds.together.util.Logger/]: [bclib] Patching... 64%
[20Dec2025 21:38:29.766] [ForkJoinPool.commonPool-worker-1/INFO] [org.betterx.worlds.together.util.Logger/]: [DataFixerAPI] Inspecting ./world/./entities/r.-9.-4.mca
[20Dec2025 21:38:29.797] [ForkJoinPool.commonPool-worker-1/INFO] [org.betterx.worlds.together.util.Logger/]: [DataFixerAPI] Inspecting ./world/./entities/r.-7.-6.mca
[20Dec2025 21:38:29.797] [main/INFO] [org.betterx.worlds.together.util.Logger/]: [DataFixerAPI] Inspecting ./world/./entities/r.-1.5.mca
[20Dec2025 21:38:29.847] [ForkJoinPool.commonPool-worker-1/INFO] [org.betterx.worlds.together.util.Logger/]: [DataFixerAPI] Inspecting ./world/./entities/r.-3.4.mca
[20Dec2025 21:38:29.888] [main/INFO] [org.betterx.worlds.together.util.Logger/]: [DataFixerAPI] Inspecting ./world/./entities/r.-1.-1.mca
[20Dec2025 21:38:29.939] [ForkJoinPool.commonPool-worker-1/INFO] [org.betterx.worlds.together.util.Logger/]: [DataFixerAPI] Inspecting ./world/./entities/r.-6.-6.mca
[20Dec2025 21:38:30.058] [main/INFO] [org.betterx.worlds.together.util.Logger/]: [DataFixerAPI] Inspecting ./world/./entities/r.1.1.mca
[20Dec2025 21:38:30.105] [main/INFO] [org.betterx.worlds.together.util.Logger/]: [DataFixerAPI] Inspecting ./world/./entities/r.5.-1.mca
[20Dec2025 21:38:30.109] [main/INFO] [org.betterx.worlds.together.util.Logger/]: [DataFixerAPI] Inspecting ./world/./entities/r.4.-3.mca
[20Dec2025 21:38:30.119] [main/INFO] [org.betterx.worlds.together.util.Logger/]: [DataFixerAPI] Inspecting ./world/./entities/r.-5.5.mca
[20Dec2025 21:38:30.213] [ForkJoinPool.commonPool-worker-1/INFO] [org.betterx.worlds.together.util.Logger/]: [DataFixerAPI] Inspecting ./world/./entities/r.-8.-9.mca
[20Dec2025 21:38:30.248] [ForkJoinPool.commonPool-worker-1/INFO] [org.betterx.worlds.together.util.Logger/]: [DataFixerAPI] Inspecting ./world/./entities/r.-2.-6.mca
[20Dec2025 21:38:30.333] [main/INFO] [org.betterx.worlds.together.util.Logger/]: [DataFixerAPI] Inspecting ./world/./entities/r.-7.-5.mca
[20Dec2025 21:38:30.364] [ForkJoinPool.commonPool-worker-1/INFO] [org.betterx.worlds.together.util.Logger/]: [DataFixerAPI] Inspecting ./world/./entities/r.0.-6.mca
[20Dec2025 21:38:30.376] [main/INFO] [org.betterx.worlds.together.util.Logger/]: [DataFixerAPI] Inspecting ./world/./entities/r.-2.1.mca
[20Dec2025 21:38:30.378] [ForkJoinPool.commonPool-worker-1/INFO] [org.betterx.worlds.together.util.Logger/]: [DataFixerAPI] Inspecting ./world/./entities/r.-4.-6.mca
[20Dec2025 21:38:30.388] [ForkJoinPool.commonPool-worker-3/INFO] [org.betterx.worlds.together.util.Logger/]: [DataFixerAPI] Inspecting ./world/./region/r.-2.4.mca
[20Dec2025 21:38:30.777] [main/INFO] [org.betterx.worlds.together.util.Logger/]: [bclib] Patching... 67%
[20Dec2025 21:38:30.777] [main/INFO] [org.betterx.worlds.together.util.Logger/]: [DataFixerAPI] Inspecting ./world/./entities/r.-7.-8.mca
[20Dec2025 21:38:30.884] [ForkJoinPool.commonPool-worker-1/INFO] [org.betterx.worlds.together.util.Logger/]: [DataFixerAPI] Inspecting ./world/./entities/r.-9.-6.mca
[20Dec2025 21:38:31.017] [ForkJoinPool.commonPool-worker-1/INFO] [org.betterx.worlds.together.util.Logger/]: [DataFixerAPI] Inspecting ./world/./entities/r.-2.4.mca
[20Dec2025 21:38:31.085] [main/INFO] [org.betterx.worlds.together.util.Logger/]: [DataFixerAPI] Inspecting ./world/./entities/r.-5.-5.mca
[20Dec2025 21:38:31.097] [ForkJoinPool.commonPool-worker-1/INFO] [org.betterx.worlds.together.util.Logger/]: [DataFixerAPI] Inspecting ./world/./entities/r.-8.-6.mca
[20Dec2025 21:38:31.106] [main/INFO] [org.betterx.worlds.together.util.Logger/]: [DataFixerAPI] Inspecting ./world/./entities/r.-3.3.mca
[20Dec2025 21:38:31.130] [ForkJoinPool.commonPool-worker-1/INFO] [org.betterx.worlds.together.util.Logger/]: [DataFixerAPI] Inspecting ./world/./entities/r.-1.3.mca
[20Dec2025 21:38:31.188] [main/INFO] [org.betterx.worlds.together.util.Logger/]: [DataFixerAPI] Inspecting ./world/./entities/r.2.-5.mca
[20Dec2025 21:38:31.234] [main/INFO] [org.betterx.worlds.together.util.Logger/]: [DataFixerAPI] Inspecting ./world/./entities/r.-6.-11.mca
[20Dec2025 21:38:31.235] [main/INFO] [org.betterx.worlds.together.util.Logger/]: [DataFixerAPI] Inspecting ./world/./entities/r.2.1.mca
[20Dec2025 21:38:31.304] [main/INFO] [org.betterx.worlds.together.util.Logger/]: [DataFixerAPI] Inspecting ./world/./entities/r.3.0.mca
[20Dec2025 21:38:31.409] [main/INFO] [org.betterx.worlds.together.util.Logger/]: [DataFixerAPI] Inspecting ./world/./entities/r.0.-5.mca
[20Dec2025 21:38:31.409] [ForkJoinPool.commonPool-worker-1/INFO] [org.betterx.worlds.together.util.Logger/]: [DataFixerAPI] Inspecting ./world/./entities/r.-6.5.mca
[20Dec2025 21:38:31.487] [ForkJoinPool.commonPool-worker-1/INFO] [org.betterx.worlds.together.util.Logger/]: [DataFixerAPI] Inspecting ./world/./entities/r.4.-1.mca
[20Dec2025 21:38:31.559] [ForkJoinPool.commonPool-worker-1/INFO] [org.betterx.worlds.together.util.Logger/]: [DataFixerAPI] Inspecting ./world/./entities/r.-2.7.mca
[20Dec2025 21:38:31.564] [ForkJoinPool.commonPool-worker-1/INFO] [org.betterx.worlds.together.util.Logger/]: [DataFixerAPI] Inspecting ./world/./entities/r.0.4.mca
[20Dec2025 21:38:31.577] [ForkJoinPool.commonPool-worker-1/INFO] [org.betterx.worlds.together.util.Logger/]: [DataFixerAPI] Inspecting ./world/./entities/r.-2.0.mca
[20Dec2025 21:38:31.626] [main/INFO] [org.betterx.worlds.together.util.Logger/]: [DataFixerAPI] Inspecting ./world/./entities/r.-3.-8.mca
[20Dec2025 21:38:31.629] [main/INFO] [org.betterx.worlds.together.util.Logger/]: [DataFixerAPI] Inspecting ./world/./entities/r.-5.4.mca
[20Dec2025 21:38:31.787] [main/INFO] [org.betterx.worlds.together.util.Logger/]: [bclib] Patching... 71%
[20Dec2025 21:38:31.788] [main/INFO] [org.betterx.worlds.together.util.Logger/]: [DataFixerAPI] Inspecting ./world/./entities/r.2.-1.mca
[20Dec2025 21:38:31.790] [ForkJoinPool.commonPool-worker-1/INFO] [org.betterx.worlds.together.util.Logger/]: [DataFixerAPI] Inspecting ./world/./entities/r.-2.-1.mca
[20Dec2025 21:38:31.842] [ForkJoinPool.commonPool-worker-1/INFO] [org.betterx.worlds.together.util.Logger/]: [DataFixerAPI] Inspecting ./world/./entities/r.0.1.mca
[20Dec2025 21:38:31.907] [ForkJoinPool.commonPool-worker-1/INFO] [org.betterx.worlds.together.util.Logger/]: [DataFixerAPI] Inspecting ./world/./entities/r.-4.5.mca
[20Dec2025 21:38:31.914] [main/INFO] [org.betterx.worlds.together.util.Logger/]: [DataFixerAPI] Inspecting ./world/./entities/r.3.-6.mca
[20Dec2025 21:38:31.917] [main/INFO] [org.betterx.worlds.together.util.Logger/]: [DataFixerAPI] Inspecting ./world/./entities/r.-4.-8.mca
[20Dec2025 21:38:31.917] [ForkJoinPool.commonPool-worker-1/INFO] [org.betterx.worlds.together.util.Logger/]: [DataFixerAPI] Inspecting ./world/./entities/r.4.-2.mca
[20Dec2025 21:38:31.923] [main/INFO] [org.betterx.worlds.together.util.Logger/]: [DataFixerAPI] Inspecting ./world/./entities/r.6.-3.mca
[20Dec2025 21:38:31.927] [main/INFO] [org.betterx.worlds.together.util.Logger/]: [DataFixerAPI] Inspecting ./world/./entities/r.-5.-7.mca
[20Dec2025 21:38:31.939] [main/INFO] [org.betterx.worlds.together.util.Logger/]: [DataFixerAPI] Inspecting ./world/./entities/r.-6.4.mca
[20Dec2025 21:38:31.942] [main/INFO] [org.betterx.worlds.together.util.Logger/]: [DataFixerAPI] Inspecting ./world/./entities/r.-1.2.mca
[20Dec2025 21:38:31.964] [ForkJoinPool.commonPool-worker-1/INFO] [org.betterx.worlds.together.util.Logger/]: [DataFixerAPI] Inspecting ./world/./region/r.-5.-4.mca
[20Dec2025 21:38:31.966] [main/INFO] [org.betterx.worlds.together.util.Logger/]: [DataFixerAPI] Inspecting ./world/./entities/r.-2.-4.mca
[20Dec2025 21:38:31.998] [ForkJoinPool.commonPool-worker-1/INFO] [org.betterx.worlds.together.util.Logger/]: [DataFixerAPI] Inspecting ./world/./region/r.5.-2.mca
[20Dec2025 21:38:32.475] [main/INFO] [org.betterx.worlds.together.util.Logger/]: [DataFixerAPI] Inspecting ./world/./entities/r.2.-3.mca
[20Dec2025 21:38:32.574] [main/INFO] [org.betterx.worlds.together.util.Logger/]: [DataFixerAPI] Inspecting ./world/./entities/r.-1.6.mca
[20Dec2025 21:38:32.622] [main/INFO] [org.betterx.worlds.together.util.Logger/]: [DataFixerAPI] Inspecting ./world/./region/r.0.5.mca
[20Dec2025 21:38:32.806] [ForkJoinPool.commonPool-worker-2/INFO] [org.betterx.worlds.together.util.Logger/]: [bclib] Patching... 74%
[20Dec2025 21:38:32.806] [ForkJoinPool.commonPool-worker-2/INFO] [org.betterx.worlds.together.util.Logger/]: [DataFixerAPI] Inspecting ./world/./region/r.-8.-5.mca
[20Dec2025 21:38:33.245] [main/INFO] [org.betterx.worlds.together.util.Logger/]: [DataFixerAPI] Inspecting ./world/./region/r.-4.3.mca
[20Dec2025 21:38:33.554] [ForkJoinPool.commonPool-worker-3/INFO] [org.betterx.worlds.together.util.Logger/]: [DataFixerAPI] Inspecting ./world/./region/r.-8.-6.mca
[20Dec2025 21:38:34.149] [ForkJoinPool.commonPool-worker-1/INFO] [org.betterx.worlds.together.util.Logger/]: [bclib] Patching... 75%
[20Dec2025 21:38:34.149] [ForkJoinPool.commonPool-worker-1/INFO] [org.betterx.worlds.together.util.Logger/]: [DataFixerAPI] Inspecting ./world/./region/r.-3.2.mca
[20Dec2025 21:38:34.933] [ForkJoinPool.commonPool-worker-2/INFO] [org.betterx.worlds.together.util.Logger/]: [DataFixerAPI] Inspecting ./world/./region/r.-8.-10.mca
[20Dec2025 21:38:35.061] [ForkJoinPool.commonPool-worker-3/INFO] [org.betterx.worlds.together.util.Logger/]: [DataFixerAPI] Inspecting ./world/./region/r.-1.3.mca
[20Dec2025 21:38:35.121] [main/INFO] [org.betterx.worlds.together.util.Logger/]: [DataFixerAPI] Inspecting ./world/./region/r.6.-6.mca
[20Dec2025 21:38:35.230] [main/INFO] [org.betterx.worlds.together.util.Logger/]: [bclib] Patching... 76%
[20Dec2025 21:38:35.230] [main/INFO] [org.betterx.worlds.together.util.Logger/]: [DataFixerAPI] Inspecting ./world/./region/r.5.-5.mca
[20Dec2025 21:38:35.272] [ForkJoinPool.commonPool-worker-2/INFO] [org.betterx.worlds.together.util.Logger/]: [DataFixerAPI] Inspecting ./world/./region/r.0.2.mca
[20Dec2025 21:38:36.786] [ForkJoinPool.commonPool-worker-1/INFO] [org.betterx.worlds.together.util.Logger/]: [bclib] Patching... 76%
[20Dec2025 21:38:36.786] [ForkJoinPool.commonPool-worker-1/INFO] [org.betterx.worlds.together.util.Logger/]: [DataFixerAPI] Inspecting ./world/./region/r.-5.7.mca
[20Dec2025 21:38:36.834] [ForkJoinPool.commonPool-worker-1/INFO] [org.betterx.worlds.together.util.Logger/]: [DataFixerAPI] Inspecting ./world/./region/r.1.2.mca
[20Dec2025 21:38:37.306] [main/INFO] [org.betterx.worlds.together.util.Logger/]: [DataFixerAPI] Inspecting ./world/./region/r.-2.3.mca
[20Dec2025 21:38:37.691] [ForkJoinPool.commonPool-worker-1/INFO] [org.betterx.worlds.together.util.Logger/]: [DataFixerAPI] Inspecting ./world/./region/r.0.-4.mca
[20Dec2025 21:38:38.203] [ForkJoinPool.commonPool-worker-3/INFO] [org.betterx.worlds.together.util.Logger/]: [bclib] Patching... 77%
[20Dec2025 21:38:38.203] [ForkJoinPool.commonPool-worker-3/INFO] [org.betterx.worlds.together.util.Logger/]: [DataFixerAPI] Inspecting ./world/./region/r.-10.-4.mca
[20Dec2025 21:38:38.218] [ForkJoinPool.commonPool-worker-3/INFO] [org.betterx.worlds.together.util.Logger/]: [DataFixerAPI] Inspecting ./world/./region/r.-6.5.mca
[20Dec2025 21:38:38.300] [ForkJoinPool.commonPool-worker-2/INFO] [org.betterx.worlds.together.util.Logger/]: [DataFixerAPI] Inspecting ./world/./region/r.-1.-4.mca
[20Dec2025 21:38:39.404] [ForkJoinPool.commonPool-worker-3/INFO] [org.betterx.worlds.together.util.Logger/]: [bclib] Patching... 78%
[20Dec2025 21:38:39.404] [ForkJoinPool.commonPool-worker-3/INFO] [org.betterx.worlds.together.util.Logger/]: [DataFixerAPI] Inspecting ./world/./region/r.4.-1.mca
[20Dec2025 21:38:39.758] [main/INFO] [org.betterx.worlds.together.util.Logger/]: [DataFixerAPI] Inspecting ./world/./region/r.5.-6.mca
[20Dec2025 21:38:39.770] [main/INFO] [org.betterx.worlds.together.util.Logger/]: [DataFixerAPI] Inspecting ./world/./region/r.1.3.mca
[20Dec2025 21:38:39.857] [ForkJoinPool.commonPool-worker-1/INFO] [org.betterx.worlds.together.util.Logger/]: [DataFixerAPI] Inspecting ./world/./region/r.-3.-7.mca
[20Dec2025 21:38:40.357] [ForkJoinPool.commonPool-worker-2/INFO] [org.betterx.worlds.together.util.Logger/]: [DataFixerAPI] Inspecting ./world/./region/r.-4.-9.mca
[20Dec2025 21:38:40.725] [main/INFO] [org.betterx.worlds.together.util.Logger/]: [bclib] Patching... 79%
[20Dec2025 21:38:40.725] [main/INFO] [org.betterx.worlds.together.util.Logger/]: [DataFixerAPI] Inspecting ./world/./region/r.-5.-10.mca
[20Dec2025 21:38:41.135] [ForkJoinPool.commonPool-worker-2/INFO] [org.betterx.worlds.together.util.Logger/]: [DataFixerAPI] Inspecting ./world/./region/r.-4.-3.mca
[20Dec2025 21:38:41.631] [ForkJoinPool.commonPool-worker-3/INFO] [org.betterx.worlds.together.util.Logger/]: [DataFixerAPI] Inspecting ./world/./region/r.-2.7.mca
[20Dec2025 21:38:42.271] [ForkJoinPool.commonPool-worker-2/INFO] [org.betterx.worlds.together.util.Logger/]: [bclib] Patching... 79%
[20Dec2025 21:38:42.271] [ForkJoinPool.commonPool-worker-2/INFO] [org.betterx.worlds.together.util.Logger/]: [DataFixerAPI] Inspecting ./world/./region/r.-2.-5.mca
[20Dec2025 21:38:42.831] [ForkJoinPool.commonPool-worker-1/INFO] [org.betterx.worlds.together.util.Logger/]: [DataFixerAPI] Inspecting ./world/./region/r.1.-4.mca
[20Dec2025 21:38:42.995] [main/INFO] [org.betterx.worlds.together.util.Logger/]: [DataFixerAPI] Inspecting ./world/./region/r.-5.3.mca
[20Dec2025 21:38:43.277] [ForkJoinPool.commonPool-worker-3/INFO] [org.betterx.worlds.together.util.Logger/]: [bclib] Patching... 80%
[20Dec2025 21:38:43.278] [ForkJoinPool.commonPool-worker-3/INFO] [org.betterx.worlds.together.util.Logger/]: [DataFixerAPI] Inspecting ./world/./region/r.-4.-11.mca
[20Dec2025 21:38:43.363] [ForkJoinPool.commonPool-worker-3/INFO] [org.betterx.worlds.together.util.Logger/]: [DataFixerAPI] Inspecting ./world/./region/r.0.4.mca
[20Dec2025 21:38:44.079] [main/INFO] [org.betterx.worlds.together.util.Logger/]: [DataFixerAPI] Inspecting ./world/./region/r.5.-4.mca
[20Dec2025 21:38:45.065] [ForkJoinPool.commonPool-worker-3/INFO] [org.betterx.worlds.together.util.Logger/]: [bclib] Patching... 80%
[20Dec2025 21:38:45.065] [ForkJoinPool.commonPool-worker-3/INFO] [org.betterx.worlds.together.util.Logger/]: [DataFixerAPI] Inspecting ./world/./region/r.-2.0.mca
[20Dec2025 21:38:45.846] [ForkJoinPool.commonPool-worker-1/INFO] [org.betterx.worlds.together.util.Logger/]: [DataFixerAPI] Inspecting ./world/./region/r.0.-1.mca
[20Dec2025 21:38:45.940] [ForkJoinPool.commonPool-worker-2/INFO] [org.betterx.worlds.together.util.Logger/]: [DataFixerAPI] Inspecting ./world/./region/r.-1.5.mca
[20Dec2025 21:38:46.733] [main/INFO] [org.betterx.worlds.together.util.Logger/]: [bclib] Patching... 81%
[20Dec2025 21:38:46.734] [main/INFO] [org.betterx.worlds.together.util.Logger/]: [DataFixerAPI] Inspecting ./world/./region/r.-2.-3.mca
[20Dec2025 21:38:47.109] [main/INFO] [org.betterx.worlds.together.util.Logger/]: [DataFixerAPI] Inspecting ./world/./region/r.-4.-1.mca
[20Dec2025 21:38:47.112] [main/INFO] [org.betterx.worlds.together.util.Logger/]: [DataFixerAPI] Inspecting ./world/./region/r.-5.-9.mca
[20Dec2025 21:38:47.427] [ForkJoinPool.commonPool-worker-3/INFO] [org.betterx.worlds.together.util.Logger/]: [DataFixerAPI] Inspecting ./world/./region/r.-2.-1.mca
[20Dec2025 21:38:48.132] [ForkJoinPool.commonPool-worker-1/INFO] [org.betterx.worlds.together.util.Logger/]: [bclib] Patching... 82%
[20Dec2025 21:38:48.133] [ForkJoinPool.commonPool-worker-1/INFO] [org.betterx.worlds.together.util.Logger/]: [DataFixerAPI] Inspecting ./world/./region/r.6.-4.mca
[20Dec2025 21:38:48.173] [ForkJoinPool.commonPool-worker-2/INFO] [org.betterx.worlds.together.util.Logger/]: [DataFixerAPI] Inspecting ./world/./region/r.-1.-1.mca
[20Dec2025 21:38:49.228] [ForkJoinPool.commonPool-worker-3/INFO] [org.betterx.worlds.together.util.Logger/]: [bclib] Patching... 82%
[20Dec2025 21:38:49.228] [ForkJoinPool.commonPool-worker-3/INFO] [org.betterx.worlds.together.util.Logger/]: [DataFixerAPI] Inspecting ./world/./region/r.0.1.mca
[20Dec2025 21:38:49.847] [ForkJoinPool.commonPool-worker-1/INFO] [org.betterx.worlds.together.util.Logger/]: [DataFixerAPI] Inspecting ./world/./region/r.-1.-2.mca
[20Dec2025 21:38:49.854] [main/INFO] [org.betterx.worlds.together.util.Logger/]: [DataFixerAPI] Inspecting ./world/./region/r.5.-3.mca
[20Dec2025 21:38:50.958] [ForkJoinPool.commonPool-worker-2/INFO] [org.betterx.worlds.together.util.Logger/]: [bclib] Patching... 83%
[20Dec2025 21:38:50.958] [ForkJoinPool.commonPool-worker-2/INFO] [org.betterx.worlds.together.util.Logger/]: [DataFixerAPI] Inspecting ./world/./region/r.1.1.mca
[20Dec2025 21:38:51.689] [ForkJoinPool.commonPool-worker-1/INFO] [org.betterx.worlds.together.util.Logger/]: [DataFixerAPI] Inspecting ./world/./region/r.-1.4.mca
[20Dec2025 21:38:52.218] [main/INFO] [org.betterx.worlds.together.util.Logger/]: [bclib] Patching... 83%
[20Dec2025 21:38:52.218] [main/INFO] [org.betterx.worlds.together.util.Logger/]: [DataFixerAPI] Inspecting ./world/./region/r.0.-7.mca
[20Dec2025 21:38:52.505] [ForkJoinPool.commonPool-worker-3/INFO] [org.betterx.worlds.together.util.Logger/]: [DataFixerAPI] Inspecting ./world/./region/r.-4.5.mca
[20Dec2025 21:38:52.886] [main/INFO] [org.betterx.worlds.together.util.Logger/]: [DataFixerAPI] Inspecting ./world/./region/r.2.0.mca
[20Dec2025 21:38:53.941] [ForkJoinPool.commonPool-worker-2/INFO] [org.betterx.worlds.together.util.Logger/]: [bclib] Patching... 84%
[20Dec2025 21:38:53.942] [ForkJoinPool.commonPool-worker-2/INFO] [org.betterx.worlds.together.util.Logger/]: [DataFixerAPI] Inspecting ./world/./region/r.5.-1.mca
[20Dec2025 21:38:54.084] [ForkJoinPool.commonPool-worker-3/INFO] [org.betterx.worlds.together.util.Logger/]: [DataFixerAPI] Inspecting ./world/./region/r.4.-2.mca
[20Dec2025 21:38:54.388] [ForkJoinPool.commonPool-worker-2/INFO] [org.betterx.worlds.together.util.Logger/]: [DataFixerAPI] Inspecting ./world/./region/r.4.-3.mca
[20Dec2025 21:38:54.579] [ForkJoinPool.commonPool-worker-1/INFO] [org.betterx.worlds.together.util.Logger/]: [DataFixerAPI] Inspecting ./world/./region/r.-2.6.mca
[20Dec2025 21:38:55.249] [main/INFO] [org.betterx.worlds.together.util.Logger/]: [bclib] Patching... 84%
[20Dec2025 21:38:55.249] [main/INFO] [org.betterx.worlds.together.util.Logger/]: [DataFixerAPI] Inspecting ./world/./region/r.-6.-8.mca
[20Dec2025 21:38:55.796] [ForkJoinPool.commonPool-worker-2/INFO] [org.betterx.worlds.together.util.Logger/]: [DataFixerAPI] Inspecting ./world/./region/r.-1.7.mca
[20Dec2025 21:38:55.853] [main/INFO] [org.betterx.worlds.together.util.Logger/]: [DataFixerAPI] Inspecting ./world/./region/r.-3.7.mca
[20Dec2025 21:38:55.992] [ForkJoinPool.commonPool-worker-3/INFO] [org.betterx.worlds.together.util.Logger/]: [DataFixerAPI] Inspecting ./world/./region/r.-3.-4.mca
[20Dec2025 21:38:56.323] [ForkJoinPool.commonPool-worker-2/INFO] [org.betterx.worlds.together.util.Logger/]: [bclib] Patching... 85%
[20Dec2025 21:38:56.323] [ForkJoinPool.commonPool-worker-2/INFO] [org.betterx.worlds.together.util.Logger/]: [DataFixerAPI] Inspecting ./world/./region/r.-5.5.mca
[20Dec2025 21:38:57.075] [ForkJoinPool.commonPool-worker-1/INFO] [org.betterx.worlds.together.util.Logger/]: [DataFixerAPI] Inspecting ./world/./region/r.-8.-7.mca
[20Dec2025 21:38:57.800] [main/INFO] [org.betterx.worlds.together.util.Logger/]: [bclib] Patching... 86%
[20Dec2025 21:38:57.800] [main/INFO] [org.betterx.worlds.together.util.Logger/]: [DataFixerAPI] Inspecting ./world/./region/r.-9.-7.mca
[20Dec2025 21:38:58.232] [main/INFO] [org.betterx.worlds.together.util.Logger/]: [DataFixerAPI] Inspecting ./world/./region/r.3.-5.mca
[20Dec2025 21:38:58.697] [ForkJoinPool.commonPool-worker-2/INFO] [org.betterx.worlds.together.util.Logger/]: [DataFixerAPI] Inspecting ./world/./region/r.-7.-5.mca
[20Dec2025 21:38:59.088] [ForkJoinPool.commonPool-worker-3/INFO] [org.betterx.worlds.together.util.Logger/]: [bclib] Patching... 86%
[20Dec2025 21:38:59.088] [ForkJoinPool.commonPool-worker-3/INFO] [org.betterx.worlds.together.util.Logger/]: [DataFixerAPI] Inspecting ./world/./region/r.0.6.mca
[20Dec2025 21:38:59.094] [ForkJoinPool.commonPool-worker-3/INFO] [org.betterx.worlds.together.util.Logger/]: [DataFixerAPI] Inspecting ./world/./region/r.-4.-5.mca
[20Dec2025 21:38:59.755] [ForkJoinPool.commonPool-worker-1/INFO] [org.betterx.worlds.together.util.Logger/]: [DataFixerAPI] Inspecting ./world/./region/r.-3.-5.mca
[20Dec2025 21:39:00.505] [main/INFO] [org.betterx.worlds.together.util.Logger/]: [bclib] Patching... 87%
[20Dec2025 21:39:00.506] [main/INFO] [org.betterx.worlds.together.util.Logger/]: [DataFixerAPI] Inspecting ./world/./region/r.-4.1.mca
[20Dec2025 21:39:00.513] [main/INFO] [org.betterx.worlds.together.util.Logger/]: [DataFixerAPI] Inspecting ./world/./region/r.-6.-9.mca
[20Dec2025 21:39:00.793] [ForkJoinPool.commonPool-worker-2/INFO] [org.betterx.worlds.together.util.Logger/]: [DataFixerAPI] Inspecting ./world/./region/r.-2.1.mca
[20Dec2025 21:39:01.221] [ForkJoinPool.commonPool-worker-3/INFO] [org.betterx.worlds.together.util.Logger/]: [DataFixerAPI] Inspecting ./world/./region/r.-4.-4.mca
[20Dec2025 21:39:02.155] [ForkJoinPool.commonPool-worker-1/INFO] [org.betterx.worlds.together.util.Logger/]: [bclib] Patching... 88%
[20Dec2025 21:39:02.156] [ForkJoinPool.commonPool-worker-1/INFO] [org.betterx.worlds.together.util.Logger/]: [DataFixerAPI] Inspecting ./world/./region/r.-5.-8.mca
[20Dec2025 21:39:02.714] [main/INFO] [org.betterx.worlds.together.util.Logger/]: [DataFixerAPI] Inspecting ./world/./region/r.4.-4.mca
[20Dec2025 21:39:03.128] [ForkJoinPool.commonPool-worker-3/INFO] [org.betterx.worlds.together.util.Logger/]: [DataFixerAPI] Inspecting ./world/./region/r.-5.-5.mca
[20Dec2025 21:39:03.280] [ForkJoinPool.commonPool-worker-2/INFO] [org.betterx.worlds.together.util.Logger/]: [bclib] Patching... 88%
[20Dec2025 21:39:03.280] [ForkJoinPool.commonPool-worker-2/INFO] [org.betterx.worlds.together.util.Logger/]: [DataFixerAPI] Inspecting ./world/./region/r.-7.-8.mca
[20Dec2025 21:39:03.764] [main/INFO] [org.betterx.worlds.together.util.Logger/]: [DataFixerAPI] Inspecting ./world/./region/r.-6.6.mca
[20Dec2025 21:39:04.124] [ForkJoinPool.commonPool-worker-3/INFO] [org.betterx.worlds.together.util.Logger/]: [DataFixerAPI] Inspecting ./world/./region/r.-3.3.mca
[20Dec2025 21:39:04.449] [ForkJoinPool.commonPool-worker-1/INFO] [org.betterx.worlds.together.util.Logger/]: [bclib] Patching... 89%
[20Dec2025 21:39:04.449] [ForkJoinPool.commonPool-worker-1/INFO] [org.betterx.worlds.together.util.Logger/]: [DataFixerAPI] Inspecting ./world/./region/r.0.-3.mca
[20Dec2025 21:39:04.849] [main/INFO] [org.betterx.worlds.together.util.Logger/]: [DataFixerAPI] Inspecting ./world/./region/r.-6.-7.mca
[20Dec2025 21:39:05.735] [ForkJoinPool.commonPool-worker-2/INFO] [org.betterx.worlds.together.util.Logger/]: [bclib] Patching... 89%
[20Dec2025 21:39:05.755] [main/INFO] [org.betterx.worlds.together.util.Logger/]: [DataFixerAPI] Inspecting ./world/./region/r.2.-4.mca
[20Dec2025 21:39:06.281] [ForkJoinPool.commonPool-worker-3/INFO] [org.betterx.worlds.together.util.Logger/]: [DataFixerAPI] Inspecting ./world/./region/r.2.-5.mca
[20Dec2025 21:39:06.530] [ForkJoinPool.commonPool-worker-1/INFO] [org.betterx.worlds.together.util.Logger/]: [DataFixerAPI] Inspecting ./world/./region/r.-1.-7.mca
[20Dec2025 21:39:07.291] [ForkJoinPool.commonPool-worker-1/INFO] [org.betterx.worlds.together.util.Logger/]: [bclib] Patching... 90%
[20Dec2025 21:39:07.291] [ForkJoinPool.commonPool-worker-1/INFO] [org.betterx.worlds.together.util.Logger/]: [DataFixerAPI] Inspecting ./world/./region/r.-7.-4.mca
[20Dec2025 21:39:07.314] [ForkJoinPool.commonPool-worker-1/INFO] [org.betterx.worlds.together.util.Logger/]: [DataFixerAPI] Inspecting ./world/./region/r.-3.-3.mca
[20Dec2025 21:39:07.709] [main/INFO] [org.betterx.worlds.together.util.Logger/]: [DataFixerAPI] Inspecting ./world/./region/r.0.0.mca
[20Dec2025 21:39:07.972] [ForkJoinPool.commonPool-worker-3/INFO] [org.betterx.worlds.together.util.Logger/]: [DataFixerAPI] Inspecting ./world/./region/r.-6.-11.mca
[20Dec2025 21:39:08.519] [ForkJoinPool.commonPool-worker-3/INFO] [org.betterx.worlds.together.util.Logger/]: [bclib] Patching... 91%
[20Dec2025 21:39:08.520] [ForkJoinPool.commonPool-worker-3/INFO] [org.betterx.worlds.together.util.Logger/]: [DataFixerAPI] Inspecting ./world/./region/r.2.1.mca
[20Dec2025 21:39:08.719] [ForkJoinPool.commonPool-worker-1/INFO] [org.betterx.worlds.together.util.Logger/]: [DataFixerAPI] Inspecting ./world/./region/r.-6.-5.mca
[20Dec2025 21:39:09.266] [ForkJoinPool.commonPool-worker-3/INFO] [org.betterx.worlds.together.util.Logger/]: [DataFixerAPI] Inspecting ./world/./region/r.3.0.mca
[20Dec2025 21:39:09.725] [main/INFO] [org.betterx.worlds.together.util.Logger/]: [bclib] Patching... 91%
[20Dec2025 21:39:09.725] [main/INFO] [org.betterx.worlds.together.util.Logger/]: [DataFixerAPI] Inspecting ./world/./region/r.-4.-10.mca
[20Dec2025 21:39:09.729] [ForkJoinPool.commonPool-worker-3/INFO] [org.betterx.worlds.together.util.Logger/]: [DataFixerAPI] Inspecting ./world/./region/r.0.-5.mca
[20Dec2025 21:39:09.985] [main/INFO] [org.betterx.worlds.together.util.Logger/]: [DataFixerAPI] Inspecting ./world/./region/r.1.-5.mca
[20Dec2025 21:39:10.321] [ForkJoinPool.commonPool-worker-1/INFO] [org.betterx.worlds.together.util.Logger/]: [DataFixerAPI] Inspecting ./world/./region/r.-8.-11.mca
[20Dec2025 21:39:10.326] [ForkJoinPool.commonPool-worker-1/INFO] [org.betterx.worlds.together.util.Logger/]: [DataFixerAPI] Inspecting ./world/./region/r.-1.0.mca
[20Dec2025 21:39:11.407] [ForkJoinPool.commonPool-worker-3/INFO] [org.betterx.worlds.together.util.Logger/]: [bclib] Patching... 92%
[20Dec2025 21:39:11.407] [ForkJoinPool.commonPool-worker-3/INFO] [org.betterx.worlds.together.util.Logger/]: [DataFixerAPI] Inspecting ./world/./region/r.-3.-8.mca
[20Dec2025 21:39:11.409] [main/INFO] [org.betterx.worlds.together.util.Logger/]: [DataFixerAPI] Inspecting ./world/./region/r.-2.-2.mca
[20Dec2025 21:39:11.497] [main/INFO] [org.betterx.worlds.together.util.Logger/]: [DataFixerAPI] Inspecting ./world/./region/r.4.-5.mca
[20Dec2025 21:39:11.948] [ForkJoinPool.commonPool-worker-1/INFO] [org.betterx.worlds.together.util.Logger/]: [DataFixerAPI] Inspecting ./world/./region/r.3.1.mca
[20Dec2025 21:39:11.950] [ForkJoinPool.commonPool-worker-1/INFO] [org.betterx.worlds.together.util.Logger/]: [DataFixerAPI] Inspecting ./world/./region/r.1.-3.mca
[20Dec2025 21:39:12.204] [ForkJoinPool.commonPool-worker-3/INFO] [org.betterx.worlds.together.util.Logger/]: [DataFixerAPI] Inspecting ./world/./region/r.-5.4.mca
[20Dec2025 21:39:13.050] [main/INFO] [org.betterx.worlds.together.util.Logger/]: [bclib] Patching... 93%
[20Dec2025 21:39:13.258] [ForkJoinPool.commonPool-worker-3/INFO] [org.betterx.worlds.together.util.Logger/]: [DataFixerAPI] Inspecting ./world/./region/r.4.-6.mca
[20Dec2025 21:39:13.388] [ForkJoinPool.commonPool-worker-3/INFO] [org.betterx.worlds.together.util.Logger/]: [DataFixerAPI] Inspecting ./world/./region/r.2.-1.mca
[20Dec2025 21:39:13.901] [ForkJoinPool.commonPool-worker-1/INFO] [org.betterx.worlds.together.util.Logger/]: [DataFixerAPI] Inspecting ./world/./region/r.-6.7.mca
[20Dec2025 21:39:14.053] [ForkJoinPool.commonPool-worker-1/INFO] [org.betterx.worlds.together.util.Logger/]: [bclib] Patching... 94%
[20Dec2025 21:39:14.053] [ForkJoinPool.commonPool-worker-1/INFO] [org.betterx.worlds.together.util.Logger/]: [DataFixerAPI] Inspecting ./world/./region/r.-4.6.mca
[20Dec2025 21:39:14.758] [ForkJoinPool.commonPool-worker-1/INFO] [org.betterx.worlds.together.util.Logger/]: [DataFixerAPI] Inspecting ./world/./region/r.0.3.mca
[20Dec2025 21:39:15.609] [ForkJoinPool.commonPool-worker-3/INFO] [org.betterx.worlds.together.util.Logger/]: [bclib] Patching... 95%
[20Dec2025 21:39:15.610] [ForkJoinPool.commonPool-worker-3/INFO] [org.betterx.worlds.together.util.Logger/]: [DataFixerAPI] Inspecting ./world/./region/r.3.-6.mca
[20Dec2025 21:39:15.880] [ForkJoinPool.commonPool-worker-3/INFO] [org.betterx.worlds.together.util.Logger/]: [DataFixerAPI] Inspecting ./world/./region/r.-4.-8.mca
[20Dec2025 21:39:16.164] [ForkJoinPool.commonPool-worker-1/INFO] [org.betterx.worlds.together.util.Logger/]: [DataFixerAPI] Inspecting ./world/./region/r.-1.1.mca
[20Dec2025 21:39:16.569] [ForkJoinPool.commonPool-worker-3/INFO] [org.betterx.worlds.together.util.Logger/]: [DataFixerAPI] Inspecting ./world/./region/r.6.-3.mca
[20Dec2025 21:39:16.879] [ForkJoinPool.commonPool-worker-3/INFO] [org.betterx.worlds.together.util.Logger/]: [bclib] Patching... 95%
[20Dec2025 21:39:16.879] [ForkJoinPool.commonPool-worker-3/INFO] [org.betterx.worlds.together.util.Logger/]: [DataFixerAPI] Inspecting ./world/./region/r.-5.-7.mca
[20Dec2025 21:39:17.436] [ForkJoinPool.commonPool-worker-1/INFO] [org.betterx.worlds.together.util.Logger/]: [DataFixerAPI] Inspecting ./world/./region/r.1.-6.mca
[20Dec2025 21:39:17.848] [ForkJoinPool.commonPool-worker-3/INFO] [org.betterx.worlds.together.util.Logger/]: [DataFixerAPI] Inspecting ./world/./region/r.-6.4.mca
[20Dec2025 21:39:18.106] [ForkJoinPool.commonPool-worker-1/INFO] [org.betterx.worlds.together.util.Logger/]: [bclib] Patching... 96%
[20Dec2025 21:39:18.106] [ForkJoinPool.commonPool-worker-1/INFO] [org.betterx.worlds.together.util.Logger/]: [DataFixerAPI] Inspecting ./world/./region/r.-1.-3.mca
[20Dec2025 21:39:18.214] [ForkJoinPool.commonPool-worker-3/INFO] [org.betterx.worlds.together.util.Logger/]: [DataFixerAPI] Inspecting ./world/./region/r.-1.2.mca
[20Dec2025 21:39:18.784] [ForkJoinPool.commonPool-worker-3/INFO] [org.betterx.worlds.together.util.Logger/]: [DataFixerAPI] Inspecting ./world/./region/r.-2.-4.mca
[20Dec2025 21:39:19.679] [ForkJoinPool.commonPool-worker-3/INFO] [org.betterx.worlds.together.util.Logger/]: [bclib] Patching... 97%
[20Dec2025 21:39:19.679] [ForkJoinPool.commonPool-worker-3/INFO] [org.betterx.worlds.together.util.Logger/]: [DataFixerAPI] Inspecting ./world/./region/r.2.-3.mca
[20Dec2025 21:39:20.448] [ForkJoinPool.commonPool-worker-3/INFO] [org.betterx.worlds.together.util.Logger/]: [DataFixerAPI] Inspecting ./world/./region/r.-1.6.mca
[20Dec2025 21:39:20.713] [ForkJoinPool.commonPool-worker-3/INFO] [org.betterx.worlds.together.util.Logger/]: [bclib] Patching... 97%
[20Dec2025 21:39:20.713] [ForkJoinPool.commonPool-worker-3/INFO] [org.betterx.worlds.together.util.Logger/]: [DataFixerAPI] Inspecting ./world/./region/r.-4.0.mca
[20Dec2025 21:39:20.718] [ForkJoinPool.commonPool-worker-3/INFO] [org.betterx.worlds.together.util.Logger/]: [DataFixerAPI] Inspecting ./world/./region/r.-3.-1.mca
[20Dec2025 21:39:21.087] [ForkJoinPool.commonPool-worker-3/INFO] [org.betterx.worlds.together.util.Logger/]: [DataFixerAPI] Inspecting ./world/./region/r.-6.3.mca
[20Dec2025 21:39:21.089] [ForkJoinPool.commonPool-worker-3/INFO] [org.betterx.worlds.together.util.Logger/]: [DataFixerAPI] Inspecting ./world/./region/r.-9.-8.mca
[20Dec2025 21:39:21.092] [ForkJoinPool.commonPool-worker-3/INFO] [org.betterx.worlds.together.util.Logger/]: [DataFixerAPI] Inspecting ./world/./region/r.-7.-7.mca
[20Dec2025 21:39:21.891] [ForkJoinPool.commonPool-worker-3/INFO] [org.betterx.worlds.together.util.Logger/]: [bclib] Patching... 98%
[20Dec2025 21:39:21.891] [ForkJoinPool.commonPool-worker-3/INFO] [org.betterx.worlds.together.util.Logger/]: [DataFixerAPI] Inspecting ./world/./region/r.-7.-9.mca
[20Dec2025 21:39:22.491] [ForkJoinPool.commonPool-worker-3/INFO] [org.betterx.worlds.together.util.Logger/]: [DataFixerAPI] Inspecting ./world/./region/r.2.-6.mca
[20Dec2025 21:39:22.857] [ForkJoinPool.commonPool-worker-3/INFO] [org.betterx.worlds.together.util.Logger/]: [DataFixerAPI] Inspecting ./world/./region/r.-5.6.mca
[20Dec2025 21:39:23.654] [ForkJoinPool.commonPool-worker-3/INFO] [org.betterx.worlds.together.util.Logger/]: [bclib] Patching... 99%
[20Dec2025 21:39:23.654] [ForkJoinPool.commonPool-worker-3/INFO] [org.betterx.worlds.together.util.Logger/]: [DataFixerAPI] Inspecting ./world/./region/r.3.-2.mca
[20Dec2025 21:39:24.104] [ForkJoinPool.commonPool-worker-3/INFO] [org.betterx.worlds.together.util.Logger/]: [DataFixerAPI] Inspecting ./world/./region/r.-4.-7.mca
[20Dec2025 21:39:24.851] [ForkJoinPool.commonPool-worker-3/INFO] [org.betterx.worlds.together.util.Logger/]: [bclib] Patching... 99%
[20Dec2025 21:39:24.851] [ForkJoinPool.commonPool-worker-3/INFO] [org.betterx.worlds.together.util.Logger/]: [DataFixerAPI] Inspecting ./world/./region/r.-2.-8.mca
[20Dec2025 21:39:24.871] [main/INFO] [org.betterx.worlds.together.util.Logger/]: [bclib] Patcher Stage... message.bclib.datafixer.progress.saving%
[20Dec2025 21:39:24.872] [main/INFO] [org.betterx.worlds.together.util.Logger/]: [DataFixerAPI] Updating Patch-Level for 'betternether' from 0.0.0 to 9.0.1
[20Dec2025 21:39:24.873] [main/INFO] [org.betterx.worlds.together.util.Logger/]: [DataFixerAPI] Updating Patch-Level for 'bclib' from 0.0.0 to 3.0.11
[20Dec2025 21:39:24.885] [main/WARN] [net.minecraft.server.packs.VanillaPackResourcesBuilder/]: Assets URL 'union:/workspaces/SERVER-1/servidor_minecraft/libraries/net/minecraft/server/1.20.1-20230612.114412/server-1.20.1-20230612.114412-srg.jar%23313!/assets/.mcassetsroot' uses unexpected schema
[20Dec2025 21:39:24.886] [main/WARN] [net.minecraft.server.packs.VanillaPackResourcesBuilder/]: Assets URL 'union:/workspaces/SERVER-1/servidor_minecraft/libraries/net/minecraft/server/1.20.1-20230612.114412/server-1.20.1-20230612.114412-srg.jar%23313!/data/.mcassetsroot' uses unexpected schema
[20Dec2025 21:39:25.377] [main/INFO] [com.teamabnormals.blueprint.core.Blueprint/]: Successfully loaded 0 data remolders!
[20Dec2025 21:39:25.400] [main/INFO] [net.minecraft.resources.RegistryDataLoader/]: Using path as content location for registry worlds_together:worldgen/betterx/biome
[20Dec2025 21:39:25.419] [main/INFO] [org.betterx.worlds.together.util.Logger/]: [bclib] Did not manage biome betterend:empty_aurora_cave
[20Dec2025 21:39:25.420] [main/INFO] [org.betterx.worlds.together.util.Logger/]: [bclib] Did not manage biome betterend:empty_end_cave
[20Dec2025 21:39:25.420] [main/INFO] [org.betterx.worlds.together.util.Logger/]: [bclib] Did not manage biome betterend:empty_smaragdant_cave
[20Dec2025 21:39:25.423] [main/INFO] [org.betterx.worlds.together.util.Logger/]: [bclib] Did not manage biome betterend:jade_cave
[20Dec2025 21:39:25.425] [main/INFO] [org.betterx.worlds.together.util.Logger/]: [bclib] Did not manage biome betterend:lush_aurora_cave
[20Dec2025 21:39:25.426] [main/INFO] [org.betterx.worlds.together.util.Logger/]: [bclib] Did not manage biome betterend:lush_smaragdant_cave
[20Dec2025 21:39:25.427] [main/INFO] [org.betterx.worlds.together.util.Logger/]: [bclib] Did not manage biome betterend:megalake_grove
[20Dec2025 21:39:25.427] [main/INFO] [org.betterx.worlds.together.util.Logger/]: [bclib] Did not manage biome betterend:neon_oasis
[20Dec2025 21:39:25.430] [main/INFO] [org.betterx.worlds.together.util.Logger/]: [bclib] Did not manage biome betterend:painted_mountains
[20Dec2025 21:39:26.171] [main/INFO] [bettervillage/]: StructureSet modified for minecraft:village : Now using custom village configuration (can be disabled in the better villages config: boolean.villages.enabled_custom_config).
[20Dec2025 21:39:26.440] [main/INFO] [org.betterx.worlds.together.util.Logger/]: [bclib] Updating Pickers for BCLib - The End  BiomeSource (cb4693a)
[20Dec2025 21:39:26.442] [main/INFO] [org.betterx.worlds.together.util.Logger/]: [bclib] Unable to build Biome List yet
[20Dec2025 21:39:26.443] [main/INFO] [org.betterx.worlds.together.util.Logger/]: [bclib] No Void Biomes found. Disabling by using barrens
[20Dec2025 21:39:26.443] [main/INFO] [org.betterx.worlds.together.util.Logger/]: [bclib] No Barrens Biomes found. Disabling by using land Biomes
[20Dec2025 21:39:26.443] [main/WARN] [org.betterx.worlds.together.util.Logger/]: [bclib] No Center Island Biomes found. Forcing use of vanilla center.
[20Dec2025 21:39:26.509] [main/INFO] [org.betterx.worlds.together.util.Logger/]: [bclib] Make sure features are loaded from terrablender:org.betterx.bclib.api.v2.generator.BCLibEndBiomeSource
[20Dec2025 21:39:26.510] [main/INFO] [org.betterx.worlds.together.util.Logger/]: [bclib] Updating Pickers for BCLib - Nether BiomeSource (5c40051c)
[20Dec2025 21:39:26.510] [main/INFO] [org.betterx.worlds.together.util.Logger/]: [bclib] Unable to build Biome List yet
[20Dec2025 21:39:26.516] [main/INFO] [org.betterx.worlds.together.util.Logger/]: [bclib] Make sure features are loaded from terrablender:org.betterx.bclib.api.v2.generator.BCLibNetherBiomeSource
[20Dec2025 21:39:26.521] [main/INFO] [org.betterx.worlds.together.util.Logger/]: [bclib] Updating Pickers for BCLib - The End  BiomeSource (6813b12e)
[20Dec2025 21:39:26.522] [main/INFO] [org.betterx.worlds.together.util.Logger/]: [bclib] Unable to build Biome List yet
[20Dec2025 21:39:26.522] [main/INFO] [org.betterx.worlds.together.util.Logger/]: [bclib] No Void Biomes found. Disabling by using barrens
[20Dec2025 21:39:26.522] [main/INFO] [org.betterx.worlds.together.util.Logger/]: [bclib] No Barrens Biomes found. Disabling by using land Biomes
[20Dec2025 21:39:26.522] [main/WARN] [org.betterx.worlds.together.util.Logger/]: [bclib] No Center Island Biomes found. Forcing use of vanilla center.
[20Dec2025 21:39:26.522] [main/INFO] [org.betterx.worlds.together.util.Logger/]: [bclib] Make sure features are loaded from terrablender:org.betterx.bclib.api.v2.generator.BCLibEndBiomeSource
[20Dec2025 21:39:26.523] [main/INFO] [org.betterx.worlds.together.util.Logger/]: [bclib] Updating Pickers for BCLib - Nether BiomeSource (de98fbe)
[20Dec2025 21:39:26.523] [main/INFO] [org.betterx.worlds.together.util.Logger/]: [bclib] Unable to build Biome List yet
[20Dec2025 21:39:26.523] [main/INFO] [org.betterx.worlds.together.util.Logger/]: [bclib] Make sure features are loaded from terrablender:org.betterx.bclib.api.v2.generator.BCLibNetherBiomeSource
[20Dec2025 21:39:26.524] [main/INFO] [org.betterx.worlds.together.util.Logger/]: [bclib] Updating Pickers for BCLib - The End  BiomeSource (66a44d22)
[20Dec2025 21:39:26.524] [main/INFO] [org.betterx.worlds.together.util.Logger/]: [bclib] Unable to build Biome List yet
[20Dec2025 21:39:26.524] [main/INFO] [org.betterx.worlds.together.util.Logger/]: [bclib] No Void Biomes found. Disabling by using barrens
[20Dec2025 21:39:26.524] [main/INFO] [org.betterx.worlds.together.util.Logger/]: [bclib] No Barrens Biomes found. Disabling by using land Biomes
[20Dec2025 21:39:26.524] [main/WARN] [org.betterx.worlds.together.util.Logger/]: [bclib] No Center Island Biomes found. Forcing use of vanilla center.
[20Dec2025 21:39:26.526] [main/INFO] [org.betterx.worlds.together.util.Logger/]: [bclib] Make sure features are loaded from terrablender:org.betterx.bclib.api.v2.generator.BCLibEndBiomeSource
[20Dec2025 21:39:26.526] [main/INFO] [org.betterx.worlds.together.util.Logger/]: [bclib] Updating Pickers for BCLib - Nether BiomeSource (3d174c4b)
[20Dec2025 21:39:26.526] [main/INFO] [org.betterx.worlds.together.util.Logger/]: [bclib] Unable to build Biome List yet
[20Dec2025 21:39:26.527] [main/INFO] [org.betterx.worlds.together.util.Logger/]: [bclib] Make sure features are loaded from terrablender:org.betterx.bclib.api.v2.generator.BCLibNetherBiomeSource
[20Dec2025 21:39:26.527] [main/INFO] [org.betterx.worlds.together.util.Logger/]: [bclib] Updating Pickers for BCLib - The End  BiomeSource (2d322aa6)
[20Dec2025 21:39:26.527] [main/INFO] [org.betterx.worlds.together.util.Logger/]: [bclib] Unable to build Biome List yet
[20Dec2025 21:39:26.527] [main/INFO] [org.betterx.worlds.together.util.Logger/]: [bclib] No Void Biomes found. Disabling by using barrens
[20Dec2025 21:39:26.527] [main/INFO] [org.betterx.worlds.together.util.Logger/]: [bclib] No Barrens Biomes found. Disabling by using land Biomes
[20Dec2025 21:39:26.527] [main/WARN] [org.betterx.worlds.together.util.Logger/]: [bclib] No Center Island Biomes found. Forcing use of vanilla center.
[20Dec2025 21:39:26.528] [main/INFO] [org.betterx.worlds.together.util.Logger/]: [bclib] Make sure features are loaded from terrablender:org.betterx.bclib.api.v2.generator.BCLibEndBiomeSource
[20Dec2025 21:39:26.528] [main/INFO] [org.betterx.worlds.together.util.Logger/]: [bclib] Updating Pickers for BCLib - Nether BiomeSource (5820f0da)
[20Dec2025 21:39:26.528] [main/INFO] [org.betterx.worlds.together.util.Logger/]: [bclib] Unable to build Biome List yet
[20Dec2025 21:39:26.529] [main/INFO] [org.betterx.worlds.together.util.Logger/]: [bclib] Make sure features are loaded from terrablender:org.betterx.bclib.api.v2.generator.BCLibNetherBiomeSource
[20Dec2025 21:39:26.715] [main/INFO] [net.minecraft.resources.RegistryDataLoader/]: Using path as content location for registry worlds_together:worldgen/betterx/surface_rules
[20Dec2025 21:39:26.753] [main/INFO] [org.betterx.worlds.together.util.Logger/]: [betternether] Freeze Registry[ResourceKey[minecraft:root / worlds_together:worldgen/betterx/surface_rules] (Stable)]
[20Dec2025 21:39:26.754] [main/INFO] [org.betterx.worlds.together.util.Logger/]: [betternether] Freeze Registry[ResourceKey[minecraft:root / worlds_together:worldgen/betterx/surface_rules] (Stable)]
[20Dec2025 21:39:26.756] [main/INFO] [org.betterx.worlds.together.util.Logger/]: [betternether] Freeze Registry[ResourceKey[minecraft:root / worlds_together:worldgen/betterx/surface_rules] (Stable)]
[20Dec2025 21:39:26.759] [main/INFO] [org.betterx.worlds.together.util.Logger/]: [betternether] Freeze Registry[ResourceKey[minecraft:root / worlds_together:worldgen/betterx/surface_rules] (Stable)]
[20Dec2025 21:39:26.760] [main/WARN] [org.betterx.worlds.together.util.Logger/]: [bclib] No valid Biome Registry available!
[20Dec2025 21:39:26.760] [main/WARN] [org.betterx.worlds.together.util.Logger/]: [bclib] No valid BCLBiome Registry available!
[20Dec2025 21:39:26.781] [main/INFO] [org.betterx.worlds.together.util.Logger/]: [bclib] Updating Pickers for BCLib - Nether BiomeSource (6392c870)
[20Dec2025 21:39:26.781] [main/INFO] [org.betterx.worlds.together.util.Logger/]: [bclib] Unable to build Biome List yet
[20Dec2025 21:39:26.782] [main/INFO] [org.betterx.worlds.together.util.Logger/]: [bclib] Make sure features are loaded from terrablender:org.betterx.bclib.api.v2.generator.BCLibNetherBiomeSource
[20Dec2025 21:39:26.782] [main/INFO] [org.betterx.worlds.together.util.Logger/]: [bclib] Updating Pickers for BCLib - The End  BiomeSource (4c7e449c)
[20Dec2025 21:39:26.782] [main/INFO] [org.betterx.worlds.together.util.Logger/]: [bclib] Unable to build Biome List yet
[20Dec2025 21:39:26.782] [main/INFO] [org.betterx.worlds.together.util.Logger/]: [bclib] No Void Biomes found. Disabling by using barrens
[20Dec2025 21:39:26.782] [main/INFO] [org.betterx.worlds.together.util.Logger/]: [bclib] No Barrens Biomes found. Disabling by using land Biomes
[20Dec2025 21:39:26.782] [main/WARN] [org.betterx.worlds.together.util.Logger/]: [bclib] No Center Island Biomes found. Forcing use of vanilla center.
[20Dec2025 21:39:26.783] [main/INFO] [org.betterx.worlds.together.util.Logger/]: [bclib] Make sure features are loaded from terrablender:org.betterx.bclib.api.v2.generator.BCLibEndBiomeSource
[20Dec2025 21:39:26.848] [main/INFO] [org.betterx.worlds.together.util.Logger/]: [betternether] Freeze Registry[ResourceKey[minecraft:root / worlds_together:worldgen/betterx/surface_rules] (Stable)]
[20Dec2025 21:39:26.850] [main/INFO] [org.betterx.worlds.together.util.Logger/]: [betternether] Freeze Registry[ResourceKey[minecraft:root / worlds_together:worldgen/betterx/surface_rules] (Stable)]
[20Dec2025 21:39:27.200] [main/INFO] [com.github.alexthe666.alexsmobs.AlexsMobs/]: Adding datapack listener capsid_recipes
[20Dec2025 21:39:27.498] [Worker-Main-3/ERROR] [net.minecraft.tags.TagLoader/]: Not a JSON object: null
[20Dec2025 21:39:27.499] [Worker-Main-3/ERROR] [net.minecraft.tags.TagLoader/]: Couldn't read tag list diet:vegetables from diet:tags/items/vegetables.json in data pack veggiesdelight-1.8.1.jar
java.lang.RuntimeException: Not a JSON object: null
	at com.mojang.serialization.DataResult.lambda$getOrThrow$5(DataResult.java:101) ~[datafixerupper-6.0.8.jar%2377!/:?]
	at com.mojang.datafixers.util.Either$Right.map(Either.java:99) ~[datafixerupper-6.0.8.jar%2377!/:?]
	at com.mojang.serialization.DataResult.getOrThrow(DataResult.java:93) ~[datafixerupper-6.0.8.jar%2377!/:?]
	at net.minecraft.tags.TagLoader.m_144495_(TagLoader.java:53) ~[server-1.20.1-20230612.114412-srg.jar%23313!/:?]
	at net.minecraft.tags.TagLoader.m_203900_(TagLoader.java:114) ~[server-1.20.1-20230612.114412-srg.jar%23313!/:?]
	at net.minecraft.tags.TagManager.m_203920_(TagManager.java:55) ~[server-1.20.1-20230612.114412-srg.jar%23313!/:?]
	at java.util.concurrent.CompletableFuture$AsyncSupply.run(CompletableFuture.java:1768) ~[?:?]
	at java.util.concurrent.CompletableFuture$AsyncSupply.exec(CompletableFuture.java:1760) ~[?:?]
	at java.util.concurrent.ForkJoinTask.doExec(ForkJoinTask.java:373) ~[?:?]
	at java.util.concurrent.ForkJoinPool$WorkQueue.topLevelExec(ForkJoinPool.java:1182) ~[?:?]
	at java.util.concurrent.ForkJoinPool.scan(ForkJoinPool.java:1655) ~[?:?]
	at java.util.concurrent.ForkJoinPool.runWorker(ForkJoinPool.java:1622) ~[?:?]
	at java.util.concurrent.ForkJoinWorkerThread.run(ForkJoinWorkerThread.java:165) ~[?:?]
[20Dec2025 21:39:27.885] [Worker-Main-2/ERROR] [net.minecraftforge.common.ForgeHooks/]: Couldn't parse element loot_tables:culturaldelights:blocks/exotic_roll_medley_block
com.google.gson.JsonSyntaxException: Expected name to be an item, was unknown string 'culturaldelights:exotic_roll_medley_block'
	at net.minecraft.util.GsonHelper.m_13866_(GsonHelper.java:145) ~[server-1.20.1-20230612.114412-srg.jar%23313!/:?]
	at java.util.Optional.orElseThrow(Optional.java:403) ~[?:?]
	at net.minecraft.util.GsonHelper.m_13874_(GsonHelper.java:145) ~[server-1.20.1-20230612.114412-srg.jar%23313!/:?]
	at net.minecraft.util.GsonHelper.m_13909_(GsonHelper.java:153) ~[server-1.20.1-20230612.114412-srg.jar%23313!/:?]
	at net.minecraft.world.level.storage.loot.entries.LootItem$Serializer.m_7267_(LootItem.java:55) ~[server-1.20.1-20230612.114412-srg.jar%23313!/:?]
	at net.minecraft.world.level.storage.loot.entries.LootItem$Serializer.m_7267_(LootItem.java:40) ~[server-1.20.1-20230612.114412-srg.jar%23313!/:?]
	at net.minecraft.world.level.storage.loot.entries.LootPoolSingletonContainer$Serializer.m_5921_(LootPoolSingletonContainer.java:151) ~[server-1.20.1-20230612.114412-srg.jar%23313!/:?]
	at net.minecraft.world.level.storage.loot.entries.LootPoolSingletonContainer$Serializer.m_5921_(LootPoolSingletonContainer.java:129) ~[server-1.20.1-20230612.114412-srg.jar%23313!/:?]
	at net.minecraft.world.level.storage.loot.entries.LootPoolEntryContainer$Serializer.m_7561_(LootPoolEntryContainer.java:86) ~[server-1.20.1-20230612.114412-srg.jar%23313!/:?]
	at net.minecraft.world.level.storage.loot.entries.LootPoolEntryContainer$Serializer.m_7561_(LootPoolEntryContainer.java:74) ~[server-1.20.1-20230612.114412-srg.jar%23313!/:?]
	at net.minecraft.world.level.storage.loot.GsonAdapterFactory$JsonAdapter.deserialize(GsonAdapterFactory.java:102) ~[server-1.20.1-20230612.114412-srg.jar%23313!/:?]
	at com.google.gson.internal.bind.TreeTypeAdapter.read(TreeTypeAdapter.java:76) ~[gson-2.10.jar%2372!/:?]
	at com.google.gson.internal.bind.TypeAdapterRuntimeTypeWrapper.read(TypeAdapterRuntimeTypeWrapper.java:40) ~[gson-2.10.jar%2372!/:?]
	at com.google.gson.internal.bind.ArrayTypeAdapter.read(ArrayTypeAdapter.java:72) ~[gson-2.10.jar%2372!/:?]
	at com.google.gson.Gson.fromJson(Gson.java:1214) ~[gson-2.10.jar%2372!/:?]
	at com.google.gson.Gson.fromJson(Gson.java:1319) ~[gson-2.10.jar%2372!/:?]
	at com.google.gson.Gson.fromJson(Gson.java:1290) ~[gson-2.10.jar%2372!/:?]
	at com.google.gson.internal.bind.TreeTypeAdapter$GsonContextImpl.deserialize(TreeTypeAdapter.java:179) ~[gson-2.10.jar%2372!/:?]
	at net.minecraft.util.GsonHelper.m_13808_(GsonHelper.java:463) ~[server-1.20.1-20230612.114412-srg.jar%23313!/:?]
	at net.minecraft.util.GsonHelper.m_13836_(GsonHelper.java:471) ~[server-1.20.1-20230612.114412-srg.jar%23313!/:?]
	at net.minecraft.world.level.storage.loot.LootPool$Serializer.deserialize(LootPool.java:192) ~[server-1.20.1-20230612.114412-srg.jar%23313!/:?]
	at net.minecraft.world.level.storage.loot.LootPool$Serializer.deserialize(LootPool.java:189) ~[server-1.20.1-20230612.114412-srg.jar%23313!/:?]
	at com.google.gson.internal.bind.TreeTypeAdapter.read(TreeTypeAdapter.java:76) ~[gson-2.10.jar%2372!/:?]
	at com.google.gson.internal.bind.TypeAdapterRuntimeTypeWrapper.read(TypeAdapterRuntimeTypeWrapper.java:40) ~[gson-2.10.jar%2372!/:?]
	at com.google.gson.internal.bind.ArrayTypeAdapter.read(ArrayTypeAdapter.java:72) ~[gson-2.10.jar%2372!/:?]
	at com.google.gson.Gson.fromJson(Gson.java:1214) ~[gson-2.10.jar%2372!/:?]
	at com.google.gson.Gson.fromJson(Gson.java:1319) ~[gson-2.10.jar%2372!/:?]
	at com.google.gson.Gson.fromJson(Gson.java:1290) ~[gson-2.10.jar%2372!/:?]
	at com.google.gson.internal.bind.TreeTypeAdapter$GsonContextImpl.deserialize(TreeTypeAdapter.java:179) ~[gson-2.10.jar%2372!/:?]
	at net.minecraft.util.GsonHelper.m_13808_(GsonHelper.java:463) ~[server-1.20.1-20230612.114412-srg.jar%23313!/:?]
	at net.minecraft.util.GsonHelper.m_13845_(GsonHelper.java:481) ~[server-1.20.1-20230612.114412-srg.jar%23313!/:?]
	at net.minecraft.world.level.storage.loot.LootTable$Serializer.deserialize(LootTable.java:294) ~[server-1.20.1-20230612.114412-srg.jar%23313!/:?]
	at net.minecraft.world.level.storage.loot.LootTable$Serializer.deserialize(LootTable.java:291) ~[server-1.20.1-20230612.114412-srg.jar%23313!/:?]
	at com.google.gson.internal.bind.TreeTypeAdapter.read(TreeTypeAdapter.java:76) ~[gson-2.10.jar%2372!/:?]
	at com.google.gson.Gson.fromJson(Gson.java:1214) ~[gson-2.10.jar%2372!/:?]
	at com.google.gson.Gson.fromJson(Gson.java:1319) ~[gson-2.10.jar%2372!/:?]
	at com.google.gson.Gson.fromJson(Gson.java:1261) ~[gson-2.10.jar%2372!/:?]
	at net.minecraftforge.common.ForgeHooks.loadLootTable(ForgeHooks.java:871) ~[forge-1.20.1-47.3.7-universal.jar%23318!/:?]
	at net.minecraftforge.common.ForgeHooks.lambda$getLootTableDeserializer$3(ForgeHooks.java:848) ~[forge-1.20.1-47.3.7-universal.jar%23318!/:?]
	at net.minecraft.world.level.storage.loot.LootDataType.deserialize(LootDataType.java:45) ~[server-1.20.1-20230612.114412-srg.jar%23313!/:?]
	at net.minecraft.world.level.storage.loot.LootDataManager.lambda$scheduleElementParse$4(LootDataManager.java:56) ~[server-1.20.1-20230612.114412-srg.jar%23313!/:?]
	at java.util.HashMap.forEach(HashMap.java:1421) ~[?:?]
	at net.minecraft.world.level.storage.loot.LootDataManager.m_278660_(LootDataManager.java:55) ~[server-1.20.1-20230612.114412-srg.jar%23313!/:?]
	at java.util.concurrent.CompletableFuture$AsyncRun.run(CompletableFuture.java:1804) ~[?:?]
	at java.util.concurrent.CompletableFuture$AsyncRun.exec(CompletableFuture.java:1796) ~[?:?]
	at java.util.concurrent.ForkJoinTask.doExec(ForkJoinTask.java:373) ~[?:?]
	at java.util.concurrent.ForkJoinPool$WorkQueue.topLevelExec(ForkJoinPool.java:1182) ~[?:?]
	at java.util.concurrent.ForkJoinPool.scan(ForkJoinPool.java:1655) ~[?:?]
	at java.util.concurrent.ForkJoinPool.runWorker(ForkJoinPool.java:1622) ~[?:?]
	at java.util.concurrent.ForkJoinWorkerThread.run(ForkJoinWorkerThread.java:165) ~[?:?]
[20Dec2025 21:39:28.074] [Worker-Main-2/ERROR] [net.minecraftforge.common.ForgeHooks/]: Couldn't parse element loot_tables:culturaldelights:blocks/fruiting_avocado_leaves
com.google.gson.JsonSyntaxException: Unknown type 'minecraft:alternative'
	at net.minecraft.world.level.storage.loot.GsonAdapterFactory$JsonAdapter.deserialize(GsonAdapterFactory.java:99) ~[server-1.20.1-20230612.114412-srg.jar%23313!/:?]
	at com.google.gson.internal.bind.TreeTypeAdapter.read(TreeTypeAdapter.java:76) ~[gson-2.10.jar%2372!/:?]
	at com.google.gson.internal.bind.TypeAdapterRuntimeTypeWrapper.read(TypeAdapterRuntimeTypeWrapper.java:40) ~[gson-2.10.jar%2372!/:?]
	at com.google.gson.internal.bind.ArrayTypeAdapter.read(ArrayTypeAdapter.java:72) ~[gson-2.10.jar%2372!/:?]
	at com.google.gson.Gson.fromJson(Gson.java:1214) ~[gson-2.10.jar%2372!/:?]
	at com.google.gson.Gson.fromJson(Gson.java:1319) ~[gson-2.10.jar%2372!/:?]
	at com.google.gson.Gson.fromJson(Gson.java:1290) ~[gson-2.10.jar%2372!/:?]
	at com.google.gson.internal.bind.TreeTypeAdapter$GsonContextImpl.deserialize(TreeTypeAdapter.java:179) ~[gson-2.10.jar%2372!/:?]
	at net.minecraft.util.GsonHelper.m_13808_(GsonHelper.java:463) ~[server-1.20.1-20230612.114412-srg.jar%23313!/:?]
	at net.minecraft.util.GsonHelper.m_13845_(GsonHelper.java:481) ~[server-1.20.1-20230612.114412-srg.jar%23313!/:?]
	at net.minecraft.world.level.storage.loot.entries.LootPoolEntryContainer$Serializer.m_7561_(LootPoolEntryContainer.java:85) ~[server-1.20.1-20230612.114412-srg.jar%23313!/:?]
	at net.minecraft.world.level.storage.loot.entries.LootPoolEntryContainer$Serializer.m_7561_(LootPoolEntryContainer.java:74) ~[server-1.20.1-20230612.114412-srg.jar%23313!/:?]
	at net.minecraft.world.level.storage.loot.GsonAdapterFactory$JsonAdapter.deserialize(GsonAdapterFactory.java:102) ~[server-1.20.1-20230612.114412-srg.jar%23313!/:?]
	at com.google.gson.internal.bind.TreeTypeAdapter.read(TreeTypeAdapter.java:76) ~[gson-2.10.jar%2372!/:?]
	at com.google.gson.internal.bind.TypeAdapterRuntimeTypeWrapper.read(TypeAdapterRuntimeTypeWrapper.java:40) ~[gson-2.10.jar%2372!/:?]
	at com.google.gson.internal.bind.ArrayTypeAdapter.read(ArrayTypeAdapter.java:72) ~[gson-2.10.jar%2372!/:?]
	at com.google.gson.Gson.fromJson(Gson.java:1214) ~[gson-2.10.jar%2372!/:?]
	at com.google.gson.Gson.fromJson(Gson.java:1319) ~[gson-2.10.jar%2372!/:?]
	at com.google.gson.Gson.fromJson(Gson.java:1290) ~[gson-2.10.jar%2372!/:?]
	at com.google.gson.internal.bind.TreeTypeAdapter$GsonContextImpl.deserialize(TreeTypeAdapter.java:179) ~[gson-2.10.jar%2372!/:?]
	at net.minecraft.util.GsonHelper.m_13808_(GsonHelper.java:463) ~[server-1.20.1-20230612.114412-srg.jar%23313!/:?]
	at net.minecraft.util.GsonHelper.m_13836_(GsonHelper.java:471) ~[server-1.20.1-20230612.114412-srg.jar%23313!/:?]
	at net.minecraft.world.level.storage.loot.entries.CompositeEntryBase$1.m_5921_(CompositeEntryBase.java:61) ~[server-1.20.1-20230612.114412-srg.jar%23313!/:?]
	at net.minecraft.world.level.storage.loot.entries.CompositeEntryBase$1.m_5921_(CompositeEntryBase.java:53) ~[server-1.20.1-20230612.114412-srg.jar%23313!/:?]
	at net.minecraft.world.level.storage.loot.entries.LootPoolEntryContainer$Serializer.m_7561_(LootPoolEntryContainer.java:86) ~[server-1.20.1-20230612.114412-srg.jar%23313!/:?]
	at net.minecraft.world.level.storage.loot.entries.LootPoolEntryContainer$Serializer.m_7561_(LootPoolEntryContainer.java:74) ~[server-1.20.1-20230612.114412-srg.jar%23313!/:?]
	at net.minecraft.world.level.storage.loot.GsonAdapterFactory$JsonAdapter.deserialize(GsonAdapterFactory.java:102) ~[server-1.20.1-20230612.114412-srg.jar%23313!/:?]
	at com.google.gson.internal.bind.TreeTypeAdapter.read(TreeTypeAdapter.java:76) ~[gson-2.10.jar%2372!/:?]
	at com.google.gson.internal.bind.TypeAdapterRuntimeTypeWrapper.read(TypeAdapterRuntimeTypeWrapper.java:40) ~[gson-2.10.jar%2372!/:?]
	at com.google.gson.internal.bind.ArrayTypeAdapter.read(ArrayTypeAdapter.java:72) ~[gson-2.10.jar%2372!/:?]
	at com.google.gson.Gson.fromJson(Gson.java:1214) ~[gson-2.10.jar%2372!/:?]
	at com.google.gson.Gson.fromJson(Gson.java:1319) ~[gson-2.10.jar%2372!/:?]
	at com.google.gson.Gson.fromJson(Gson.java:1290) ~[gson-2.10.jar%2372!/:?]
	at com.google.gson.internal.bind.TreeTypeAdapter$GsonContextImpl.deserialize(TreeTypeAdapter.java:179) ~[gson-2.10.jar%2372!/:?]
	at net.minecraft.util.GsonHelper.m_13808_(GsonHelper.java:463) ~[server-1.20.1-20230612.114412-srg.jar%23313!/:?]
	at net.minecraft.util.GsonHelper.m_13836_(GsonHelper.java:471) ~[server-1.20.1-20230612.114412-srg.jar%23313!/:?]
	at net.minecraft.world.level.storage.loot.LootPool$Serializer.deserialize(LootPool.java:192) ~[server-1.20.1-20230612.114412-srg.jar%23313!/:?]
	at net.minecraft.world.level.storage.loot.LootPool$Serializer.deserialize(LootPool.java:189) ~[server-1.20.1-20230612.114412-srg.jar%23313!/:?]
	at com.google.gson.internal.bind.TreeTypeAdapter.read(TreeTypeAdapter.java:76) ~[gson-2.10.jar%2372!/:?]
	at com.google.gson.internal.bind.TypeAdapterRuntimeTypeWrapper.read(TypeAdapterRuntimeTypeWrapper.java:40) ~[gson-2.10.jar%2372!/:?]
	at com.google.gson.internal.bind.ArrayTypeAdapter.read(ArrayTypeAdapter.java:72) ~[gson-2.10.jar%2372!/:?]
	at com.google.gson.Gson.fromJson(Gson.java:1214) ~[gson-2.10.jar%2372!/:?]
	at com.google.gson.Gson.fromJson(Gson.java:1319) ~[gson-2.10.jar%2372!/:?]
	at com.google.gson.Gson.fromJson(Gson.java:1290) ~[gson-2.10.jar%2372!/:?]
	at com.google.gson.internal.bind.TreeTypeAdapter$GsonContextImpl.deserialize(TreeTypeAdapter.java:179) ~[gson-2.10.jar%2372!/:?]
	at net.minecraft.util.GsonHelper.m_13808_(GsonHelper.java:463) ~[server-1.20.1-20230612.114412-srg.jar%23313!/:?]
	at net.minecraft.util.GsonHelper.m_13845_(GsonHelper.java:481) ~[server-1.20.1-20230612.114412-srg.jar%23313!/:?]
	at net.minecraft.world.level.storage.loot.LootTable$Serializer.deserialize(LootTable.java:294) ~[server-1.20.1-20230612.114412-srg.jar%23313!/:?]
	at net.minecraft.world.level.storage.loot.LootTable$Serializer.deserialize(LootTable.java:291) ~[server-1.20.1-20230612.114412-srg.jar%23313!/:?]
	at com.google.gson.internal.bind.TreeTypeAdapter.read(TreeTypeAdapter.java:76) ~[gson-2.10.jar%2372!/:?]
	at com.google.gson.Gson.fromJson(Gson.java:1214) ~[gson-2.10.jar%2372!/:?]
	at com.google.gson.Gson.fromJson(Gson.java:1319) ~[gson-2.10.jar%2372!/:?]
	at com.google.gson.Gson.fromJson(Gson.java:1261) ~[gson-2.10.jar%2372!/:?]
	at net.minecraftforge.common.ForgeHooks.loadLootTable(ForgeHooks.java:871) ~[forge-1.20.1-47.3.7-universal.jar%23318!/:?]
	at net.minecraftforge.common.ForgeHooks.lambda$getLootTableDeserializer$3(ForgeHooks.java:848) ~[forge-1.20.1-47.3.7-universal.jar%23318!/:?]
	at net.minecraft.world.level.storage.loot.LootDataType.deserialize(LootDataType.java:45) ~[server-1.20.1-20230612.114412-srg.jar%23313!/:?]
	at net.minecraft.world.level.storage.loot.LootDataManager.lambda$scheduleElementParse$4(LootDataManager.java:56) ~[server-1.20.1-20230612.114412-srg.jar%23313!/:?]
	at java.util.HashMap.forEach(HashMap.java:1421) ~[?:?]
	at net.minecraft.world.level.storage.loot.LootDataManager.m_278660_(LootDataManager.java:55) ~[server-1.20.1-20230612.114412-srg.jar%23313!/:?]
	at java.util.concurrent.CompletableFuture$AsyncRun.run(CompletableFuture.java:1804) ~[?:?]
	at java.util.concurrent.CompletableFuture$AsyncRun.exec(CompletableFuture.java:1796) ~[?:?]
	at java.util.concurrent.ForkJoinTask.doExec(ForkJoinTask.java:373) ~[?:?]
	at java.util.concurrent.ForkJoinPool$WorkQueue.topLevelExec(ForkJoinPool.java:1182) ~[?:?]
	at java.util.concurrent.ForkJoinPool.scan(ForkJoinPool.java:1655) ~[?:?]
	at java.util.concurrent.ForkJoinPool.runWorker(ForkJoinPool.java:1622) ~[?:?]
	at java.util.concurrent.ForkJoinWorkerThread.run(ForkJoinWorkerThread.java:165) ~[?:?]
[20Dec2025 21:39:28.128] [Worker-Main-2/ERROR] [net.minecraftforge.common.ForgeHooks/]: Couldn't parse element loot_tables:culturaldelights:blocks/avocado_leaves
com.google.gson.JsonSyntaxException: Unknown type 'minecraft:alternative'
	at net.minecraft.world.level.storage.loot.GsonAdapterFactory$JsonAdapter.deserialize(GsonAdapterFactory.java:99) ~[server-1.20.1-20230612.114412-srg.jar%23313!/:?]
	at com.google.gson.internal.bind.TreeTypeAdapter.read(TreeTypeAdapter.java:76) ~[gson-2.10.jar%2372!/:?]
	at com.google.gson.internal.bind.TypeAdapterRuntimeTypeWrapper.read(TypeAdapterRuntimeTypeWrapper.java:40) ~[gson-2.10.jar%2372!/:?]
	at com.google.gson.internal.bind.ArrayTypeAdapter.read(ArrayTypeAdapter.java:72) ~[gson-2.10.jar%2372!/:?]
	at com.google.gson.Gson.fromJson(Gson.java:1214) ~[gson-2.10.jar%2372!/:?]
	at com.google.gson.Gson.fromJson(Gson.java:1319) ~[gson-2.10.jar%2372!/:?]
	at com.google.gson.Gson.fromJson(Gson.java:1290) ~[gson-2.10.jar%2372!/:?]
	at com.google.gson.internal.bind.TreeTypeAdapter$GsonContextImpl.deserialize(TreeTypeAdapter.java:179) ~[gson-2.10.jar%2372!/:?]
	at net.minecraft.util.GsonHelper.m_13808_(GsonHelper.java:463) ~[server-1.20.1-20230612.114412-srg.jar%23313!/:?]
	at net.minecraft.util.GsonHelper.m_13845_(GsonHelper.java:481) ~[server-1.20.1-20230612.114412-srg.jar%23313!/:?]
	at net.minecraft.world.level.storage.loot.entries.LootPoolEntryContainer$Serializer.m_7561_(LootPoolEntryContainer.java:85) ~[server-1.20.1-20230612.114412-srg.jar%23313!/:?]
	at net.minecraft.world.level.storage.loot.entries.LootPoolEntryContainer$Serializer.m_7561_(LootPoolEntryContainer.java:74) ~[server-1.20.1-20230612.114412-srg.jar%23313!/:?]
	at net.minecraft.world.level.storage.loot.GsonAdapterFactory$JsonAdapter.deserialize(GsonAdapterFactory.java:102) ~[server-1.20.1-20230612.114412-srg.jar%23313!/:?]
	at com.google.gson.internal.bind.TreeTypeAdapter.read(TreeTypeAdapter.java:76) ~[gson-2.10.jar%2372!/:?]
	at com.google.gson.internal.bind.TypeAdapterRuntimeTypeWrapper.read(TypeAdapterRuntimeTypeWrapper.java:40) ~[gson-2.10.jar%2372!/:?]
	at com.google.gson.internal.bind.ArrayTypeAdapter.read(ArrayTypeAdapter.java:72) ~[gson-2.10.jar%2372!/:?]
	at com.google.gson.Gson.fromJson(Gson.java:1214) ~[gson-2.10.jar%2372!/:?]
	at com.google.gson.Gson.fromJson(Gson.java:1319) ~[gson-2.10.jar%2372!/:?]
	at com.google.gson.Gson.fromJson(Gson.java:1290) ~[gson-2.10.jar%2372!/:?]
	at com.google.gson.internal.bind.TreeTypeAdapter$GsonContextImpl.deserialize(TreeTypeAdapter.java:179) ~[gson-2.10.jar%2372!/:?]
	at net.minecraft.util.GsonHelper.m_13808_(GsonHelper.java:463) ~[server-1.20.1-20230612.114412-srg.jar%23313!/:?]
	at net.minecraft.util.GsonHelper.m_13836_(GsonHelper.java:471) ~[server-1.20.1-20230612.114412-srg.jar%23313!/:?]
	at net.minecraft.world.level.storage.loot.entries.CompositeEntryBase$1.m_5921_(CompositeEntryBase.java:61) ~[server-1.20.1-20230612.114412-srg.jar%23313!/:?]
	at net.minecraft.world.level.storage.loot.entries.CompositeEntryBase$1.m_5921_(CompositeEntryBase.java:53) ~[server-1.20.1-20230612.114412-srg.jar%23313!/:?]
	at net.minecraft.world.level.storage.loot.entries.LootPoolEntryContainer$Serializer.m_7561_(LootPoolEntryContainer.java:86) ~[server-1.20.1-20230612.114412-srg.jar%23313!/:?]
	at net.minecraft.world.level.storage.loot.entries.LootPoolEntryContainer$Serializer.m_7561_(LootPoolEntryContainer.java:74) ~[server-1.20.1-20230612.114412-srg.jar%23313!/:?]
	at net.minecraft.world.level.storage.loot.GsonAdapterFactory$JsonAdapter.deserialize(GsonAdapterFactory.java:102) ~[server-1.20.1-20230612.114412-srg.jar%23313!/:?]
	at com.google.gson.internal.bind.TreeTypeAdapter.read(TreeTypeAdapter.java:76) ~[gson-2.10.jar%2372!/:?]
	at com.google.gson.internal.bind.TypeAdapterRuntimeTypeWrapper.read(TypeAdapterRuntimeTypeWrapper.java:40) ~[gson-2.10.jar%2372!/:?]
	at com.google.gson.internal.bind.ArrayTypeAdapter.read(ArrayTypeAdapter.java:72) ~[gson-2.10.jar%2372!/:?]
	at com.google.gson.Gson.fromJson(Gson.java:1214) ~[gson-2.10.jar%2372!/:?]
	at com.google.gson.Gson.fromJson(Gson.java:1319) ~[gson-2.10.jar%2372!/:?]
	at com.google.gson.Gson.fromJson(Gson.java:1290) ~[gson-2.10.jar%2372!/:?]
	at com.google.gson.internal.bind.TreeTypeAdapter$GsonContextImpl.deserialize(TreeTypeAdapter.java:179) ~[gson-2.10.jar%2372!/:?]
	at net.minecraft.util.GsonHelper.m_13808_(GsonHelper.java:463) ~[server-1.20.1-20230612.114412-srg.jar%23313!/:?]
	at net.minecraft.util.GsonHelper.m_13836_(GsonHelper.java:471) ~[server-1.20.1-20230612.114412-srg.jar%23313!/:?]
	at net.minecraft.world.level.storage.loot.LootPool$Serializer.deserialize(LootPool.java:192) ~[server-1.20.1-20230612.114412-srg.jar%23313!/:?]
	at net.minecraft.world.level.storage.loot.LootPool$Serializer.deserialize(LootPool.java:189) ~[server-1.20.1-20230612.114412-srg.jar%23313!/:?]
	at com.google.gson.internal.bind.TreeTypeAdapter.read(TreeTypeAdapter.java:76) ~[gson-2.10.jar%2372!/:?]
	at com.google.gson.internal.bind.TypeAdapterRuntimeTypeWrapper.read(TypeAdapterRuntimeTypeWrapper.java:40) ~[gson-2.10.jar%2372!/:?]
	at com.google.gson.internal.bind.ArrayTypeAdapter.read(ArrayTypeAdapter.java:72) ~[gson-2.10.jar%2372!/:?]
	at com.google.gson.Gson.fromJson(Gson.java:1214) ~[gson-2.10.jar%2372!/:?]
	at com.google.gson.Gson.fromJson(Gson.java:1319) ~[gson-2.10.jar%2372!/:?]
	at com.google.gson.Gson.fromJson(Gson.java:1290) ~[gson-2.10.jar%2372!/:?]
	at com.google.gson.internal.bind.TreeTypeAdapter$GsonContextImpl.deserialize(TreeTypeAdapter.java:179) ~[gson-2.10.jar%2372!/:?]
	at net.minecraft.util.GsonHelper.m_13808_(GsonHelper.java:463) ~[server-1.20.1-20230612.114412-srg.jar%23313!/:?]
	at net.minecraft.util.GsonHelper.m_13845_(GsonHelper.java:481) ~[server-1.20.1-20230612.114412-srg.jar%23313!/:?]
	at net.minecraft.world.level.storage.loot.LootTable$Serializer.deserialize(LootTable.java:294) ~[server-1.20.1-20230612.114412-srg.jar%23313!/:?]
	at net.minecraft.world.level.storage.loot.LootTable$Serializer.deserialize(LootTable.java:291) ~[server-1.20.1-20230612.114412-srg.jar%23313!/:?]
	at com.google.gson.internal.bind.TreeTypeAdapter.read(TreeTypeAdapter.java:76) ~[gson-2.10.jar%2372!/:?]
	at com.google.gson.Gson.fromJson(Gson.java:1214) ~[gson-2.10.jar%2372!/:?]
	at com.google.gson.Gson.fromJson(Gson.java:1319) ~[gson-2.10.jar%2372!/:?]
	at com.google.gson.Gson.fromJson(Gson.java:1261) ~[gson-2.10.jar%2372!/:?]
	at net.minecraftforge.common.ForgeHooks.loadLootTable(ForgeHooks.java:871) ~[forge-1.20.1-47.3.7-universal.jar%23318!/:?]
	at net.minecraftforge.common.ForgeHooks.lambda$getLootTableDeserializer$3(ForgeHooks.java:848) ~[forge-1.20.1-47.3.7-universal.jar%23318!/:?]
	at net.minecraft.world.level.storage.loot.LootDataType.deserialize(LootDataType.java:45) ~[server-1.20.1-20230612.114412-srg.jar%23313!/:?]
	at net.minecraft.world.level.storage.loot.LootDataManager.lambda$scheduleElementParse$4(LootDataManager.java:56) ~[server-1.20.1-20230612.114412-srg.jar%23313!/:?]
	at java.util.HashMap.forEach(HashMap.java:1421) ~[?:?]
	at net.minecraft.world.level.storage.loot.LootDataManager.m_278660_(LootDataManager.java:55) ~[server-1.20.1-20230612.114412-srg.jar%23313!/:?]
	at java.util.concurrent.CompletableFuture$AsyncRun.run(CompletableFuture.java:1804) ~[?:?]
	at java.util.concurrent.CompletableFuture$AsyncRun.exec(CompletableFuture.java:1796) ~[?:?]
	at java.util.concurrent.ForkJoinTask.doExec(ForkJoinTask.java:373) ~[?:?]
	at java.util.concurrent.ForkJoinPool$WorkQueue.topLevelExec(ForkJoinPool.java:1182) ~[?:?]
	at java.util.concurrent.ForkJoinPool.scan(ForkJoinPool.java:1655) ~[?:?]
	at java.util.concurrent.ForkJoinPool.runWorker(ForkJoinPool.java:1622) ~[?:?]
	at java.util.concurrent.ForkJoinWorkerThread.run(ForkJoinWorkerThread.java:165) ~[?:?]
[20Dec2025 21:39:28.242] [Worker-Main-2/ERROR] [net.minecraftforge.common.ForgeHooks/]: Couldn't parse element loot_tables:culturaldelights:blocks/avocado_leaf_carpet
com.google.gson.JsonSyntaxException: Expected name to be an item, was unknown string 'culturaldelights:avocado_leaf_carpet'
	at net.minecraft.util.GsonHelper.m_13866_(GsonHelper.java:145) ~[server-1.20.1-20230612.114412-srg.jar%23313!/:?]
	at java.util.Optional.orElseThrow(Optional.java:403) ~[?:?]
	at net.minecraft.util.GsonHelper.m_13874_(GsonHelper.java:145) ~[server-1.20.1-20230612.114412-srg.jar%23313!/:?]
	at net.minecraft.util.GsonHelper.m_13909_(GsonHelper.java:153) ~[server-1.20.1-20230612.114412-srg.jar%23313!/:?]
	at net.minecraft.world.level.storage.loot.entries.LootItem$Serializer.m_7267_(LootItem.java:55) ~[server-1.20.1-20230612.114412-srg.jar%23313!/:?]
	at net.minecraft.world.level.storage.loot.entries.LootItem$Serializer.m_7267_(LootItem.java:40) ~[server-1.20.1-20230612.114412-srg.jar%23313!/:?]
	at net.minecraft.world.level.storage.loot.entries.LootPoolSingletonContainer$Serializer.m_5921_(LootPoolSingletonContainer.java:151) ~[server-1.20.1-20230612.114412-srg.jar%23313!/:?]
	at net.minecraft.world.level.storage.loot.entries.LootPoolSingletonContainer$Serializer.m_5921_(LootPoolSingletonContainer.java:129) ~[server-1.20.1-20230612.114412-srg.jar%23313!/:?]
	at net.minecraft.world.level.storage.loot.entries.LootPoolEntryContainer$Serializer.m_7561_(LootPoolEntryContainer.java:86) ~[server-1.20.1-20230612.114412-srg.jar%23313!/:?]
	at net.minecraft.world.level.storage.loot.entries.LootPoolEntryContainer$Serializer.m_7561_(LootPoolEntryContainer.java:74) ~[server-1.20.1-20230612.114412-srg.jar%23313!/:?]
	at net.minecraft.world.level.storage.loot.GsonAdapterFactory$JsonAdapter.deserialize(GsonAdapterFactory.java:102) ~[server-1.20.1-20230612.114412-srg.jar%23313!/:?]
	at com.google.gson.internal.bind.TreeTypeAdapter.read(TreeTypeAdapter.java:76) ~[gson-2.10.jar%2372!/:?]
	at com.google.gson.internal.bind.TypeAdapterRuntimeTypeWrapper.read(TypeAdapterRuntimeTypeWrapper.java:40) ~[gson-2.10.jar%2372!/:?]
	at com.google.gson.internal.bind.ArrayTypeAdapter.read(ArrayTypeAdapter.java:72) ~[gson-2.10.jar%2372!/:?]
	at com.google.gson.Gson.fromJson(Gson.java:1214) ~[gson-2.10.jar%2372!/:?]
	at com.google.gson.Gson.fromJson(Gson.java:1319) ~[gson-2.10.jar%2372!/:?]
	at com.google.gson.Gson.fromJson(Gson.java:1290) ~[gson-2.10.jar%2372!/:?]
	at com.google.gson.internal.bind.TreeTypeAdapter$GsonContextImpl.deserialize(TreeTypeAdapter.java:179) ~[gson-2.10.jar%2372!/:?]
	at net.minecraft.util.GsonHelper.m_13808_(GsonHelper.java:463) ~[server-1.20.1-20230612.114412-srg.jar%23313!/:?]
	at net.minecraft.util.GsonHelper.m_13836_(GsonHelper.java:471) ~[server-1.20.1-20230612.114412-srg.jar%23313!/:?]
	at net.minecraft.world.level.storage.loot.LootPool$Serializer.deserialize(LootPool.java:192) ~[server-1.20.1-20230612.114412-srg.jar%23313!/:?]
	at net.minecraft.world.level.storage.loot.LootPool$Serializer.deserialize(LootPool.java:189) ~[server-1.20.1-20230612.114412-srg.jar%23313!/:?]
	at com.google.gson.internal.bind.TreeTypeAdapter.read(TreeTypeAdapter.java:76) ~[gson-2.10.jar%2372!/:?]
	at com.google.gson.internal.bind.TypeAdapterRuntimeTypeWrapper.read(TypeAdapterRuntimeTypeWrapper.java:40) ~[gson-2.10.jar%2372!/:?]
	at com.google.gson.internal.bind.ArrayTypeAdapter.read(ArrayTypeAdapter.java:72) ~[gson-2.10.jar%2372!/:?]
	at com.google.gson.Gson.fromJson(Gson.java:1214) ~[gson-2.10.jar%2372!/:?]
	at com.google.gson.Gson.fromJson(Gson.java:1319) ~[gson-2.10.jar%2372!/:?]
	at com.google.gson.Gson.fromJson(Gson.java:1290) ~[gson-2.10.jar%2372!/:?]
	at com.google.gson.internal.bind.TreeTypeAdapter$GsonContextImpl.deserialize(TreeTypeAdapter.java:179) ~[gson-2.10.jar%2372!/:?]
	at net.minecraft.util.GsonHelper.m_13808_(GsonHelper.java:463) ~[server-1.20.1-20230612.114412-srg.jar%23313!/:?]
	at net.minecraft.util.GsonHelper.m_13845_(GsonHelper.java:481) ~[server-1.20.1-20230612.114412-srg.jar%23313!/:?]
	at net.minecraft.world.level.storage.loot.LootTable$Serializer.deserialize(LootTable.java:294) ~[server-1.20.1-20230612.114412-srg.jar%23313!/:?]
	at net.minecraft.world.level.storage.loot.LootTable$Serializer.deserialize(LootTable.java:291) ~[server-1.20.1-20230612.114412-srg.jar%23313!/:?]
	at com.google.gson.internal.bind.TreeTypeAdapter.read(TreeTypeAdapter.java:76) ~[gson-2.10.jar%2372!/:?]
	at com.google.gson.Gson.fromJson(Gson.java:1214) ~[gson-2.10.jar%2372!/:?]
	at com.google.gson.Gson.fromJson(Gson.java:1319) ~[gson-2.10.jar%2372!/:?]
	at com.google.gson.Gson.fromJson(Gson.java:1261) ~[gson-2.10.jar%2372!/:?]
	at net.minecraftforge.common.ForgeHooks.loadLootTable(ForgeHooks.java:871) ~[forge-1.20.1-47.3.7-universal.jar%23318!/:?]
	at net.minecraftforge.common.ForgeHooks.lambda$getLootTableDeserializer$3(ForgeHooks.java:848) ~[forge-1.20.1-47.3.7-universal.jar%23318!/:?]
	at net.minecraft.world.level.storage.loot.LootDataType.deserialize(LootDataType.java:45) ~[server-1.20.1-20230612.114412-srg.jar%23313!/:?]
	at net.minecraft.world.level.storage.loot.LootDataManager.lambda$scheduleElementParse$4(LootDataManager.java:56) ~[server-1.20.1-20230612.114412-srg.jar%23313!/:?]
	at java.util.HashMap.forEach(HashMap.java:1421) ~[?:?]
	at net.minecraft.world.level.storage.loot.LootDataManager.m_278660_(LootDataManager.java:55) ~[server-1.20.1-20230612.114412-srg.jar%23313!/:?]
	at java.util.concurrent.CompletableFuture$AsyncRun.run(CompletableFuture.java:1804) ~[?:?]
	at java.util.concurrent.CompletableFuture$AsyncRun.exec(CompletableFuture.java:1796) ~[?:?]
	at java.util.concurrent.ForkJoinTask.doExec(ForkJoinTask.java:373) ~[?:?]
	at java.util.concurrent.ForkJoinPool$WorkQueue.topLevelExec(ForkJoinPool.java:1182) ~[?:?]
	at java.util.concurrent.ForkJoinPool.scan(ForkJoinPool.java:1655) ~[?:?]
	at java.util.concurrent.ForkJoinPool.runWorker(ForkJoinPool.java:1622) ~[?:?]
	at java.util.concurrent.ForkJoinWorkerThread.run(ForkJoinWorkerThread.java:165) ~[?:?]
[20Dec2025 21:39:28.266] [Worker-Main-2/ERROR] [net.minecraftforge.common.ForgeHooks/]: Couldn't parse element loot_tables:culturaldelights:blocks/avocado_bundle
com.google.gson.JsonSyntaxException: Expected name to be an item, was unknown string 'culturaldelights:avocado_bundle'
	at net.minecraft.util.GsonHelper.m_13866_(GsonHelper.java:145) ~[server-1.20.1-20230612.114412-srg.jar%23313!/:?]
	at java.util.Optional.orElseThrow(Optional.java:403) ~[?:?]
	at net.minecraft.util.GsonHelper.m_13874_(GsonHelper.java:145) ~[server-1.20.1-20230612.114412-srg.jar%23313!/:?]
	at net.minecraft.util.GsonHelper.m_13909_(GsonHelper.java:153) ~[server-1.20.1-20230612.114412-srg.jar%23313!/:?]
	at net.minecraft.world.level.storage.loot.entries.LootItem$Serializer.m_7267_(LootItem.java:55) ~[server-1.20.1-20230612.114412-srg.jar%23313!/:?]
	at net.minecraft.world.level.storage.loot.entries.LootItem$Serializer.m_7267_(LootItem.java:40) ~[server-1.20.1-20230612.114412-srg.jar%23313!/:?]
	at net.minecraft.world.level.storage.loot.entries.LootPoolSingletonContainer$Serializer.m_5921_(LootPoolSingletonContainer.java:151) ~[server-1.20.1-20230612.114412-srg.jar%23313!/:?]
	at net.minecraft.world.level.storage.loot.entries.LootPoolSingletonContainer$Serializer.m_5921_(LootPoolSingletonContainer.java:129) ~[server-1.20.1-20230612.114412-srg.jar%23313!/:?]
	at net.minecraft.world.level.storage.loot.entries.LootPoolEntryContainer$Serializer.m_7561_(LootPoolEntryContainer.java:86) ~[server-1.20.1-20230612.114412-srg.jar%23313!/:?]
	at net.minecraft.world.level.storage.loot.entries.LootPoolEntryContainer$Serializer.m_7561_(LootPoolEntryContainer.java:74) ~[server-1.20.1-20230612.114412-srg.jar%23313!/:?]
	at net.minecraft.world.level.storage.loot.GsonAdapterFactory$JsonAdapter.deserialize(GsonAdapterFactory.java:102) ~[server-1.20.1-20230612.114412-srg.jar%23313!/:?]
	at com.google.gson.internal.bind.TreeTypeAdapter.read(TreeTypeAdapter.java:76) ~[gson-2.10.jar%2372!/:?]
	at com.google.gson.internal.bind.TypeAdapterRuntimeTypeWrapper.read(TypeAdapterRuntimeTypeWrapper.java:40) ~[gson-2.10.jar%2372!/:?]
	at com.google.gson.internal.bind.ArrayTypeAdapter.read(ArrayTypeAdapter.java:72) ~[gson-2.10.jar%2372!/:?]
	at com.google.gson.Gson.fromJson(Gson.java:1214) ~[gson-2.10.jar%2372!/:?]
	at com.google.gson.Gson.fromJson(Gson.java:1319) ~[gson-2.10.jar%2372!/:?]
	at com.google.gson.Gson.fromJson(Gson.java:1290) ~[gson-2.10.jar%2372!/:?]
	at com.google.gson.internal.bind.TreeTypeAdapter$GsonContextImpl.deserialize(TreeTypeAdapter.java:179) ~[gson-2.10.jar%2372!/:?]
	at net.minecraft.util.GsonHelper.m_13808_(GsonHelper.java:463) ~[server-1.20.1-20230612.114412-srg.jar%23313!/:?]
	at net.minecraft.util.GsonHelper.m_13836_(GsonHelper.java:471) ~[server-1.20.1-20230612.114412-srg.jar%23313!/:?]
	at net.minecraft.world.level.storage.loot.entries.CompositeEntryBase$1.m_5921_(CompositeEntryBase.java:61) ~[server-1.20.1-20230612.114412-srg.jar%23313!/:?]
	at net.minecraft.world.level.storage.loot.entries.CompositeEntryBase$1.m_5921_(CompositeEntryBase.java:53) ~[server-1.20.1-20230612.114412-srg.jar%23313!/:?]
	at net.minecraft.world.level.storage.loot.entries.LootPoolEntryContainer$Serializer.m_7561_(LootPoolEntryContainer.java:86) ~[server-1.20.1-20230612.114412-srg.jar%23313!/:?]
	at net.minecraft.world.level.storage.loot.entries.LootPoolEntryContainer$Serializer.m_7561_(LootPoolEntryContainer.java:74) ~[server-1.20.1-20230612.114412-srg.jar%23313!/:?]
	at net.minecraft.world.level.storage.loot.GsonAdapterFactory$JsonAdapter.deserialize(GsonAdapterFactory.java:102) ~[server-1.20.1-20230612.114412-srg.jar%23313!/:?]
	at com.google.gson.internal.bind.TreeTypeAdapter.read(TreeTypeAdapter.java:76) ~[gson-2.10.jar%2372!/:?]
	at com.google.gson.internal.bind.TypeAdapterRuntimeTypeWrapper.read(TypeAdapterRuntimeTypeWrapper.java:40) ~[gson-2.10.jar%2372!/:?]
	at com.google.gson.internal.bind.ArrayTypeAdapter.read(ArrayTypeAdapter.java:72) ~[gson-2.10.jar%2372!/:?]
	at com.google.gson.Gson.fromJson(Gson.java:1214) ~[gson-2.10.jar%2372!/:?]
	at com.google.gson.Gson.fromJson(Gson.java:1319) ~[gson-2.10.jar%2372!/:?]
	at com.google.gson.Gson.fromJson(Gson.java:1290) ~[gson-2.10.jar%2372!/:?]
	at com.google.gson.internal.bind.TreeTypeAdapter$GsonContextImpl.deserialize(TreeTypeAdapter.java:179) ~[gson-2.10.jar%2372!/:?]
	at net.minecraft.util.GsonHelper.m_13808_(GsonHelper.java:463) ~[server-1.20.1-20230612.114412-srg.jar%23313!/:?]
	at net.minecraft.util.GsonHelper.m_13836_(GsonHelper.java:471) ~[server-1.20.1-20230612.114412-srg.jar%23313!/:?]
	at net.minecraft.world.level.storage.loot.LootPool$Serializer.deserialize(LootPool.java:192) ~[server-1.20.1-20230612.114412-srg.jar%23313!/:?]
	at net.minecraft.world.level.storage.loot.LootPool$Serializer.deserialize(LootPool.java:189) ~[server-1.20.1-20230612.114412-srg.jar%23313!/:?]
	at com.google.gson.internal.bind.TreeTypeAdapter.read(TreeTypeAdapter.java:76) ~[gson-2.10.jar%2372!/:?]
	at com.google.gson.internal.bind.TypeAdapterRuntimeTypeWrapper.read(TypeAdapterRuntimeTypeWrapper.java:40) ~[gson-2.10.jar%2372!/:?]
	at com.google.gson.internal.bind.ArrayTypeAdapter.read(ArrayTypeAdapter.java:72) ~[gson-2.10.jar%2372!/:?]
	at com.google.gson.Gson.fromJson(Gson.java:1214) ~[gson-2.10.jar%2372!/:?]
	at com.google.gson.Gson.fromJson(Gson.java:1319) ~[gson-2.10.jar%2372!/:?]
	at com.google.gson.Gson.fromJson(Gson.java:1290) ~[gson-2.10.jar%2372!/:?]
	at com.google.gson.internal.bind.TreeTypeAdapter$GsonContextImpl.deserialize(TreeTypeAdapter.java:179) ~[gson-2.10.jar%2372!/:?]
	at net.minecraft.util.GsonHelper.m_13808_(GsonHelper.java:463) ~[server-1.20.1-20230612.114412-srg.jar%23313!/:?]
	at net.minecraft.util.GsonHelper.m_13845_(GsonHelper.java:481) ~[server-1.20.1-20230612.114412-srg.jar%23313!/:?]
	at net.minecraft.world.level.storage.loot.LootTable$Serializer.deserialize(LootTable.java:294) ~[server-1.20.1-20230612.114412-srg.jar%23313!/:?]
	at net.minecraft.world.level.storage.loot.LootTable$Serializer.deserialize(LootTable.java:291) ~[server-1.20.1-20230612.114412-srg.jar%23313!/:?]
	at com.google.gson.internal.bind.TreeTypeAdapter.read(TreeTypeAdapter.java:76) ~[gson-2.10.jar%2372!/:?]
	at com.google.gson.Gson.fromJson(Gson.java:1214) ~[gson-2.10.jar%2372!/:?]
	at com.google.gson.Gson.fromJson(Gson.java:1319) ~[gson-2.10.jar%2372!/:?]
	at com.google.gson.Gson.fromJson(Gson.java:1261) ~[gson-2.10.jar%2372!/:?]
	at net.minecraftforge.common.ForgeHooks.loadLootTable(ForgeHooks.java:871) ~[forge-1.20.1-47.3.7-universal.jar%23318!/:?]
	at net.minecraftforge.common.ForgeHooks.lambda$getLootTableDeserializer$3(ForgeHooks.java:848) ~[forge-1.20.1-47.3.7-universal.jar%23318!/:?]
	at net.minecraft.world.level.storage.loot.LootDataType.deserialize(LootDataType.java:45) ~[server-1.20.1-20230612.114412-srg.jar%23313!/:?]
	at net.minecraft.world.level.storage.loot.LootDataManager.lambda$scheduleElementParse$4(LootDataManager.java:56) ~[server-1.20.1-20230612.114412-srg.jar%23313!/:?]
	at java.util.HashMap.forEach(HashMap.java:1421) ~[?:?]
	at net.minecraft.world.level.storage.loot.LootDataManager.m_278660_(LootDataManager.java:55) ~[server-1.20.1-20230612.114412-srg.jar%23313!/:?]
	at java.util.concurrent.CompletableFuture$AsyncRun.run(CompletableFuture.java:1804) ~[?:?]
	at java.util.concurrent.CompletableFuture$AsyncRun.exec(CompletableFuture.java:1796) ~[?:?]
	at java.util.concurrent.ForkJoinTask.doExec(ForkJoinTask.java:373) ~[?:?]
	at java.util.concurrent.ForkJoinPool$WorkQueue.topLevelExec(ForkJoinPool.java:1182) ~[?:?]
	at java.util.concurrent.ForkJoinPool.scan(ForkJoinPool.java:1655) ~[?:?]
	at java.util.concurrent.ForkJoinPool.runWorker(ForkJoinPool.java:1622) ~[?:?]
	at java.util.concurrent.ForkJoinWorkerThread.run(ForkJoinWorkerThread.java:165) ~[?:?]
[20Dec2025 21:39:28.305] [main/INFO] [com.teamabnormals.blueprint.core.Blueprint/]: Loot Modification Manager has loaded 0 modifier groups
[20Dec2025 21:39:28.473] [main/ERROR] [org.betterx.worlds.together.util.Logger/]: [bclib] ERROR building loot table: 'void net.minecraft.world.level.storage.loot.LootPool.<init>(net.minecraft.world.level.storage.loot.entries.LootPoolEntryContainer[], net.minecraft.world.level.storage.loot.predicates.LootItemCondition[], net.minecraft.world.level.storage.loot.functions.LootItemFunction[], net.minecraft.world.level.storage.loot.providers.number.NumberProvider, net.minecraft.world.level.storage.loot.providers.number.NumberProvider)'
[20Dec2025 21:39:28.473] [main/ERROR] [org.betterx.worlds.together.util.Logger/]: [betternether] Unable to building bartering table
[20Dec2025 21:39:28.493] [main/INFO] [org.betterx.worlds.together.util.Logger/]: [bclib] Disabling Recipe: bclib:test_star
[20Dec2025 21:39:28.501] [main/INFO] [net.minecraft.world.item.crafting.RecipeManager/]: Skipping loading recipe deep_aether:pumpkin_pie as it's serializer returned null
[20Dec2025 21:39:28.514] [main/INFO] [net.minecraft.world.item.crafting.RecipeManager/]: Skipping loading recipe undergarden:gloomgourd_pie as it's serializer returned null
[20Dec2025 21:39:28.518] [main/INFO] [net.minecraft.world.item.crafting.RecipeManager/]: Skipping loading recipe delightful:integration/habitat/cutting/tall_white_anthurium as it's serializer returned null
[20Dec2025 21:39:28.522] [main/INFO] [net.minecraft.world.item.crafting.RecipeManager/]: Skipping loading recipe delightful:integration/habitat/cutting/white_anthurium as it's serializer returned null
[20Dec2025 21:39:28.522] [main/INFO] [net.minecraft.world.item.crafting.RecipeManager/]: Skipping loading recipe aether:skyroot_milk_bucket_cake as it's serializer returned null
[20Dec2025 21:39:28.522] [main/INFO] [net.minecraft.world.item.crafting.RecipeManager/]: Skipping loading recipe biomeswevegone:allium_oddion_soup as it's serializer returned null
[20Dec2025 21:39:28.528] [main/INFO] [net.minecraft.world.item.crafting.RecipeManager/]: Skipping loading recipe delightful:knives/blasting/copper_thermal as it's serializer returned null
[20Dec2025 21:39:28.531] [main/INFO] [net.minecraft.world.item.crafting.RecipeManager/]: Skipping loading recipe delightful:knives/ritual/living_knife as it's serializer returned null
[20Dec2025 21:39:28.534] [main/INFO] [net.minecraft.world.item.crafting.RecipeManager/]: Skipping loading recipe delightful:knives/repairing/skyroot_knife as it's serializer returned null
[20Dec2025 21:39:28.538] [main/INFO] [net.minecraft.world.item.crafting.RecipeManager/]: Skipping loading recipe quark:cookie as it's serializer returned null
[20Dec2025 21:39:28.543] [main/INFO] [net.minecraft.world.item.crafting.RecipeManager/]: Skipping loading recipe delightful:integration/biomeswevegone/cutting/flowers/purple as it's serializer returned null
[20Dec2025 21:39:28.543] [main/INFO] [net.minecraft.world.item.crafting.RecipeManager/]: Skipping loading recipe delightful:knives/osmium_knife as it's serializer returned null
[20Dec2025 21:39:28.548] [main/INFO] [net.minecraft.world.item.crafting.RecipeManager/]: Skipping loading recipe naturalist:cooked_egg as it's serializer returned null
[20Dec2025 21:39:28.548] [main/INFO] [net.minecraft.world.item.crafting.RecipeManager/]: Skipping loading recipe delightful:knives/smelting/bone/bone_meal_from_smelting_axe as it's serializer returned null
[20Dec2025 21:39:28.549] [main/INFO] [net.minecraft.world.item.crafting.RecipeManager/]: Skipping loading recipe brewinandchewin:quiche_from_slices as it's serializer returned null
[20Dec2025 21:39:28.549] [main/ERROR] [net.minecraft.world.item.crafting.RecipeManager/]: Parsing error loading recipe veggiesdelight:botany/wild_bellpepper: com.google.gson.JsonSyntaxException: Invalid or unsupported recipe type 'botanypots:crop'
[20Dec2025 21:39:28.549] [main/INFO] [net.minecraft.world.item.crafting.RecipeManager/]: Skipping loading recipe delightful:integration/deeperdarker/cutting/gloomy_cactus as it's serializer returned null
[20Dec2025 21:39:28.551] [main/INFO] [net.minecraft.world.item.crafting.RecipeManager/]: Skipping loading recipe delightful:integration/immersiveengineering/squeezer/cantaloupe_seeds as it's serializer returned null
[20Dec2025 21:39:28.552] [main/INFO] [net.minecraft.world.item.crafting.RecipeManager/]: Skipping loading recipe aether:moa_egg_pumpkin_pie as it's serializer returned null
[20Dec2025 21:39:28.553] [main/INFO] [net.minecraft.world.item.crafting.RecipeManager/]: Skipping loading recipe delightful:integration/cookielicious/source_berry_cookie_tile_slab_stonecutting as it's serializer returned null
[20Dec2025 21:39:28.559] [main/INFO] [net.minecraft.world.item.crafting.RecipeManager/]: Skipping loading recipe delightful:food/cooking/crab_rangoon_from_milk as it's serializer returned null
[20Dec2025 21:39:28.559] [main/INFO] [net.minecraft.world.item.crafting.RecipeManager/]: Skipping loading recipe twilightdelight:hydra_burger as it's serializer returned null
[20Dec2025 21:39:28.560] [main/INFO] [net.minecraft.world.item.crafting.RecipeManager/]: Skipping loading recipe delightful:integration/ars_nouveau/mendosteen_crate as it's serializer returned null
[20Dec2025 21:39:28.560] [main/INFO] [net.minecraft.world.item.crafting.RecipeManager/]: Skipping loading recipe delightful:food/wheat_dough_from_flour_and_water as it's serializer returned null
[20Dec2025 21:39:28.560] [main/INFO] [net.minecraft.world.item.crafting.RecipeManager/]: Skipping loading recipe undergardendelight:frosteel_knife as it's serializer returned null
[20Dec2025 21:39:28.561] [main/INFO] [net.minecraft.world.item.crafting.RecipeManager/]: Skipping loading recipe thermal:machines/press/unpacking/press_potato_unpacking as it's serializer returned null
[20Dec2025 21:39:28.562] [main/INFO] [net.minecraft.world.item.crafting.RecipeManager/]: Skipping loading recipe delightful:integration/ars_nouveau/cutting/magebloom as it's serializer returned null
[20Dec2025 21:39:28.563] [main/INFO] [net.minecraft.world.item.crafting.RecipeManager/]: Skipping loading recipe delightful:integration/windswept/goat_shanks_windswept as it's serializer returned null
[20Dec2025 21:39:28.563] [main/INFO] [net.minecraft.world.item.crafting.RecipeManager/]: Skipping loading recipe delightful:integration/habitat/cutting/dreadbud as it's serializer returned null
[20Dec2025 21:39:28.563] [main/INFO] [net.minecraft.world.item.crafting.RecipeManager/]: Skipping loading recipe delightful:integration/biomeswevegone/cutting/flowers/cyan as it's serializer returned null
[20Dec2025 21:39:28.563] [main/INFO] [net.minecraft.world.item.crafting.RecipeManager/]: Skipping loading recipe delightful:knives/smelting/lead_eidolon as it's serializer returned null
[20Dec2025 21:39:28.564] [main/INFO] [net.minecraft.world.item.crafting.RecipeManager/]: Skipping loading recipe thermal:machines/press/packing3x3/press_beetroot_packing as it's serializer returned null
[20Dec2025 21:39:28.564] [main/INFO] [net.minecraft.world.item.crafting.RecipeManager/]: Skipping loading recipe thermal:machines/press/unpacking/press_beetroot_unpacking as it's serializer returned null
[20Dec2025 21:39:28.564] [main/INFO] [net.minecraft.world.item.crafting.RecipeManager/]: Skipping loading recipe delightful:integration/cookielicious/source_berry_cookie_tile_stairs_stonecutting as it's serializer returned null
[20Dec2025 21:39:28.571] [main/INFO] [net.minecraft.world.item.crafting.RecipeManager/]: Skipping loading recipe wildberries:cutting/blueberry_pie as it's serializer returned null
[20Dec2025 21:39:28.571] [main/INFO] [net.minecraft.world.item.crafting.RecipeManager/]: Skipping loading recipe delightful:food/cooking/rock_candy as it's serializer returned null
[20Dec2025 21:39:28.572] [main/INFO] [net.minecraft.world.item.crafting.RecipeManager/]: Skipping loading recipe autumnity:syrup_bottle_from_smoking as it's serializer returned null
[20Dec2025 21:39:28.572] [main/INFO] [net.minecraft.world.item.crafting.RecipeManager/]: Skipping loading recipe farmersrespite:cutting/rose_bush as it's serializer returned null
[20Dec2025 21:39:28.572] [main/INFO] [net.minecraft.world.item.crafting.RecipeManager/]: Skipping loading recipe delightful:knives/blasting/bone/bone_meal_from_blasting_axe as it's serializer returned null
[20Dec2025 21:39:28.572] [main/INFO] [net.minecraft.world.item.crafting.RecipeManager/]: Skipping loading recipe delightful:integration/undergarden/cutting/miserabell as it's serializer returned null
[20Dec2025 21:39:28.573] [main/INFO] [net.minecraft.world.item.crafting.RecipeManager/]: Skipping loading recipe delightful:integration/atmospheric/orange_dye_from_orange as it's serializer returned null
[20Dec2025 21:39:28.577] [main/INFO] [net.minecraft.world.item.crafting.RecipeManager/]: Skipping loading recipe delightful:food/cooking/lavender_tea as it's serializer returned null
[20Dec2025 21:39:28.578] [main/INFO] [net.minecraft.world.item.crafting.RecipeManager/]: Skipping loading recipe thermal:storage/beetroot_from_block as it's serializer returned null
[20Dec2025 21:39:28.578] [main/INFO] [net.minecraft.world.item.crafting.RecipeManager/]: Skipping loading recipe delightful:knives/blasting/invar_thermal as it's serializer returned null
[20Dec2025 21:39:28.578] [main/INFO] [net.minecraft.world.item.crafting.RecipeManager/]: Skipping loading recipe some_assembly_required:crafting_shapeless/burger_bun as it's serializer returned null
[20Dec2025 21:39:28.578] [main/INFO] [net.minecraft.world.item.crafting.RecipeManager/]: Skipping loading recipe delightful:knives/smelting/lead_thermal as it's serializer returned null
[20Dec2025 21:39:28.578] [main/INFO] [net.minecraft.world.item.crafting.RecipeManager/]: Skipping loading recipe delightful:integration/ars_nouveau/source_berry_ice_cream as it's serializer returned null
[20Dec2025 21:39:28.582] [main/INFO] [net.minecraft.world.item.crafting.RecipeManager/]: Skipping loading recipe upgrade_aquatic:mulberry_pie as it's serializer returned null
[20Dec2025 21:39:28.582] [main/INFO] [net.minecraft.world.item.crafting.RecipeManager/]: Skipping loading recipe delightful:knives/smelting/lead_immersiveengineering as it's serializer returned null
[20Dec2025 21:39:28.585] [main/INFO] [net.minecraft.world.item.crafting.RecipeManager/]: Skipping loading recipe fruitsdelight:kiwi_popsicle as it's serializer returned null
[20Dec2025 21:39:28.585] [main/INFO] [net.minecraft.world.item.crafting.RecipeManager/]: Skipping loading recipe spawn:tuna_sandwich as it's serializer returned null
[20Dec2025 21:39:28.586] [main/INFO] [net.minecraft.world.item.crafting.RecipeManager/]: Skipping loading recipe delightful:integration/biomeswevegone/unpack_green_apple_crate as it's serializer returned null
[20Dec2025 21:39:28.592] [main/INFO] [net.minecraft.world.item.crafting.RecipeManager/]: Skipping loading recipe delightful:integration/farmersrespite/pouring/lavender_tea as it's serializer returned null
[20Dec2025 21:39:28.593] [main/ERROR] [net.minecraft.world.item.crafting.RecipeManager/]: Parsing error loading recipe veggiesdelight:ubesdelight/garlic_convert: com.google.gson.JsonSyntaxException: Unknown item 'ubesdelight:garlic'
[20Dec2025 21:39:28.594] [main/INFO] [net.minecraft.world.item.crafting.RecipeManager/]: Skipping loading recipe delightful:integration/ars_nouveau/source_berry_ice_cream_block as it's serializer returned null
[20Dec2025 21:39:28.594] [main/INFO] [net.minecraft.world.item.crafting.RecipeManager/]: Skipping loading recipe casualness_delight:cutting/quiche_lorraine as it's serializer returned null
[20Dec2025 21:39:28.595] [main/INFO] [net.minecraft.world.item.crafting.RecipeManager/]: Skipping loading recipe delightful:integration/forestry/squeezer/farmersrespite/melon as it's serializer returned null
[20Dec2025 21:39:28.595] [main/INFO] [net.minecraft.world.item.crafting.RecipeManager/]: Skipping loading recipe delightful:integration/biomeswevegone/unpack_blueberry_sack as it's serializer returned null
[20Dec2025 21:39:28.595] [main/INFO] [net.minecraft.world.item.crafting.RecipeManager/]: Skipping loading recipe delightful:knives/valkyrum_knife as it's serializer returned null
[20Dec2025 21:39:28.595] [main/INFO] [net.minecraft.world.item.crafting.RecipeManager/]: Skipping loading recipe enderio:alloy_smelting/ender_pearl as it's serializer returned null
[20Dec2025 21:39:28.601] [main/INFO] [net.minecraft.world.item.crafting.RecipeManager/]: Skipping loading recipe delightful:integration/farmersrespite/emptying/azalea_tea as it's serializer returned null
[20Dec2025 21:39:28.606] [main/INFO] [net.minecraft.world.item.crafting.RecipeManager/]: Skipping loading recipe delightful:knives/smelting/bone/bone_meal_from_smelting_chestplate as it's serializer returned null
[20Dec2025 21:39:28.606] [main/INFO] [net.minecraft.world.item.crafting.RecipeManager/]: Skipping loading recipe delightful:knives/blasting/tin_thermal as it's serializer returned null
[20Dec2025 21:39:28.606] [main/INFO] [net.minecraft.world.item.crafting.RecipeManager/]: Skipping loading recipe vintagedelight:pb_j as it's serializer returned null
[20Dec2025 21:39:28.622] [main/INFO] [net.minecraft.world.item.crafting.RecipeManager/]: Skipping loading recipe delightful:knives/smelting/nickel_thermal as it's serializer returned null
[20Dec2025 21:39:28.623] [main/INFO] [net.minecraft.world.item.crafting.RecipeManager/]: Skipping loading recipe delightful:knives/draco_arcanus_knife as it's serializer returned null
[20Dec2025 21:39:28.624] [main/INFO] [net.minecraft.world.item.crafting.RecipeManager/]: Skipping loading recipe vintagedelight:stuffed_burrito as it's serializer returned null
[20Dec2025 21:39:28.624] [main/INFO] [net.minecraft.world.item.crafting.RecipeManager/]: Skipping loading recipe mynethersdelight:cooking/spicy_curry as it's serializer returned null
[20Dec2025 21:39:28.624] [main/INFO] [net.minecraft.world.item.crafting.RecipeManager/]: Skipping loading recipe sprout:water_sausage as it's serializer returned null
[20Dec2025 21:39:28.625] [main/INFO] [net.minecraft.world.item.crafting.RecipeManager/]: Skipping loading recipe delightful:integration/forestry/squeezer/squeezable_fruit as it's serializer returned null
[20Dec2025 21:39:28.625] [main/INFO] [net.minecraft.world.item.crafting.RecipeManager/]: Skipping loading recipe forestry:squeezer/fruit/lemon as it's serializer returned null
[20Dec2025 21:39:28.625] [main/INFO] [net.minecraft.world.item.crafting.RecipeManager/]: Skipping loading recipe delightful:knives/onyx_knife as it's serializer returned null
[20Dec2025 21:39:28.625] [main/INFO] [net.minecraft.world.item.crafting.RecipeManager/]: Skipping loading recipe sunflowerdelight:cutting/rose_bush as it's serializer returned null
[20Dec2025 21:39:28.625] [main/INFO] [net.minecraft.world.item.crafting.RecipeManager/]: Skipping loading recipe delightful:integration/atmospheric/passion_fruit_tart as it's serializer returned null
[20Dec2025 21:39:28.625] [main/INFO] [net.minecraft.world.item.crafting.RecipeManager/]: Skipping loading recipe miners_delight:cooking/takoyaki as it's serializer returned null
[20Dec2025 21:39:28.626] [main/INFO] [net.minecraft.world.item.crafting.RecipeManager/]: Skipping loading recipe delightful:integration/biomeswevegone/yucca_fruit_crate as it's serializer returned null
[20Dec2025 21:39:28.627] [main/INFO] [net.minecraft.world.item.crafting.RecipeManager/]: Skipping loading recipe delightful:knives/smithing/warden_knife as it's serializer returned null
[20Dec2025 21:39:28.627] [main/INFO] [net.minecraft.world.item.crafting.RecipeManager/]: Skipping loading recipe enderio:sag_milling/clay as it's serializer returned null
[20Dec2025 21:39:28.628] [main/INFO] [net.minecraft.world.item.crafting.RecipeManager/]: Skipping loading recipe additionaladditions:fried_egg_from_smoking as it's serializer returned null
[20Dec2025 21:39:28.636] [main/INFO] [net.minecraft.world.item.crafting.RecipeManager/]: Skipping loading recipe delightful:knives/lapis_lazuli_knife as it's serializer returned null
[20Dec2025 21:39:28.636] [main/INFO] [net.minecraft.world.item.crafting.RecipeManager/]: Skipping loading recipe delightful:knives/blasting/brass_create as it's serializer returned null
[20Dec2025 21:39:28.641] [main/INFO] [net.minecraft.world.item.crafting.RecipeManager/]: Skipping loading recipe frozenup:truffle_cake_from_chocolate as it's serializer returned null
[20Dec2025 21:39:28.642] [main/INFO] [net.minecraft.world.item.crafting.RecipeManager/]: Skipping loading recipe delightful:knives/smelting/bronze_thermal as it's serializer returned null
[20Dec2025 21:39:28.642] [main/INFO] [net.minecraft.world.item.crafting.RecipeManager/]: Skipping loading recipe thermal:storage/charcoal_from_block as it's serializer returned null
[20Dec2025 21:39:28.647] [main/INFO] [net.minecraft.world.item.crafting.RecipeManager/]: Skipping loading recipe wildberries:cutting/sweet_berry_pie as it's serializer returned null
[20Dec2025 21:39:28.647] [main/INFO] [net.minecraft.world.item.crafting.RecipeManager/]: Skipping loading recipe delightful:knives/blasting/tin_mekanism as it's serializer returned null
[20Dec2025 21:39:28.647] [main/INFO] [net.minecraft.world.item.crafting.RecipeManager/]: Skipping loading recipe delightful:food/wheat_dough_from_flour_and_eggs as it's serializer returned null
[20Dec2025 21:39:28.648] [main/INFO] [net.minecraft.world.item.crafting.RecipeManager/]: Skipping loading recipe delightful:knives/steel_knife as it's serializer returned null
[20Dec2025 21:39:28.648] [main/INFO] [net.minecraft.world.item.crafting.RecipeManager/]: Skipping loading recipe delightful:knives/blasting/diamond_diamond_nuggets as it's serializer returned null
[20Dec2025 21:39:28.648] [main/INFO] [net.minecraft.world.item.crafting.RecipeManager/]: Skipping loading recipe delightful:knives/smelting/copper_copperized as it's serializer returned null
[20Dec2025 21:39:28.648] [main/INFO] [net.minecraft.world.item.crafting.RecipeManager/]: Skipping loading recipe delightful:integration/biomeswevegone/cutting/flowers/white_sakura_petals as it's serializer returned null
[20Dec2025 21:39:28.648] [main/INFO] [net.minecraft.world.item.crafting.RecipeManager/]: Skipping loading recipe miners_delight:insect_wrap as it's serializer returned null
[20Dec2025 21:39:28.659] [main/INFO] [net.minecraft.world.item.crafting.RecipeManager/]: Skipping loading recipe mypersonaldelight:crafting/tear_popsicle as it's serializer returned null
[20Dec2025 21:39:28.659] [main/INFO] [net.minecraft.world.item.crafting.RecipeManager/]: Skipping loading recipe delightful:knives/mythril_knife as it's serializer returned null
[20Dec2025 21:39:28.659] [main/INFO] [net.minecraft.world.item.crafting.RecipeManager/]: Skipping loading recipe vintagedelight:cooking/nut_mash_jar as it's serializer returned null
[20Dec2025 21:39:28.660] [main/INFO] [net.minecraft.world.item.crafting.RecipeManager/]: Skipping loading recipe delightful:integration/habitat/cutting/purple_anthurium as it's serializer returned null
[20Dec2025 21:39:28.660] [main/INFO] [net.minecraft.world.item.crafting.RecipeManager/]: Skipping loading recipe delightful:integration/ars_nouveau/cutting/blue_archwood_wood as it's serializer returned null
[20Dec2025 21:39:28.661] [main/INFO] [net.minecraft.world.item.crafting.RecipeManager/]: Skipping loading recipe delightful:integration/farmersrespite/emptying/lavender_tea as it's serializer returned null
[20Dec2025 21:39:28.661] [main/INFO] [net.minecraft.world.item.crafting.RecipeManager/]: Skipping loading recipe delightful:integration/venison as it's serializer returned null
[20Dec2025 21:39:28.665] [main/INFO] [net.minecraft.world.item.crafting.RecipeManager/]: Skipping loading recipe delightful:integration/brewinandchewin/pizza_from_flour as it's serializer returned null
[20Dec2025 21:39:28.666] [main/INFO] [net.minecraft.world.item.crafting.RecipeManager/]: Skipping loading recipe delightful:integration/biomeswevegone/cutting/flowers/white as it's serializer returned null
[20Dec2025 21:39:28.667] [main/INFO] [net.minecraft.world.item.crafting.RecipeManager/]: Skipping loading recipe delightful:integration/thermal/sawmill/mini_melon as it's serializer returned null
[20Dec2025 21:39:28.667] [main/INFO] [net.minecraft.world.item.crafting.RecipeManager/]: Skipping loading recipe wildberries:cranberry_pie_from_slices as it's serializer returned null
[20Dec2025 21:39:28.668] [main/INFO] [net.minecraft.world.item.crafting.RecipeManager/]: Skipping loading recipe delightful:knives/steeleaf_knife as it's serializer returned null
[20Dec2025 21:39:28.668] [main/INFO] [net.minecraft.world.item.crafting.RecipeManager/]: Skipping loading recipe forestry:squeezer/cactus as it's serializer returned null
[20Dec2025 21:39:28.669] [main/ERROR] [net.minecraft.world.item.crafting.RecipeManager/]: Parsing error loading recipe veggiesdelight:botany/wild_zucchinis: com.google.gson.JsonSyntaxException: Invalid or unsupported recipe type 'botanypots:crop'
[20Dec2025 21:39:28.674] [main/INFO] [net.minecraft.world.item.crafting.RecipeManager/]: Skipping loading recipe delightful:integration/farmersrespite/filling/azalea_tea as it's serializer returned null
[20Dec2025 21:39:28.674] [main/INFO] [net.minecraft.world.item.crafting.RecipeManager/]: Skipping loading recipe delightful:integration/biomeswevegone/cutting/green_apple_pie as it's serializer returned null
[20Dec2025 21:39:28.674] [main/INFO] [net.minecraft.world.item.crafting.RecipeManager/]: Skipping loading recipe corn_delight:cooking/corn_soup as it's serializer returned null
[20Dec2025 21:39:28.674] [main/INFO] [net.minecraft.world.item.crafting.RecipeManager/]: Skipping loading recipe delightful:integration/cookielicious/glow_jam_cookie_tile_slab_stonecutting as it's serializer returned null
[20Dec2025 21:39:28.674] [main/INFO] [net.minecraft.world.item.crafting.RecipeManager/]: Skipping loading recipe duckling:pumpkin_pie as it's serializer returned null
[20Dec2025 21:39:28.676] [main/INFO] [net.minecraft.world.item.crafting.RecipeManager/]: Skipping loading recipe delightful:integration/undergarden/cutting/gloomgourd_pie as it's serializer returned null
[20Dec2025 21:39:28.676] [main/ERROR] [net.minecraft.world.item.crafting.RecipeManager/]: Parsing error loading recipe alexsdelight:barbecue_on_a_stick: com.google.gson.JsonSyntaxException: Unknown item 'amfd:singular_cooked_moose_rib'
[20Dec2025 21:39:28.677] [main/INFO] [net.minecraft.world.item.crafting.RecipeManager/]: Skipping loading recipe vintagedelight:deluxe_burger_from_bun as it's serializer returned null
[20Dec2025 21:39:28.677] [main/INFO] [net.minecraft.world.item.crafting.RecipeManager/]: Skipping loading recipe wildberries:cutting/blackberry_pie as it's serializer returned null
[20Dec2025 21:39:28.678] [main/INFO] [net.minecraft.world.item.crafting.RecipeManager/]: Skipping loading recipe duckling:cake as it's serializer returned null
[20Dec2025 21:39:28.679] [main/INFO] [net.minecraft.world.item.crafting.RecipeManager/]: Skipping loading recipe delightful:integration/unusualend/chorus_muffin as it's serializer returned null
[20Dec2025 21:39:28.680] [main/INFO] [net.minecraft.world.item.crafting.RecipeManager/]: Skipping loading recipe delightful:knives/smelting/silver_eidolon as it's serializer returned null
[20Dec2025 21:39:28.686] [main/INFO] [net.minecraft.world.item.crafting.RecipeManager/]: Skipping loading recipe delightful:knives/holystone_knife as it's serializer returned null
[20Dec2025 21:39:28.686] [main/INFO] [net.minecraft.world.item.crafting.RecipeManager/]: Skipping loading recipe delightful:knives/blasting/constantan_immersiveengineering as it's serializer returned null
[20Dec2025 21:39:28.686] [main/INFO] [net.minecraft.world.item.crafting.RecipeManager/]: Skipping loading recipe delightful:integration/brewinandchewin/pizza_from_dough as it's serializer returned null
[20Dec2025 21:39:28.692] [main/INFO] [net.minecraft.world.item.crafting.RecipeManager/]: Skipping loading recipe delightful:integration/snowyspirit/cutting/ginger_flower as it's serializer returned null
[20Dec2025 21:39:28.697] [main/INFO] [net.minecraft.world.item.crafting.RecipeManager/]: Skipping loading recipe delightful:integration/cookielicious/source_berry_cookie_tile_wall as it's serializer returned null
[20Dec2025 21:39:28.708] [main/INFO] [net.minecraft.world.item.crafting.RecipeManager/]: Skipping loading recipe delightful:integration/rottenleather/chunkwich as it's serializer returned null
[20Dec2025 21:39:28.708] [main/INFO] [net.minecraft.world.item.crafting.RecipeManager/]: Skipping loading recipe delightful:knives/smelting/steel_immersiveengineering as it's serializer returned null
[20Dec2025 21:39:28.708] [main/INFO] [net.minecraft.world.item.crafting.RecipeManager/]: Skipping loading recipe undergardendelight:cutting/knife/gloomgourd_pie as it's serializer returned null
[20Dec2025 21:39:28.709] [main/ERROR] [net.minecraft.world.item.crafting.RecipeManager/]: Parsing error loading recipe endersdelight:integration/create/milling/voidpepper: com.google.gson.JsonSyntaxException: Invalid or unsupported recipe type 'create:milling'
[20Dec2025 21:39:28.709] [main/INFO] [net.minecraft.world.item.crafting.RecipeManager/]: Skipping loading recipe delightful:knives/thyrium_knife as it's serializer returned null
[20Dec2025 21:39:28.709] [main/INFO] [net.minecraft.world.item.crafting.RecipeManager/]: Skipping loading recipe delightful:integration/biomeswevegone/cutting/flowers/light_gray as it's serializer returned null
[20Dec2025 21:39:28.709] [main/INFO] [net.minecraft.world.item.crafting.RecipeManager/]: Skipping loading recipe thermal:storage/beetroot_block as it's serializer returned null
[20Dec2025 21:39:28.709] [main/INFO] [net.minecraft.world.item.crafting.RecipeManager/]: Skipping loading recipe wildberries:glow_berry_pie_from_slices as it's serializer returned null
[20Dec2025 21:39:28.710] [main/INFO] [net.minecraft.world.item.crafting.RecipeManager/]: Skipping loading recipe abnormals_delight:buzzier_bees/cutting/white_clover as it's serializer returned null
[20Dec2025 21:39:28.713] [main/INFO] [net.minecraft.world.item.crafting.RecipeManager/]: Skipping loading recipe thermal:storage/apple_block as it's serializer returned null
[20Dec2025 21:39:28.713] [main/INFO] [net.minecraft.world.item.crafting.RecipeManager/]: Skipping loading recipe delightful:knives/blasting/constantan_thermal as it's serializer returned null
[20Dec2025 21:39:28.714] [main/INFO] [net.minecraft.world.item.crafting.RecipeManager/]: Skipping loading recipe delightful:knives/zanite_knife as it's serializer returned null
[20Dec2025 21:39:28.719] [main/INFO] [net.minecraft.world.item.crafting.RecipeManager/]: Skipping loading recipe delightful:integration/biomemakeover/cutting/saguaro_cactus as it's serializer returned null
[20Dec2025 21:39:28.720] [main/INFO] [net.minecraft.world.item.crafting.RecipeManager/]: Skipping loading recipe delightful:cutting/raw_venison as it's serializer returned null
[20Dec2025 21:39:28.723] [main/INFO] [net.minecraft.world.item.crafting.RecipeManager/]: Skipping loading recipe delightful:integration/biomeswevegone/cutting/flowers/yellow as it's serializer returned null
[20Dec2025 21:39:28.723] [main/INFO] [net.minecraft.world.item.crafting.RecipeManager/]: Skipping loading recipe vintagedelight:deluxe_burger as it's serializer returned null
[20Dec2025 21:39:28.723] [main/INFO] [net.minecraft.world.item.crafting.RecipeManager/]: Skipping loading recipe ecologics:beetroot_soup_from_coconut_husk as it's serializer returned null
[20Dec2025 21:39:28.724] [main/INFO] [net.minecraft.world.item.crafting.RecipeManager/]: Skipping loading recipe ars_nouveau:source_berry_roll as it's serializer returned null
[20Dec2025 21:39:28.724] [main/INFO] [net.minecraft.world.item.crafting.RecipeManager/]: Skipping loading recipe delightful:knives/electrum_knife as it's serializer returned null
[20Dec2025 21:39:28.724] [main/INFO] [net.minecraft.world.item.crafting.RecipeManager/]: Skipping loading recipe enderio:alloy_smelting/cake_base as it's serializer returned null
[20Dec2025 21:39:28.724] [main/INFO] [net.minecraft.world.item.crafting.RecipeManager/]: Skipping loading recipe delightful:integration/sunflowerdelight/red_dye_from_rosebud as it's serializer returned null
[20Dec2025 21:39:28.724] [main/INFO] [net.minecraft.world.item.crafting.RecipeManager/]: Skipping loading recipe delightful:knives/smelting/silver_immersiveengineering as it's serializer returned null
[20Dec2025 21:39:28.728] [main/INFO] [net.minecraft.world.item.crafting.RecipeManager/]: Skipping loading recipe delightful:knives/smelting/brass_create as it's serializer returned null
[20Dec2025 21:39:28.728] [main/INFO] [net.minecraft.world.item.crafting.RecipeManager/]: Skipping loading recipe delightful:knives/smelting/invar_thermal as it's serializer returned null
[20Dec2025 21:39:28.729] [main/INFO] [net.minecraft.world.item.crafting.RecipeManager/]: Skipping loading recipe wildberries:raspberry_pie_from_slices as it's serializer returned null
[20Dec2025 21:39:28.729] [main/INFO] [net.minecraft.world.item.crafting.RecipeManager/]: Skipping loading recipe delightful:knives/smithing/stratus_knife as it's serializer returned null
[20Dec2025 21:39:28.732] [main/INFO] [net.minecraft.world.item.crafting.RecipeManager/]: Skipping loading recipe casualness_delight:cutting/cheese_wheel as it's serializer returned null
[20Dec2025 21:39:28.732] [main/INFO] [net.minecraft.world.item.crafting.RecipeManager/]: Skipping loading recipe create:rose_quartz_block_from_rose_quartz_stonecutting as it's serializer returned null
[20Dec2025 21:39:28.732] [main/INFO] [net.minecraft.world.item.crafting.RecipeManager/]: Skipping loading recipe casualness_delight:crafting_shaped/donkey_burger as it's serializer returned null
[20Dec2025 21:39:28.732] [main/INFO] [net.minecraft.world.item.crafting.RecipeManager/]: Skipping loading recipe thermal:storage/carrot_block as it's serializer returned null
[20Dec2025 21:39:28.732] [main/INFO] [net.minecraft.world.item.crafting.RecipeManager/]: Skipping loading recipe delightful:knives/blasting/lead_immersiveengineering as it's serializer returned null
[20Dec2025 21:39:28.733] [main/INFO] [net.minecraft.world.item.crafting.RecipeManager/]: Skipping loading recipe delightful:knives/blasting/bone/bone_meal_from_blasting_shovel as it's serializer returned null
[20Dec2025 21:39:28.733] [main/INFO] [net.minecraft.world.item.crafting.RecipeManager/]: Skipping loading recipe minecraft:mushroom_stew as it's serializer returned null
[20Dec2025 21:39:28.733] [main/INFO] [net.minecraft.world.item.crafting.RecipeManager/]: Skipping loading recipe untameddelight:boar_hamburger as it's serializer returned null
[20Dec2025 21:39:28.733] [main/ERROR] [net.minecraft.world.item.crafting.RecipeManager/]: Parsing error loading recipe veggiesdelight:botany/wild_sweet_potatoes: com.google.gson.JsonSyntaxException: Invalid or unsupported recipe type 'botanypots:crop'
[20Dec2025 21:39:28.734] [main/INFO] [net.minecraft.world.item.crafting.RecipeManager/]: Skipping loading recipe delightful:food/nut_dough_from_flour_and_water as it's serializer returned null
[20Dec2025 21:39:28.737] [main/INFO] [net.minecraft.world.item.crafting.RecipeManager/]: Skipping loading recipe atmospheric:passion_fruit_tart as it's serializer returned null
[20Dec2025 21:39:28.737] [main/INFO] [net.minecraft.world.item.crafting.RecipeManager/]: Skipping loading recipe sunflowerdelight:cooking/rose_lemonade as it's serializer returned null
[20Dec2025 21:39:28.737] [main/INFO] [net.minecraft.world.item.crafting.RecipeManager/]: Skipping loading recipe duckling:holiday_fruit_cake as it's serializer returned null
[20Dec2025 21:39:28.738] [main/INFO] [net.minecraft.world.item.crafting.RecipeManager/]: Skipping loading recipe delightful:knives/repairing/skyjade_knife as it's serializer returned null
[20Dec2025 21:39:28.738] [main/INFO] [net.minecraft.world.item.crafting.RecipeManager/]: Skipping loading recipe delightful:integration/atmospheric/cutting/passion_fruit_tart as it's serializer returned null
[20Dec2025 21:39:28.742] [main/INFO] [net.minecraft.world.item.crafting.RecipeManager/]: Skipping loading recipe supplementaries:pancake_fd as it's serializer returned null
[20Dec2025 21:39:28.745] [main/INFO] [net.minecraft.world.item.crafting.RecipeManager/]: Skipping loading recipe delightful:knives/repairing/stratus_knife as it's serializer returned null
[20Dec2025 21:39:28.746] [main/INFO] [net.minecraft.world.item.crafting.RecipeManager/]: Skipping loading recipe thermal:machines/press/unpacking/press_carrot_unpacking as it's serializer returned null
[20Dec2025 21:39:28.746] [main/INFO] [net.minecraft.world.item.crafting.RecipeManager/]: Skipping loading recipe thermal:storage/apple_from_block as it's serializer returned null
[20Dec2025 21:39:28.747] [main/INFO] [net.minecraft.world.item.crafting.RecipeManager/]: Skipping loading recipe delightful:knives/smithing/pearlescent_knife as it's serializer returned null
[20Dec2025 21:39:28.747] [main/INFO] [net.minecraft.world.item.crafting.RecipeManager/]: Skipping loading recipe neapolitan:banana/banana_bread as it's serializer returned null
[20Dec2025 21:39:28.753] [main/INFO] [net.minecraft.world.item.crafting.RecipeManager/]: Skipping loading recipe delightful:food/cooking/sinigang as it's serializer returned null
[20Dec2025 21:39:28.754] [main/INFO] [net.minecraft.world.item.crafting.RecipeManager/]: Skipping loading recipe delightful:knives/smithing/fluix_knife as it's serializer returned null
[20Dec2025 21:39:28.754] [main/INFO] [net.minecraft.world.item.crafting.RecipeManager/]: Skipping loading recipe thermal:machines/refinery/refinery_sap as it's serializer returned null
[20Dec2025 21:39:28.754] [main/INFO] [net.minecraft.world.item.crafting.RecipeManager/]: Skipping loading recipe delightful:integration/biomeswevegone/cutting/golden_spined_cactus as it's serializer returned null
[20Dec2025 21:39:28.755] [main/INFO] [net.minecraft.world.item.crafting.RecipeManager/]: Skipping loading recipe delightful:integration/cookielicious/glow_jam_cookie_tile_wall_stonecutting as it's serializer returned null
[20Dec2025 21:39:28.755] [main/INFO] [net.minecraft.world.item.crafting.RecipeManager/]: Skipping loading recipe delightful:food/cooking/venison_stew as it's serializer returned null
[20Dec2025 21:39:28.757] [main/INFO] [net.minecraft.world.item.crafting.RecipeManager/]: Skipping loading recipe deep_aether:skyroot_milk_bucket_cake as it's serializer returned null
[20Dec2025 21:39:28.758] [main/INFO] [net.minecraft.world.item.crafting.RecipeManager/]: Skipping loading recipe delightful:integration/ars_nouveau/cutting/green_archwood_log as it's serializer returned null
[20Dec2025 21:39:28.758] [main/INFO] [net.minecraft.world.item.crafting.RecipeManager/]: Skipping loading recipe delightful:integration/immersiveengineering/squeezer/salmonberry_pips as it's serializer returned null
[20Dec2025 21:39:28.758] [main/INFO] [net.minecraft.world.item.crafting.RecipeManager/]: Skipping loading recipe delightful:integration/thermal/tree_extractor/yellow_maple as it's serializer returned null
[20Dec2025 21:39:28.759] [main/INFO] [net.minecraft.world.item.crafting.RecipeManager/]: Skipping loading recipe delightful:integration/biomeswevegone/cutting/flowering_barrel_cactus as it's serializer returned null
[20Dec2025 21:39:28.759] [main/INFO] [net.minecraft.world.item.crafting.RecipeManager/]: Skipping loading recipe thermal:machines/press/packing3x3/press_charcoal_packing as it's serializer returned null
[20Dec2025 21:39:28.762] [main/INFO] [net.minecraft.world.item.crafting.RecipeManager/]: Skipping loading recipe buzzier_bees:white_clover_compat as it's serializer returned null
[20Dec2025 21:39:28.762] [main/INFO] [net.minecraft.world.item.crafting.RecipeManager/]: Skipping loading recipe delightful:knives/smelting/tin_thermal as it's serializer returned null
[20Dec2025 21:39:28.763] [main/INFO] [net.minecraft.world.item.crafting.RecipeManager/]: Skipping loading recipe delightful:knives/blasting/bone/bone_meal_from_blasting_leggings as it's serializer returned null
[20Dec2025 21:39:28.763] [main/INFO] [net.minecraft.world.item.crafting.RecipeManager/]: Skipping loading recipe delightful:food/cooking/venison_stew_no_animal_fat as it's serializer returned null
[20Dec2025 21:39:28.763] [main/INFO] [net.minecraft.world.item.crafting.RecipeManager/]: Skipping loading recipe delightful:knives/smithing/netherite_opal_knife as it's serializer returned null
[20Dec2025 21:39:28.763] [main/INFO] [net.minecraft.world.item.crafting.RecipeManager/]: Skipping loading recipe seasonals:crafting/pumpkin_adzuki_stew as it's serializer returned null
[20Dec2025 21:39:28.767] [main/INFO] [net.minecraft.world.item.crafting.RecipeManager/]: Skipping loading recipe thermal:storage/carrot_from_block as it's serializer returned null
[20Dec2025 21:39:28.767] [main/INFO] [net.minecraft.world.item.crafting.RecipeManager/]: Skipping loading recipe ecologics:mushroom_stew_from_coconut_husk as it's serializer returned null
[20Dec2025 21:39:28.767] [main/INFO] [net.minecraft.world.item.crafting.RecipeManager/]: Skipping loading recipe delightful:matcha_ice_cream_block as it's serializer returned null
[20Dec2025 21:39:28.767] [main/INFO] [net.minecraft.world.item.crafting.RecipeManager/]: Skipping loading recipe delightful:knives/blasting/bone/bone_meal_from_blasting_chestplate as it's serializer returned null
[20Dec2025 21:39:28.767] [main/INFO] [net.minecraft.world.item.crafting.RecipeManager/]: Skipping loading recipe delightful:knives/skyroot_knife as it's serializer returned null
[20Dec2025 21:39:28.768] [main/INFO] [net.minecraft.world.item.crafting.RecipeManager/]: Skipping loading recipe undergarden:indigo_stew as it's serializer returned null
[20Dec2025 21:39:28.768] [main/INFO] [net.minecraft.world.item.crafting.RecipeManager/]: Skipping loading recipe enderio:cake as it's serializer returned null
[20Dec2025 21:39:28.771] [main/INFO] [net.minecraft.world.item.crafting.RecipeManager/]: Skipping loading recipe vintagedelight:cheese_burger_from_bun as it's serializer returned null
[20Dec2025 21:39:28.771] [main/ERROR] [net.minecraft.world.item.crafting.RecipeManager/]: Parsing error loading recipe veggiesdelight:botany/cauliflower: com.google.gson.JsonSyntaxException: Invalid or unsupported recipe type 'botanypots:crop'
[20Dec2025 21:39:28.771] [main/INFO] [net.minecraft.world.item.crafting.RecipeManager/]: Skipping loading recipe delightful:integration/undergarden/cutting/ink_mushroom as it's serializer returned null
[20Dec2025 21:39:28.772] [main/INFO] [net.minecraft.world.item.crafting.RecipeManager/]: Skipping loading recipe supplementaries:soap_from_animal_fat as it's serializer returned null
[20Dec2025 21:39:28.772] [main/INFO] [net.minecraft.world.item.crafting.RecipeManager/]: Skipping loading recipe delightful:integration/cookielicious/glow_jam_cookie_tile_slab as it's serializer returned null
[20Dec2025 21:39:28.773] [main/INFO] [net.minecraft.world.item.crafting.RecipeManager/]: Skipping loading recipe delightful:integration/ars_nouveau/source_berry_pie_from_slices as it's serializer returned null
[20Dec2025 21:39:28.773] [main/INFO] [net.minecraft.world.item.crafting.RecipeManager/]: Skipping loading recipe delightful:integration/habitat/cutting/tall_red_anthurium as it's serializer returned null
[20Dec2025 21:39:28.773] [main/INFO] [net.minecraft.world.item.crafting.RecipeManager/]: Skipping loading recipe delightful:knives/smithing/obsidian_infused_enderite_knife as it's serializer returned null
[20Dec2025 21:39:28.773] [main/ERROR] [net.minecraft.world.item.crafting.RecipeManager/]: Parsing error loading recipe veggiesdelight:botany/garlic: com.google.gson.JsonSyntaxException: Invalid or unsupported recipe type 'botanypots:crop'
[20Dec2025 21:39:28.774] [main/INFO] [net.minecraft.world.item.crafting.RecipeManager/]: Skipping loading recipe delightful:knives/smithing/enderite_knife as it's serializer returned null
[20Dec2025 21:39:28.774] [main/INFO] [net.minecraft.world.item.crafting.RecipeManager/]: Skipping loading recipe delightful:knives/utherium_knife as it's serializer returned null
[20Dec2025 21:39:28.777] [main/INFO] [net.minecraft.world.item.crafting.RecipeManager/]: Skipping loading recipe frozenup:mug_of_milk as it's serializer returned null
[20Dec2025 21:39:28.778] [main/ERROR] [net.minecraft.world.item.crafting.RecipeManager/]: Parsing error loading recipe veggiesdelight:botany/broccoli: com.google.gson.JsonSyntaxException: Invalid or unsupported recipe type 'botanypots:crop'
[20Dec2025 21:39:28.779] [main/INFO] [net.minecraft.world.item.crafting.RecipeManager/]: Skipping loading recipe delightful:integration/ars_nouveau/unpack_mendosteen_crate as it's serializer returned null
[20Dec2025 21:39:28.779] [main/INFO] [net.minecraft.world.item.crafting.RecipeManager/]: Skipping loading recipe minecraft:pumpkin_pie as it's serializer returned null
[20Dec2025 21:39:28.783] [main/INFO] [net.minecraft.world.item.crafting.RecipeManager/]: Skipping loading recipe delightful:knives/kiwano_knife as it's serializer returned null
[20Dec2025 21:39:28.784] [main/INFO] [net.minecraft.world.item.crafting.RecipeManager/]: Skipping loading recipe delightful:knives/repairing/zanite_knife as it's serializer returned null
[20Dec2025 21:39:28.789] [main/INFO] [net.minecraft.world.item.crafting.RecipeManager/]: Skipping loading recipe delightful:cutting/small_cactus as it's serializer returned null
[20Dec2025 21:39:28.789] [main/INFO] [net.minecraft.world.item.crafting.RecipeManager/]: Skipping loading recipe delightful:knives/leaf_knife as it's serializer returned null
[20Dec2025 21:39:28.789] [main/INFO] [net.minecraft.world.item.crafting.RecipeManager/]: Skipping loading recipe thermal:machines/press/packing3x3/press_potato_packing as it's serializer returned null
[20Dec2025 21:39:28.790] [main/INFO] [net.minecraft.world.item.crafting.RecipeManager/]: Skipping loading recipe delightful:knives/smelting/bone/bone_meal_from_smelting_leggings as it's serializer returned null
[20Dec2025 21:39:28.796] [main/INFO] [net.minecraft.world.item.crafting.RecipeManager/]: Skipping loading recipe delightful:cutting/cooked_venison as it's serializer returned null
[20Dec2025 21:39:28.797] [main/INFO] [net.minecraft.world.item.crafting.RecipeManager/]: Skipping loading recipe biomeswevegone:green_apple_pie as it's serializer returned null
[20Dec2025 21:39:28.797] [main/INFO] [net.minecraft.world.item.crafting.RecipeManager/]: Skipping loading recipe thermal:machines/press/packing3x3/press_apple_packing as it's serializer returned null
[20Dec2025 21:39:28.797] [main/ERROR] [net.minecraft.world.item.crafting.RecipeManager/]: Parsing error loading recipe veggiesdelight:botany/sweet_potato: com.google.gson.JsonSyntaxException: Invalid or unsupported recipe type 'botanypots:crop'
[20Dec2025 21:39:28.798] [main/INFO] [net.minecraft.world.item.crafting.RecipeManager/]: Skipping loading recipe abnormals_delight:autumnity/pumpkin_bread as it's serializer returned null
[20Dec2025 21:39:28.798] [main/INFO] [net.minecraft.world.item.crafting.RecipeManager/]: Skipping loading recipe delightful:knives/blasting/silver_immersiveengineering as it's serializer returned null
[20Dec2025 21:39:28.800] [main/INFO] [net.minecraft.world.item.crafting.RecipeManager/]: Skipping loading recipe naturalist:pumpkin_pie as it's serializer returned null
[20Dec2025 21:39:28.800] [main/INFO] [net.minecraft.world.item.crafting.RecipeManager/]: Skipping loading recipe delightful:knives/constantan_knife as it's serializer returned null
[20Dec2025 21:39:28.801] [main/INFO] [net.minecraft.world.item.crafting.RecipeManager/]: Skipping loading recipe delightful:knives/smelting/bone/bone_meal_from_smelting_shovel as it's serializer returned null
[20Dec2025 21:39:28.801] [main/ERROR] [net.minecraft.world.item.crafting.RecipeManager/]: Parsing error loading recipe veggiesdelight:botany/wild_broccoli: com.google.gson.JsonSyntaxException: Invalid or unsupported recipe type 'botanypots:crop'
[20Dec2025 21:39:28.802] [main/INFO] [net.minecraft.world.item.crafting.RecipeManager/]: Skipping loading recipe delightful:integration/ars_nouveau/frostaya_crate as it's serializer returned null
[20Dec2025 21:39:28.802] [main/INFO] [net.minecraft.world.item.crafting.RecipeManager/]: Skipping loading recipe buzzier_bees:white_clover as it's serializer returned null
[20Dec2025 21:39:28.802] [main/INFO] [net.minecraft.world.item.crafting.RecipeManager/]: Skipping loading recipe delightful:integration/ars_nouveau/unpack_bastion_fruit_crate as it's serializer returned null
[20Dec2025 21:39:28.802] [main/INFO] [net.minecraft.world.item.crafting.RecipeManager/]: Skipping loading recipe delightful:integration/upgrade_aquatic/cutting/beachgrass as it's serializer returned null
[20Dec2025 21:39:28.802] [main/INFO] [net.minecraft.world.item.crafting.RecipeManager/]: Skipping loading recipe frozenup:mug_of_truffle_hot_chocolate as it's serializer returned null
[20Dec2025 21:39:28.803] [main/INFO] [net.minecraft.world.item.crafting.RecipeManager/]: Skipping loading recipe undergardendelight:utherium_knife as it's serializer returned null
[20Dec2025 21:39:28.803] [main/INFO] [net.minecraft.world.item.crafting.RecipeManager/]: Skipping loading recipe delightful:integration/thermal/press/cantaloupe_packing as it's serializer returned null
[20Dec2025 21:39:28.803] [main/INFO] [net.minecraft.world.item.crafting.RecipeManager/]: Skipping loading recipe wildberries:cutting/raspberry_pie as it's serializer returned null
[20Dec2025 21:39:28.806] [main/INFO] [net.minecraft.world.item.crafting.RecipeManager/]: Skipping loading recipe delightful:knives/smelting/forgotten_undergarden as it's serializer returned null
[20Dec2025 21:39:28.806] [main/INFO] [net.minecraft.world.item.crafting.RecipeManager/]: Skipping loading recipe delightful:knives/blasting/silver_eidolon as it's serializer returned null
[20Dec2025 21:39:28.806] [main/INFO] [net.minecraft.world.item.crafting.RecipeManager/]: Skipping loading recipe delightful:integration/habitat/cutting/rafflesia as it's serializer returned null
[20Dec2025 21:39:28.806] [main/ERROR] [net.minecraft.world.item.crafting.RecipeManager/]: Parsing error loading recipe veggiesdelight:botany/turnip: com.google.gson.JsonSyntaxException: Invalid or unsupported recipe type 'botanypots:crop'
[20Dec2025 21:39:28.809] [main/INFO] [net.minecraft.world.item.crafting.RecipeManager/]: Skipping loading recipe delightful:knives/smelting/warden_deeperdarker as it's serializer returned null
[20Dec2025 21:39:28.809] [main/INFO] [net.minecraft.world.item.crafting.RecipeManager/]: Skipping loading recipe twilightdelight:cutting/cooked_venison_rib as it's serializer returned null
[20Dec2025 21:39:28.810] [main/INFO] [net.minecraft.world.item.crafting.RecipeManager/]: Skipping loading recipe delightful:integration/biomeswevegone/blueberry_pie_from_slices as it's serializer returned null
[20Dec2025 21:39:28.810] [main/INFO] [net.minecraft.world.item.crafting.RecipeManager/]: Skipping loading recipe delightful:knives/skyjade_knife as it's serializer returned null
[20Dec2025 21:39:28.810] [main/INFO] [net.minecraft.world.item.crafting.RecipeManager/]: Skipping loading recipe delightful:integration/ars_nouveau/cutting/source_berry_pie as it's serializer returned null
[20Dec2025 21:39:28.810] [main/INFO] [net.minecraft.world.item.crafting.RecipeManager/]: Skipping loading recipe autumnity:syrup_bottle as it's serializer returned null
[20Dec2025 21:39:28.815] [main/INFO] [net.minecraft.world.item.crafting.RecipeManager/]: Skipping loading recipe delightful:knives/smelting/osmium_mekanism as it's serializer returned null
[20Dec2025 21:39:28.816] [main/INFO] [net.minecraft.world.item.crafting.RecipeManager/]: Skipping loading recipe delightful:integration/thermal/organic_compost_from_compost as it's serializer returned null
[20Dec2025 21:39:28.819] [main/INFO] [net.minecraft.world.item.crafting.RecipeManager/]: Skipping loading recipe delightful:knives/invar_knife as it's serializer returned null
[20Dec2025 21:39:28.819] [main/INFO] [net.minecraft.world.item.crafting.RecipeManager/]: Skipping loading recipe delightful:knives/knightmetal_knife as it's serializer returned null
[20Dec2025 21:39:28.820] [main/INFO] [net.minecraft.world.item.crafting.RecipeManager/]: Skipping loading recipe deep_aether:cake as it's serializer returned null
[20Dec2025 21:39:28.820] [main/INFO] [net.minecraft.world.item.crafting.RecipeManager/]: Skipping loading recipe additionaladditions:honeyed_apple as it's serializer returned null
[20Dec2025 21:39:28.820] [main/ERROR] [net.minecraft.world.item.crafting.RecipeManager/]: Parsing error loading recipe veggiesdelight:botany/wild_turnips: com.google.gson.JsonSyntaxException: Invalid or unsupported recipe type 'botanypots:crop'
[20Dec2025 21:39:28.820] [main/INFO] [net.minecraft.world.item.crafting.RecipeManager/]: Skipping loading recipe miners_delight:squid_sandwich as it's serializer returned null
[20Dec2025 21:39:28.821] [main/INFO] [net.minecraft.world.item.crafting.RecipeManager/]: Skipping loading recipe hauntedharvest:corn_bread as it's serializer returned null
[20Dec2025 21:39:28.821] [main/INFO] [net.minecraft.world.item.crafting.RecipeManager/]: Skipping loading recipe delightful:integration/cookielicious/glow_jam_cookie_tiles as it's serializer returned null
[20Dec2025 21:39:28.821] [main/INFO] [net.minecraft.world.item.crafting.RecipeManager/]: Skipping loading recipe delightful:knives/brass_knife as it's serializer returned null
[20Dec2025 21:39:28.822] [main/INFO] [net.minecraft.world.item.crafting.RecipeManager/]: Skipping loading recipe create:sandpaper_polishing/rose_quartz as it's serializer returned null
[20Dec2025 21:39:28.822] [main/INFO] [net.minecraft.world.item.crafting.RecipeManager/]: Skipping loading recipe delightful:integration/ars_nouveau/cutting/purple_archwood_log as it's serializer returned null
[20Dec2025 21:39:28.822] [main/INFO] [net.minecraft.world.item.crafting.RecipeManager/]: Skipping loading recipe delightful:knives/copper_knife as it's serializer returned null
[20Dec2025 21:39:28.822] [main/INFO] [net.minecraft.world.item.crafting.RecipeManager/]: Skipping loading recipe delightful:knives/blasting/emerald_emeraldequipment as it's serializer returned null
[20Dec2025 21:39:28.823] [main/INFO] [net.minecraft.world.item.crafting.RecipeManager/]: Skipping loading recipe casualness_delight:crafting_shaped/green_tongue as it's serializer returned null
[20Dec2025 21:39:28.823] [main/INFO] [net.minecraft.world.item.crafting.RecipeManager/]: Skipping loading recipe delightful:knives/bronze_knife as it's serializer returned null
[20Dec2025 21:39:28.826] [main/INFO] [net.minecraft.world.item.crafting.RecipeManager/]: Skipping loading recipe delightful:integration/habitat/cutting/kabloom_fruit as it's serializer returned null
[20Dec2025 21:39:28.827] [main/INFO] [net.minecraft.world.item.crafting.RecipeManager/]: Skipping loading recipe delightful:integration/ars_nouveau/unpack_frostaya_crate as it's serializer returned null
[20Dec2025 21:39:28.827] [main/INFO] [net.minecraft.world.item.crafting.RecipeManager/]: Skipping loading recipe aether:nature_staff as it's serializer returned null
[20Dec2025 21:39:28.827] [main/INFO] [net.minecraft.world.item.crafting.RecipeManager/]: Skipping loading recipe delightful:integration/farmersrespite/pouring/azalea_tea as it's serializer returned null
[20Dec2025 21:39:28.828] [main/INFO] [net.minecraft.world.item.crafting.RecipeManager/]: Skipping loading recipe delightful:integration/aether_redux/infuse_and_charge_infused_veridium_knife as it's serializer returned null
[20Dec2025 21:39:28.828] [main/INFO] [net.minecraft.world.item.crafting.RecipeManager/]: Skipping loading recipe aether:moa_egg_cake as it's serializer returned null
[20Dec2025 21:39:28.828] [main/INFO] [net.minecraft.world.item.crafting.RecipeManager/]: Skipping loading recipe delightful:integration/thermal/tree_extractor/orange_maple as it's serializer returned null
[20Dec2025 21:39:28.828] [main/INFO] [net.minecraft.world.item.crafting.RecipeManager/]: Skipping loading recipe buzzier_bees:pink_clover_compat as it's serializer returned null
[20Dec2025 21:39:28.831] [main/INFO] [net.minecraft.world.item.crafting.RecipeManager/]: Skipping loading recipe wildberries:blackberry_pie as it's serializer returned null
[20Dec2025 21:39:28.832] [main/INFO] [net.minecraft.world.item.crafting.RecipeManager/]: Skipping loading recipe delightful:integration/habitat/cutting/red_anthurium as it's serializer returned null
[20Dec2025 21:39:28.832] [main/INFO] [net.minecraft.world.item.crafting.RecipeManager/]: Skipping loading recipe delightful:knives/black_opal_knife as it's serializer returned null
[20Dec2025 21:39:28.832] [main/INFO] [net.minecraft.world.item.crafting.RecipeManager/]: Skipping loading recipe delightful:integration/atmospheric/lime_dye_from_aloe as it's serializer returned null
[20Dec2025 21:39:28.832] [main/INFO] [net.minecraft.world.item.crafting.RecipeManager/]: Skipping loading recipe delightful:integration/cooked_venison as it's serializer returned null
[20Dec2025 21:39:28.833] [main/INFO] [net.minecraft.world.item.crafting.RecipeManager/]: Skipping loading recipe delightful:knives/smelting/copper_abnormals as it's serializer returned null
[20Dec2025 21:39:28.833] [main/INFO] [net.minecraft.world.item.crafting.RecipeManager/]: Skipping loading recipe delightful:integration/sunflowerdelight/cutting/rosebud as it's serializer returned null
[20Dec2025 21:39:28.836] [main/INFO] [net.minecraft.world.item.crafting.RecipeManager/]: Skipping loading recipe delightful:knives/aluminum_knife as it's serializer returned null
[20Dec2025 21:39:28.836] [main/INFO] [net.minecraft.world.item.crafting.RecipeManager/]: Skipping loading recipe thermal:storage/gunpowder_block as it's serializer returned null
[20Dec2025 21:39:28.836] [main/INFO] [net.minecraft.world.item.crafting.RecipeManager/]: Skipping loading recipe delightful:integration/cookielicious/glow_jam_cookie_tile_stairs as it's serializer returned null
[20Dec2025 21:39:28.842] [main/INFO] [net.minecraft.world.item.crafting.RecipeManager/]: Skipping loading recipe delightful:integration/biomeswevegone/cutting/flowers/orange as it's serializer returned null
[20Dec2025 21:39:28.842] [main/INFO] [net.minecraft.world.item.crafting.RecipeManager/]: Skipping loading recipe delightful:integration/biomeswevegone/cutting/flowers/yellow_sakura_petals as it's serializer returned null
[20Dec2025 21:39:28.842] [main/INFO] [net.minecraft.world.item.crafting.RecipeManager/]: Skipping loading recipe frozenup:mug_of_chocolate_milk_from_chocolate as it's serializer returned null
[20Dec2025 21:39:28.844] [main/INFO] [net.minecraft.world.item.crafting.RecipeManager/]: Skipping loading recipe delightful:knives/smelting/nickel_immersiveengineering as it's serializer returned null
[20Dec2025 21:39:28.844] [main/INFO] [net.minecraft.world.item.crafting.RecipeManager/]: Skipping loading recipe delightful:food/cookie as it's serializer returned null
[20Dec2025 21:39:28.845] [main/INFO] [net.minecraft.world.item.crafting.RecipeManager/]: Skipping loading recipe delightful:integration/biomeswevegone/cutting/prickly_pear_cactus as it's serializer returned null
[20Dec2025 21:39:28.845] [main/INFO] [net.minecraft.world.item.crafting.RecipeManager/]: Skipping loading recipe fruitsdelight:fig_pudding as it's serializer returned null
[20Dec2025 21:39:28.845] [main/INFO] [net.minecraft.world.item.crafting.RecipeManager/]: Skipping loading recipe delightful:knives/blasting/bone/bone_meal_from_blasting_hoe as it's serializer returned null
[20Dec2025 21:39:28.846] [main/INFO] [net.minecraft.world.item.crafting.RecipeManager/]: Skipping loading recipe delightful:integration/cookielicious/glow_jam_cookie_tile_stairs_stonecutting as it's serializer returned null
[20Dec2025 21:39:28.846] [main/INFO] [net.minecraft.world.item.crafting.RecipeManager/]: Skipping loading recipe delightful:knives/blasting/zinc_create as it's serializer returned null
[20Dec2025 21:39:28.846] [main/INFO] [net.minecraft.world.item.crafting.RecipeManager/]: Skipping loading recipe delightful:knives/amethyst_knife as it's serializer returned null
[20Dec2025 21:39:28.847] [main/INFO] [net.minecraft.world.item.crafting.RecipeManager/]: Skipping loading recipe delightful:knives/smelting/tin_mekanism as it's serializer returned null
[20Dec2025 21:39:28.847] [main/INFO] [net.minecraft.world.item.crafting.RecipeManager/]: Skipping loading recipe ae2:inscriber/ender_dust as it's serializer returned null
[20Dec2025 21:39:28.848] [main/INFO] [net.minecraft.world.item.crafting.RecipeManager/]: Skipping loading recipe wildberries:cranberry_pie as it's serializer returned null
[20Dec2025 21:39:28.848] [main/INFO] [net.minecraft.world.item.crafting.RecipeManager/]: Skipping loading recipe delightful:knives/smelting/electrum_immersiveengineering as it's serializer returned null
[20Dec2025 21:39:28.849] [main/INFO] [net.minecraft.world.item.crafting.RecipeManager/]: Skipping loading recipe delightful:integration/create_sa/gilded_quartz_knife as it's serializer returned null
[20Dec2025 21:39:28.849] [main/INFO] [net.minecraft.world.item.crafting.RecipeManager/]: Skipping loading recipe delightful:knives/smithing/alf_knife as it's serializer returned null
[20Dec2025 21:39:28.849] [main/INFO] [net.minecraft.world.item.crafting.RecipeManager/]: Skipping loading recipe delightful:knives/smelting/bone/bone_meal_from_smelting_pickaxe as it's serializer returned null
[20Dec2025 21:39:28.850] [main/INFO] [net.minecraft.world.item.crafting.RecipeManager/]: Skipping loading recipe seasonals:crafting/pumpkin_puree as it's serializer returned null
[20Dec2025 21:39:28.850] [main/INFO] [net.minecraft.world.item.crafting.RecipeManager/]: Skipping loading recipe delightful:integration/biomeswevegone/cutting/flowers/flower_patch as it's serializer returned null
[20Dec2025 21:39:28.854] [main/INFO] [net.minecraft.world.item.crafting.RecipeManager/]: Skipping loading recipe undergarden:veiled_stew as it's serializer returned null
[20Dec2025 21:39:28.854] [main/INFO] [net.minecraft.world.item.crafting.RecipeManager/]: Skipping loading recipe delightful:knives/repairing/gravitite_knife as it's serializer returned null
[20Dec2025 21:39:28.855] [main/INFO] [net.minecraft.world.item.crafting.RecipeManager/]: Skipping loading recipe delightful:knives/froststeel_knife as it's serializer returned null
[20Dec2025 21:39:28.857] [main/INFO] [net.minecraft.world.item.crafting.RecipeManager/]: Skipping loading recipe delightful:integration/thermal/insolator_salmonberries as it's serializer returned null
[20Dec2025 21:39:28.858] [main/INFO] [net.minecraft.world.item.crafting.RecipeManager/]: Skipping loading recipe corn_delight:cooking/stuffed_pumpkin_from_cornbread as it's serializer returned null
[20Dec2025 21:39:28.858] [main/ERROR] [net.minecraft.world.item.crafting.RecipeManager/]: Parsing error loading recipe vintagedelight:cooking/shakshouka: com.google.gson.JsonSyntaxException: Unknown item 'vintagedelight:ghost_pepper'
[20Dec2025 21:39:28.858] [main/INFO] [net.minecraft.world.item.crafting.RecipeManager/]: Skipping loading recipe delightful:knives/infused_veridium_knife as it's serializer returned null
[20Dec2025 21:39:28.859] [main/INFO] [net.minecraft.world.item.crafting.RecipeManager/]: Skipping loading recipe delightful:integration/ars_nouveau/imbuement_pomegranate as it's serializer returned null
[20Dec2025 21:39:28.859] [main/INFO] [net.minecraft.world.item.crafting.RecipeManager/]: Skipping loading recipe ecologics:rabbit_stew_from_red_mushroom_and_coconut_husk as it's serializer returned null
[20Dec2025 21:39:28.859] [main/INFO] [net.minecraft.world.item.crafting.RecipeManager/]: Skipping loading recipe delightful:knives/veridium_knife as it's serializer returned null
[20Dec2025 21:39:28.860] [main/INFO] [net.minecraft.world.item.crafting.RecipeManager/]: Skipping loading recipe biomeswevegone:blooming_oddion as it's serializer returned null
[20Dec2025 21:39:28.860] [main/INFO] [net.minecraft.world.item.crafting.RecipeManager/]: Skipping loading recipe delightful:food/baklava as it's serializer returned null
[20Dec2025 21:39:28.860] [main/INFO] [net.minecraft.world.item.crafting.RecipeManager/]: Skipping loading recipe miners_delight:vegan_hamburger as it's serializer returned null
[20Dec2025 21:39:28.863] [main/INFO] [net.minecraft.world.item.crafting.RecipeManager/]: Skipping loading recipe thermal:storage/gunpowder_from_block as it's serializer returned null
[20Dec2025 21:39:28.866] [main/INFO] [net.minecraft.world.item.crafting.RecipeManager/]: Skipping loading recipe delightful:knives/gravitite_knife as it's serializer returned null
[20Dec2025 21:39:28.866] [main/INFO] [net.minecraft.world.item.crafting.RecipeManager/]: Skipping loading recipe delightful:integration/ars_nouveau/cutting/red_archwood_log as it's serializer returned null
[20Dec2025 21:39:28.866] [main/INFO] [net.minecraft.world.item.crafting.RecipeManager/]: Skipping loading recipe delightful:knives/large_amethyst_knife as it's serializer returned null
[20Dec2025 21:39:28.866] [main/INFO] [net.minecraft.world.item.crafting.RecipeManager/]: Skipping loading recipe delightful:integration/ars_nouveau/source_berry_milkshake as it's serializer returned null
[20Dec2025 21:39:28.867] [main/INFO] [net.minecraft.world.item.crafting.RecipeManager/]: Skipping loading recipe delightful:knives/ironwood_knife as it's serializer returned null
[20Dec2025 21:39:28.867] [main/INFO] [net.minecraft.world.item.crafting.RecipeManager/]: Skipping loading recipe wildberries:raspberry_pie as it's serializer returned null
[20Dec2025 21:39:28.868] [main/INFO] [net.minecraft.world.item.crafting.RecipeManager/]: Skipping loading recipe delightful:knives/smelting/constantan_immersiveengineering as it's serializer returned null
[20Dec2025 21:39:28.870] [main/INFO] [net.minecraft.world.item.crafting.RecipeManager/]: Skipping loading recipe neapolitan:strawberry/strawberry_scones as it's serializer returned null
[20Dec2025 21:39:28.870] [main/INFO] [net.minecraft.world.item.crafting.RecipeManager/]: Skipping loading recipe delightful:integration/ars_nouveau/bastion_fruit_crate as it's serializer returned null
[20Dec2025 21:39:28.871] [main/INFO] [net.minecraft.world.item.crafting.RecipeManager/]: Skipping loading recipe delightful:integration/cookielicious/source_berry_cookie_tile_wall_stonecutting as it's serializer returned null
[20Dec2025 21:39:28.871] [main/INFO] [net.minecraft.world.item.crafting.RecipeManager/]: Skipping loading recipe delightful:knives/experience_knife as it's serializer returned null
[20Dec2025 21:39:28.871] [main/INFO] [net.minecraft.world.item.crafting.RecipeManager/]: Skipping loading recipe delightful:knives/nether_quartz_knife as it's serializer returned null
[20Dec2025 21:39:28.871] [main/INFO] [net.minecraft.world.item.crafting.RecipeManager/]: Skipping loading recipe naturalist:cake as it's serializer returned null
[20Dec2025 21:39:28.871] [main/INFO] [net.minecraft.world.item.crafting.RecipeManager/]: Skipping loading recipe delightful:integration/habitat/cutting/ball_cactus_block as it's serializer returned null
[20Dec2025 21:39:28.872] [main/INFO] [net.minecraft.world.item.crafting.RecipeManager/]: Skipping loading recipe delightful:integration/neapolitan/lime_dye_from_mint as it's serializer returned null
[20Dec2025 21:39:28.872] [main/INFO] [net.minecraft.world.item.crafting.RecipeManager/]: Skipping loading recipe delightful:integration/ars_nouveau/cutting/purple_archwood_wood as it's serializer returned null
[20Dec2025 21:39:28.872] [main/INFO] [net.minecraft.world.item.crafting.RecipeManager/]: Skipping loading recipe miners_delight:vegan_wrap as it's serializer returned null
[20Dec2025 21:39:28.873] [main/INFO] [net.minecraft.world.item.crafting.RecipeManager/]: Skipping loading recipe delightful:knives/blasting/copper_abnormals as it's serializer returned null
[20Dec2025 21:39:28.874] [main/INFO] [net.minecraft.world.item.crafting.RecipeManager/]: Skipping loading recipe ecologics:tropical_stew as it's serializer returned null
[20Dec2025 21:39:28.875] [main/INFO] [net.minecraft.world.item.crafting.RecipeManager/]: Skipping loading recipe ars_nouveau:magebloom_fiber as it's serializer returned null
[20Dec2025 21:39:28.875] [main/INFO] [net.minecraft.world.item.crafting.RecipeManager/]: Skipping loading recipe delightful:integration/environmental/cutting/giant_tall_grass as it's serializer returned null
[20Dec2025 21:39:28.876] [main/INFO] [net.minecraft.world.item.crafting.RecipeManager/]: Skipping loading recipe twilightdelight:cutting/raw_venison_rib as it's serializer returned null
[20Dec2025 21:39:28.876] [main/INFO] [net.minecraft.world.item.crafting.RecipeManager/]: Skipping loading recipe delightful:integration/biomeswevegone/cutting/flowers/red as it's serializer returned null
[20Dec2025 21:39:28.878] [main/INFO] [net.minecraft.world.item.crafting.RecipeManager/]: Skipping loading recipe thermal:machines/centrifuge/centrifuge_syrup_bottle as it's serializer returned null
[20Dec2025 21:39:28.879] [main/INFO] [net.minecraft.world.item.crafting.RecipeManager/]: Skipping loading recipe ecologics:rabbit_stew_from_brown_mushroom_and_coconut_husk as it's serializer returned null
[20Dec2025 21:39:28.879] [main/INFO] [net.minecraft.world.item.crafting.RecipeManager/]: Skipping loading recipe unusualend:chorus_pie_recipe as it's serializer returned null
[20Dec2025 21:39:28.879] [main/INFO] [net.minecraft.world.item.crafting.RecipeManager/]: Skipping loading recipe delightful:integration/thermal/tree_extractor/maple as it's serializer returned null
[20Dec2025 21:39:28.880] [main/INFO] [net.minecraft.world.item.crafting.RecipeManager/]: Skipping loading recipe frozenup:mug_of_chocolate_milk as it's serializer returned null
[20Dec2025 21:39:28.880] [main/INFO] [net.minecraft.world.item.crafting.RecipeManager/]: Skipping loading recipe aether:skyroot_milk_bucket_moa_egg_cake as it's serializer returned null
[20Dec2025 21:39:28.881] [main/INFO] [net.minecraft.world.item.crafting.RecipeManager/]: Skipping loading recipe delightful:integration/thermal/sawmill/cantaloupe as it's serializer returned null
[20Dec2025 21:39:28.882] [main/INFO] [net.minecraft.world.item.crafting.RecipeManager/]: Skipping loading recipe delightful:effect_providers/rotten as it's serializer returned null
[20Dec2025 21:39:28.882] [main/INFO] [net.minecraft.world.item.crafting.RecipeManager/]: Skipping loading recipe undergardendelight:forgotten_knife as it's serializer returned null
[20Dec2025 21:39:28.883] [main/INFO] [net.minecraft.world.item.crafting.RecipeManager/]: Skipping loading recipe delightful:knives/terra_knife as it's serializer returned null
[20Dec2025 21:39:28.883] [main/INFO] [net.minecraft.world.item.crafting.RecipeManager/]: Skipping loading recipe twigs:azalea_flowers_from_flowering_azalea as it's serializer returned null
[20Dec2025 21:39:28.883] [main/INFO] [net.minecraft.world.item.crafting.RecipeManager/]: Skipping loading recipe delightful:integration/ars_nouveau/bombegranate_crate as it's serializer returned null
[20Dec2025 21:39:28.885] [main/INFO] [net.minecraft.world.item.crafting.RecipeManager/]: Skipping loading recipe thermal:storage/potato_block as it's serializer returned null
[20Dec2025 21:39:28.885] [main/INFO] [net.minecraft.world.item.crafting.RecipeManager/]: Skipping loading recipe delightful:integration/biomeswevegone/cutting/flowers/cyan_pitcher_plant as it's serializer returned null
[20Dec2025 21:39:28.886] [main/INFO] [net.minecraft.world.item.crafting.RecipeManager/]: Skipping loading recipe delightful:integration/biomeswevegone/unpack_baobab_fruit_crate as it's serializer returned null
[20Dec2025 21:39:28.886] [main/INFO] [net.minecraft.world.item.crafting.RecipeManager/]: Skipping loading recipe delightful:integration/biomeswevegone/cutting/flowers/magenta_pitcher_plant as it's serializer returned null
[20Dec2025 21:39:28.886] [main/INFO] [net.minecraft.world.item.crafting.RecipeManager/]: Skipping loading recipe wildberries:blackberry_pie_from_slices as it's serializer returned null
[20Dec2025 21:39:28.886] [main/INFO] [net.minecraft.world.item.crafting.RecipeManager/]: Skipping loading recipe delightful:food/clover_honey as it's serializer returned null
[20Dec2025 21:39:28.887] [main/INFO] [net.minecraft.world.item.crafting.RecipeManager/]: Skipping loading recipe corn_delight:cooking/corn_dog as it's serializer returned null
[20Dec2025 21:39:28.887] [main/INFO] [net.minecraft.world.item.crafting.RecipeManager/]: Skipping loading recipe finsandtails:crab_sandwich as it's serializer returned null
[20Dec2025 21:39:28.887] [main/INFO] [net.minecraft.world.item.crafting.RecipeManager/]: Skipping loading recipe delightful:knives/blasting/osmium_mekanism as it's serializer returned null
[20Dec2025 21:39:28.888] [main/INFO] [net.minecraft.world.item.crafting.RecipeManager/]: Skipping loading recipe delightful:knives/smelting/bone/bone_meal_from_smelting_boots as it's serializer returned null
[20Dec2025 21:39:28.889] [main/INFO] [net.minecraft.world.item.crafting.RecipeManager/]: Skipping loading recipe delightful:knives/soul_steel_knife as it's serializer returned null
[20Dec2025 21:39:28.889] [main/INFO] [net.minecraft.world.item.crafting.RecipeManager/]: Skipping loading recipe farmersdelight:cooking/macaroni_and_cheese as it's serializer returned null
[20Dec2025 21:39:28.889] [main/INFO] [net.minecraft.world.item.crafting.RecipeManager/]: Skipping loading recipe delightful:integration/youkaishomecoming/kettle/lavender_tea as it's serializer returned null
[20Dec2025 21:39:28.889] [main/INFO] [net.minecraft.world.item.crafting.RecipeManager/]: Skipping loading recipe delightful:knives/mixing/blazing_knife as it's serializer returned null
[20Dec2025 21:39:28.890] [main/INFO] [net.minecraft.world.item.crafting.RecipeManager/]: Skipping loading recipe delightful:integration/biomemakeover/cutting/barrel_cactus_flowered as it's serializer returned null
[20Dec2025 21:39:28.890] [main/INFO] [net.minecraft.world.item.crafting.RecipeManager/]: Skipping loading recipe delightful:knives/emerald_knife as it's serializer returned null
[20Dec2025 21:39:28.890] [main/INFO] [net.minecraft.world.item.crafting.RecipeManager/]: Skipping loading recipe delightful:integration/farmersrespite/brewing/azalea_tea_from_water as it's serializer returned null
[20Dec2025 21:39:28.890] [main/INFO] [net.minecraft.world.item.crafting.RecipeManager/]: Skipping loading recipe delightful:knives/blasting/bronze_thermal as it's serializer returned null
[20Dec2025 21:39:28.890] [main/INFO] [net.minecraft.world.item.crafting.RecipeManager/]: Skipping loading recipe delightful:knives/blasting/copper_create as it's serializer returned null
[20Dec2025 21:39:28.892] [main/INFO] [net.minecraft.world.item.crafting.RecipeManager/]: Skipping loading recipe delightful:knives/blasting/copper_copperized as it's serializer returned null
[20Dec2025 21:39:28.892] [main/INFO] [net.minecraft.world.item.crafting.RecipeManager/]: Skipping loading recipe delightful:integration/biomeswevegone/cutting/flowers/lime as it's serializer returned null
[20Dec2025 21:39:28.893] [main/INFO] [net.minecraft.world.item.crafting.RecipeManager/]: Skipping loading recipe delightful:integration/immersive_weathering/tallow_from_animal_fat as it's serializer returned null
[20Dec2025 21:39:28.894] [main/INFO] [net.minecraft.world.item.crafting.RecipeManager/]: Skipping loading recipe twigs:azalea_flowers_from_flowering_azalea_leaves as it's serializer returned null
[20Dec2025 21:39:28.894] [main/INFO] [net.minecraft.world.item.crafting.RecipeManager/]: Skipping loading recipe delightful:integration/biomeswevegone/cutting/flowers/light_blue as it's serializer returned null
[20Dec2025 21:39:28.894] [main/INFO] [net.minecraft.world.item.crafting.RecipeManager/]: Skipping loading recipe delightful:integration/biomeswevegone/cutting/flowers/blue as it's serializer returned null
[20Dec2025 21:39:28.895] [main/INFO] [net.minecraft.world.item.crafting.RecipeManager/]: Skipping loading recipe delightful:knives/crystalline_knife as it's serializer returned null
[20Dec2025 21:39:28.895] [main/INFO] [net.minecraft.world.item.crafting.RecipeManager/]: Skipping loading recipe delightful:integration/farmersrespite/brewing/lavender_tea_from_water as it's serializer returned null
[20Dec2025 21:39:28.895] [main/INFO] [net.minecraft.world.item.crafting.RecipeManager/]: Skipping loading recipe enderio:sag_milling/ender_pearl as it's serializer returned null
[20Dec2025 21:39:28.895] [main/INFO] [net.minecraft.world.item.crafting.RecipeManager/]: Skipping loading recipe corn_delight:taco as it's serializer returned null
[20Dec2025 21:39:28.895] [main/INFO] [net.minecraft.world.item.crafting.RecipeManager/]: Skipping loading recipe delightful:knives/refined_glowstone_knife as it's serializer returned null
[20Dec2025 21:39:28.895] [main/INFO] [net.minecraft.world.item.crafting.RecipeManager/]: Skipping loading recipe delightful:food/marshmallow_stick_from_marshmallow as it's serializer returned null
[20Dec2025 21:39:28.896] [main/INFO] [net.minecraft.world.item.crafting.RecipeManager/]: Skipping loading recipe delightful:integration/habitat/cutting/flowering_pink_ball_cactus_block as it's serializer returned null
[20Dec2025 21:39:28.896] [main/INFO] [net.minecraft.world.item.crafting.RecipeManager/]: Skipping loading recipe delightful:integration/thermal/bottler_sap_bottle as it's serializer returned null
[20Dec2025 21:39:28.896] [main/INFO] [net.minecraft.world.item.crafting.RecipeManager/]: Skipping loading recipe delightful:integration/cookielicious/glow_jam_cookie_tile_wall as it's serializer returned null
[20Dec2025 21:39:28.896] [main/INFO] [net.minecraft.world.item.crafting.RecipeManager/]: Skipping loading recipe phantasm:chorus_fruit_salad as it's serializer returned null
[20Dec2025 21:39:28.898] [main/INFO] [net.minecraft.world.item.crafting.RecipeManager/]: Skipping loading recipe delightful:food/nut_dough_from_flour_and_eggs as it's serializer returned null
[20Dec2025 21:39:28.898] [main/INFO] [net.minecraft.world.item.crafting.RecipeManager/]: Skipping loading recipe delightful:integration/habitat/cutting/tall_yellow_anthurium as it's serializer returned null
[20Dec2025 21:39:28.900] [main/INFO] [net.minecraft.world.item.crafting.RecipeManager/]: Skipping loading recipe delightful:integration/farmersrespite/brewing/nut_milk_from_water as it's serializer returned null
[20Dec2025 21:39:28.900] [main/INFO] [net.minecraft.world.item.crafting.RecipeManager/]: Skipping loading recipe farmersdelight:cutting/buzzier_bees/pink_clover as it's serializer returned null
[20Dec2025 21:39:28.901] [main/INFO] [net.minecraft.world.item.crafting.RecipeManager/]: Skipping loading recipe delightful:integration/biomeswevegone/cutting/flowers/magenta as it's serializer returned null
[20Dec2025 21:39:28.901] [main/INFO] [net.minecraft.world.item.crafting.RecipeManager/]: Skipping loading recipe delightful:salmonberry_ice_cream_block as it's serializer returned null
[20Dec2025 21:39:28.901] [main/INFO] [net.minecraft.world.item.crafting.RecipeManager/]: Skipping loading recipe delightful:knives/blasting/bone/bone_meal_from_blasting_pickaxe as it's serializer returned null
[20Dec2025 21:39:28.902] [main/INFO] [net.minecraft.world.item.crafting.RecipeManager/]: Skipping loading recipe delightful:knives/smelting/electrum_thermal as it's serializer returned null
[20Dec2025 21:39:28.902] [main/INFO] [net.minecraft.world.item.crafting.RecipeManager/]: Skipping loading recipe enderio:sag_milling/sand as it's serializer returned null
[20Dec2025 21:39:28.902] [main/INFO] [net.minecraft.world.item.crafting.RecipeManager/]: Skipping loading recipe miners_delight:insect_sandwich as it's serializer returned null
[20Dec2025 21:39:28.902] [main/INFO] [net.minecraft.world.item.crafting.RecipeManager/]: Skipping loading recipe farmersdelight:cooking/chocolate_bar as it's serializer returned null
[20Dec2025 21:39:28.903] [main/INFO] [net.minecraft.world.item.crafting.RecipeManager/]: Skipping loading recipe delightful:knives/blasting/nickel_immersiveengineering as it's serializer returned null
[20Dec2025 21:39:28.903] [main/INFO] [net.minecraft.world.item.crafting.RecipeManager/]: Skipping loading recipe delightful:knives/certus_quartz_knife as it's serializer returned null
[20Dec2025 21:39:28.904] [main/ERROR] [net.minecraft.world.item.crafting.RecipeManager/]: Parsing error loading recipe corndelight:chicken_fajitas_wrap: com.google.gson.JsonSyntaxException: Unknown item 'corn_delight:tortilla'
[20Dec2025 21:39:28.904] [main/INFO] [net.minecraft.world.item.crafting.RecipeManager/]: Skipping loading recipe delightful:integration/windswept/cooked_goat_shanks_windswept as it's serializer returned null
[20Dec2025 21:39:28.904] [main/INFO] [net.minecraft.world.item.crafting.RecipeManager/]: Skipping loading recipe delightful:knives/blasting/silver_thermal as it's serializer returned null
[20Dec2025 21:39:28.905] [main/INFO] [net.minecraft.world.item.crafting.RecipeManager/]: Skipping loading recipe delightful:integration/ars_nouveau/cutting/red_archwood_wood as it's serializer returned null
[20Dec2025 21:39:28.906] [main/ERROR] [net.minecraft.world.item.crafting.RecipeManager/]: Parsing error loading recipe vintagedelight:uncooked_mhadjeb: com.google.gson.JsonSyntaxException: Unknown item 'vintagedelight:ghost_pepper'
[20Dec2025 21:39:28.906] [main/INFO] [net.minecraft.world.item.crafting.RecipeManager/]: Skipping loading recipe frozenup:truffle_cake as it's serializer returned null
[20Dec2025 21:39:28.906] [main/INFO] [net.minecraft.world.item.crafting.RecipeManager/]: Skipping loading recipe enlightened_end:smithing/adamantite_knife as it's serializer returned null
[20Dec2025 21:39:28.906] [main/INFO] [net.minecraft.world.item.crafting.RecipeManager/]: Skipping loading recipe frozenup:mug_of_truffle_hot_chocolate_from_chocolate as it's serializer returned null
[20Dec2025 21:39:28.908] [main/INFO] [net.minecraft.world.item.crafting.RecipeManager/]: Skipping loading recipe wildberries:cutting/cranberry_pie as it's serializer returned null
[20Dec2025 21:39:28.908] [main/INFO] [net.minecraft.world.item.crafting.RecipeManager/]: Skipping loading recipe delightful:knives/smelting/copper_create as it's serializer returned null
[20Dec2025 21:39:28.909] [main/INFO] [net.minecraft.world.item.crafting.RecipeManager/]: Skipping loading recipe delightful:food/berry_matcha_latte_neapolitan as it's serializer returned null
[20Dec2025 21:39:28.909] [main/INFO] [net.minecraft.world.item.crafting.RecipeManager/]: Skipping loading recipe wildberries:cutting/glow_berry_pie_slice as it's serializer returned null
[20Dec2025 21:39:28.909] [main/INFO] [net.minecraft.world.item.crafting.RecipeManager/]: Skipping loading recipe delightful:integration/unusualend/chorus_pie as it's serializer returned null
[20Dec2025 21:39:28.910] [main/INFO] [net.minecraft.world.item.crafting.RecipeManager/]: Skipping loading recipe delightful:knives/blasting/bone/bone_meal_from_blasting_sword as it's serializer returned null
[20Dec2025 21:39:28.910] [main/INFO] [net.minecraft.world.item.crafting.RecipeManager/]: Skipping loading recipe abnormals_delight:neapolitan/melon_popsicle as it's serializer returned null
[20Dec2025 21:39:28.912] [main/INFO] [net.minecraft.world.item.crafting.RecipeManager/]: Skipping loading recipe delightful:integration/cookielicious/source_berry_cookie_tiles as it's serializer returned null
[20Dec2025 21:39:28.912] [main/INFO] [net.minecraft.world.item.crafting.RecipeManager/]: Skipping loading recipe brewinandchewin:pizza_from_slices as it's serializer returned null
[20Dec2025 21:39:28.914] [main/INFO] [net.minecraft.world.item.crafting.RecipeManager/]: Skipping loading recipe delightful:knives/smelting/steel_mekanism as it's serializer returned null
[20Dec2025 21:39:28.914] [main/INFO] [net.minecraft.world.item.crafting.RecipeManager/]: Skipping loading recipe delightful:integration/ars_nouveau/imbuement_mangosteen as it's serializer returned null
[20Dec2025 21:39:28.914] [main/INFO] [net.minecraft.world.item.crafting.RecipeManager/]: Skipping loading recipe create:bread_slice as it's serializer returned null
[20Dec2025 21:39:28.914] [main/INFO] [net.minecraft.world.item.crafting.RecipeManager/]: Skipping loading recipe delightful:integration/autumnity/cooking/sap as it's serializer returned null
[20Dec2025 21:39:28.914] [main/INFO] [net.minecraft.world.item.crafting.RecipeManager/]: Skipping loading recipe delightful:integration/upgrade_aquatic/mulberry_pie_from_slices as it's serializer returned null
[20Dec2025 21:39:28.915] [main/INFO] [net.minecraft.world.item.crafting.RecipeManager/]: Skipping loading recipe delightful:knives/smelting/bone/bone_meal_from_smelting_hoe as it's serializer returned null
[20Dec2025 21:39:28.915] [main/INFO] [net.minecraft.world.item.crafting.RecipeManager/]: Skipping loading recipe delightful:integration/upgrade_aquatic/cutting/mulberry_pie as it's serializer returned null
[20Dec2025 21:39:28.915] [main/INFO] [net.minecraft.world.item.crafting.RecipeManager/]: Skipping loading recipe delightful:integration/habitat/cutting/flowering_yellow_ball_cactus_block as it's serializer returned null
[20Dec2025 21:39:28.917] [main/INFO] [net.minecraft.world.item.crafting.RecipeManager/]: Skipping loading recipe delightful:knives/smithing/resonarium_knife as it's serializer returned null
[20Dec2025 21:39:28.917] [main/INFO] [net.minecraft.world.item.crafting.RecipeManager/]: Skipping loading recipe fruitsdelight:hamimelon_popsicle as it's serializer returned null
[20Dec2025 21:39:28.917] [main/INFO] [net.minecraft.world.item.crafting.RecipeManager/]: Skipping loading recipe delightful:knives/smithing/rose_gold_knife as it's serializer returned null
[20Dec2025 21:39:28.917] [main/INFO] [net.minecraft.world.item.crafting.RecipeManager/]: Skipping loading recipe neapolitan:cake as it's serializer returned null
[20Dec2025 21:39:28.919] [main/INFO] [net.minecraft.world.item.crafting.RecipeManager/]: Skipping loading recipe delightful:integration/biomeswevegone/unpack_yucca_fruit_crate as it's serializer returned null
[20Dec2025 21:39:28.921] [main/INFO] [net.minecraft.world.item.crafting.RecipeManager/]: Skipping loading recipe buzzier_bees:pink_clover as it's serializer returned null
[20Dec2025 21:39:28.922] [main/INFO] [net.minecraft.world.item.crafting.RecipeManager/]: Skipping loading recipe naturalist:cooked_egg_from_campfire_cooking as it's serializer returned null
[20Dec2025 21:39:28.926] [main/INFO] [net.minecraft.world.item.crafting.RecipeManager/]: Skipping loading recipe delightful:integration/immersiveengineering/squeezer/peanut_vd as it's serializer returned null
[20Dec2025 21:39:28.926] [main/INFO] [net.minecraft.world.item.crafting.RecipeManager/]: Skipping loading recipe delightful:food/deluxe_cheeseburger_from_bun as it's serializer returned null
[20Dec2025 21:39:28.927] [main/INFO] [net.minecraft.world.item.crafting.RecipeManager/]: Skipping loading recipe delightful:food/matcha_ice_cream as it's serializer returned null
[20Dec2025 21:39:28.927] [main/INFO] [net.minecraft.world.item.crafting.RecipeManager/]: Skipping loading recipe create:crafting/appliances/slime_ball as it's serializer returned null
[20Dec2025 21:39:28.930] [main/INFO] [net.minecraft.world.item.crafting.RecipeManager/]: Skipping loading recipe delightful:integration/habitat/cutting/flowering_red_ball_cactus_block as it's serializer returned null
[20Dec2025 21:39:28.930] [main/INFO] [net.minecraft.world.item.crafting.RecipeManager/]: Skipping loading recipe abnormals_delight:buzzier_bees/cutting/pink_clover as it's serializer returned null
[20Dec2025 21:39:28.930] [main/INFO] [net.minecraft.world.item.crafting.RecipeManager/]: Skipping loading recipe casualness_delight:cutting/stargazy_pie as it's serializer returned null
[20Dec2025 21:39:28.930] [main/INFO] [net.minecraft.world.item.crafting.RecipeManager/]: Skipping loading recipe delightful:knives/smelting/copper_thermal as it's serializer returned null
[20Dec2025 21:39:28.930] [main/INFO] [net.minecraft.world.item.crafting.RecipeManager/]: Skipping loading recipe delightful:integration/biomeswevegone/cutting/winter_succulent as it's serializer returned null
[20Dec2025 21:39:28.931] [main/INFO] [net.minecraft.world.item.crafting.RecipeManager/]: Skipping loading recipe delightful:knives/tin_knife as it's serializer returned null
[20Dec2025 21:39:28.931] [main/INFO] [net.minecraft.world.item.crafting.RecipeManager/]: Skipping loading recipe delightful:knives/smelting/constantan_thermal as it's serializer returned null
[20Dec2025 21:39:28.931] [main/INFO] [net.minecraft.world.item.crafting.RecipeManager/]: Skipping loading recipe delightful:food/cheeseburger_from_milk as it's serializer returned null
[20Dec2025 21:39:28.931] [main/INFO] [net.minecraft.world.item.crafting.RecipeManager/]: Skipping loading recipe delightful:integration/ars_nouveau/cutting/green_archwood_wood as it's serializer returned null
[20Dec2025 21:39:28.931] [main/INFO] [net.minecraft.world.item.crafting.RecipeManager/]: Skipping loading recipe delightful:knives/blasting/steel_immersiveengineering as it's serializer returned null
[20Dec2025 21:39:28.932] [main/INFO] [net.minecraft.world.item.crafting.RecipeManager/]: Skipping loading recipe autumnity:syrup_bottle_from_campfire_cooking as it's serializer returned null
[20Dec2025 21:39:28.932] [main/INFO] [net.minecraft.world.item.crafting.RecipeManager/]: Skipping loading recipe delightful:knives/smelting/bronze_mekanism as it's serializer returned null
[20Dec2025 21:39:28.934] [main/ERROR] [net.minecraft.world.item.crafting.RecipeManager/]: Parsing error loading recipe veggiesdelight:botany/zucchini: com.google.gson.JsonSyntaxException: Invalid or unsupported recipe type 'botanypots:crop'
[20Dec2025 21:39:28.935] [main/INFO] [net.minecraft.world.item.crafting.RecipeManager/]: Skipping loading recipe neapolitan:adzuki/adzuki_bun as it's serializer returned null
[20Dec2025 21:39:28.935] [main/INFO] [net.minecraft.world.item.crafting.RecipeManager/]: Skipping loading recipe delightful:knives/blasting/bone/bone_meal_from_blasting_helmet as it's serializer returned null
[20Dec2025 21:39:28.935] [main/INFO] [net.minecraft.world.item.crafting.RecipeManager/]: Skipping loading recipe delightful:integration/upgrade_aquatic/cutting/tall_beachgrass as it's serializer returned null
[20Dec2025 21:39:28.936] [main/INFO] [net.minecraft.world.item.crafting.RecipeManager/]: Skipping loading recipe sunflowerdelight:rose_candy_craft as it's serializer returned null
[20Dec2025 21:39:28.938] [main/ERROR] [net.minecraft.world.item.crafting.RecipeManager/]: Parsing error loading recipe veggiesdelight:botany/bellpepper: com.google.gson.JsonSyntaxException: Invalid or unsupported recipe type 'botanypots:crop'
[20Dec2025 21:39:28.938] [main/INFO] [net.minecraft.world.item.crafting.RecipeManager/]: Skipping loading recipe delightful:knives/blasting/forgotten_undergarden as it's serializer returned null
[20Dec2025 21:39:28.938] [main/INFO] [net.minecraft.world.item.crafting.RecipeManager/]: Skipping loading recipe wildberries:sweet_berry_pie as it's serializer returned null
[20Dec2025 21:39:28.939] [main/INFO] [net.minecraft.world.item.crafting.RecipeManager/]: Skipping loading recipe delightful:integration/aether_redux/infuse_and_charge_veridium_knife as it's serializer returned null
[20Dec2025 21:39:28.939] [main/INFO] [net.minecraft.world.item.crafting.RecipeManager/]: Skipping loading recipe miners_delight:cooking/stuffed_squid as it's serializer returned null
[20Dec2025 21:39:28.939] [main/INFO] [net.minecraft.world.item.crafting.RecipeManager/]: Skipping loading recipe thermal:machines/press/packing3x3/press_carrot_packing as it's serializer returned null
[20Dec2025 21:39:28.939] [main/INFO] [net.minecraft.world.item.crafting.RecipeManager/]: Skipping loading recipe undergardendelight:gloomgourd_pie as it's serializer returned null
[20Dec2025 21:39:28.939] [main/INFO] [net.minecraft.world.item.crafting.RecipeManager/]: Skipping loading recipe delightful:knives/blasting/nickel_thermal as it's serializer returned null
[20Dec2025 21:39:28.940] [main/INFO] [net.minecraft.world.item.crafting.RecipeManager/]: Skipping loading recipe create:diced_potatoes as it's serializer returned null
[20Dec2025 21:39:28.940] [main/INFO] [net.minecraft.world.item.crafting.RecipeManager/]: Skipping loading recipe wildberries:glow_berry_pie_craft as it's serializer returned null
[20Dec2025 21:39:28.940] [main/INFO] [net.minecraft.world.item.crafting.RecipeManager/]: Skipping loading recipe enderio:sag_milling/redstone_ore as it's serializer returned null
[20Dec2025 21:39:28.940] [main/INFO] [net.minecraft.world.item.crafting.RecipeManager/]: Skipping loading recipe delightful:integration/undergarden/cutting/veil_mushroom as it's serializer returned null
[20Dec2025 21:39:28.940] [main/INFO] [net.minecraft.world.item.crafting.RecipeManager/]: Skipping loading recipe delightful:integration/biomeswevegone/baobab_fruit_crate as it's serializer returned null
[20Dec2025 21:39:28.942] [main/INFO] [net.minecraft.world.item.crafting.RecipeManager/]: Skipping loading recipe delightful:knives/smelting/copper_immersiveengineering as it's serializer returned null
[20Dec2025 21:39:28.942] [main/INFO] [net.minecraft.world.item.crafting.RecipeManager/]: Skipping loading recipe delightful:knives/allthemodium_knife as it's serializer returned null
[20Dec2025 21:39:28.944] [main/INFO] [net.minecraft.world.item.crafting.RecipeManager/]: Skipping loading recipe untameddelight:kebab_wrap as it's serializer returned null
[20Dec2025 21:39:28.944] [main/INFO] [net.minecraft.world.item.crafting.RecipeManager/]: Skipping loading recipe delightful:integration/biomeswevegone/cutting/flowers/gray as it's serializer returned null
[20Dec2025 21:39:28.946] [main/INFO] [net.minecraft.world.item.crafting.RecipeManager/]: Skipping loading recipe delightful:food/smore as it's serializer returned null
[20Dec2025 21:39:28.946] [main/INFO] [net.minecraft.world.item.crafting.RecipeManager/]: Skipping loading recipe delightful:integration/undergarden/cutting/blood_mushroom as it's serializer returned null
[20Dec2025 21:39:28.947] [main/INFO] [net.minecraft.world.item.crafting.RecipeManager/]: Skipping loading recipe wildberries:blueberry_pie_from_slices as it's serializer returned null
[20Dec2025 21:39:28.947] [main/INFO] [net.minecraft.world.item.crafting.RecipeManager/]: Skipping loading recipe delightful:integration/thermal/pulverizer_wheat as it's serializer returned null
[20Dec2025 21:39:28.948] [main/INFO] [net.minecraft.world.item.crafting.RecipeManager/]: Skipping loading recipe delightful:integration/habitat/cutting/edelweiss as it's serializer returned null
[20Dec2025 21:39:28.948] [main/INFO] [net.minecraft.world.item.crafting.RecipeManager/]: Skipping loading recipe undergardendelight:cloggrum_knife as it's serializer returned null
[20Dec2025 21:39:28.948] [main/INFO] [net.minecraft.world.item.crafting.RecipeManager/]: Skipping loading recipe delightful:knives/blasting/lead_eidolon as it's serializer returned null
[20Dec2025 21:39:28.949] [main/INFO] [net.minecraft.world.item.crafting.RecipeManager/]: Skipping loading recipe delightful:integration/farmersrespite/filling/lavender_tea as it's serializer returned null
[20Dec2025 21:39:28.949] [main/INFO] [net.minecraft.world.item.crafting.RecipeManager/]: Skipping loading recipe vampiresdelight:pure_sorbet as it's serializer returned null
[20Dec2025 21:39:28.949] [main/INFO] [net.minecraft.world.item.crafting.RecipeManager/]: Skipping loading recipe delightful:knives/blasting/warden_deeperdarker as it's serializer returned null
[20Dec2025 21:39:28.949] [main/INFO] [net.minecraft.world.item.crafting.RecipeManager/]: Skipping loading recipe delightful:integration/cookielicious/source_berry_cookie_tile_slab as it's serializer returned null
[20Dec2025 21:39:28.950] [main/INFO] [net.minecraft.world.item.crafting.RecipeManager/]: Skipping loading recipe delightful:integration/atmospheric/passion_fruit_tart_from_slices as it's serializer returned null
[20Dec2025 21:39:28.950] [main/INFO] [net.minecraft.world.item.crafting.RecipeManager/]: Skipping loading recipe corn_delight:cooking/classic_corn_dog as it's serializer returned null
[20Dec2025 21:39:28.950] [main/INFO] [net.minecraft.world.item.crafting.RecipeManager/]: Skipping loading recipe undergarden:inky_stew as it's serializer returned null
[20Dec2025 21:39:28.950] [main/INFO] [net.minecraft.world.item.crafting.RecipeManager/]: Skipping loading recipe delightful:knives/fiery_knife as it's serializer returned null
[20Dec2025 21:39:28.952] [main/INFO] [net.minecraft.world.item.crafting.RecipeManager/]: Skipping loading recipe vintagedelight:cheese_burger as it's serializer returned null
[20Dec2025 21:39:28.953] [main/ERROR] [net.minecraft.world.item.crafting.RecipeManager/]: Parsing error loading recipe veggiesdelight:botany/wild_cauliflowers: com.google.gson.JsonSyntaxException: Invalid or unsupported recipe type 'botanypots:crop'
[20Dec2025 21:39:28.954] [main/INFO] [net.minecraft.world.item.crafting.RecipeManager/]: Skipping loading recipe thermal:machines/press/unpacking/press_charcoal_unpacking as it's serializer returned null
[20Dec2025 21:39:28.955] [main/INFO] [net.minecraft.world.item.crafting.RecipeManager/]: Skipping loading recipe biomeswevegone:blueberry_pie as it's serializer returned null
[20Dec2025 21:39:28.956] [main/INFO] [net.minecraft.world.item.crafting.RecipeManager/]: Skipping loading recipe delightful:knives/blasting/lead_thermal as it's serializer returned null
[20Dec2025 21:39:28.957] [main/INFO] [net.minecraft.world.item.crafting.RecipeManager/]: Skipping loading recipe delightful:knives/blasting/electrum_immersiveengineering as it's serializer returned null
[20Dec2025 21:39:28.957] [main/INFO] [net.minecraft.world.item.crafting.RecipeManager/]: Skipping loading recipe autumnity:pumpkin_bread as it's serializer returned null
[20Dec2025 21:39:28.957] [main/INFO] [net.minecraft.world.item.crafting.RecipeManager/]: Skipping loading recipe delightful:knives/sinisite_knife as it's serializer returned null
[20Dec2025 21:39:28.957] [main/INFO] [net.minecraft.world.item.crafting.RecipeManager/]: Skipping loading recipe thermal:storage/potato_from_block as it's serializer returned null
[20Dec2025 21:39:28.958] [main/INFO] [net.minecraft.world.item.crafting.RecipeManager/]: Skipping loading recipe delightful:food/cooking/coconut_curry as it's serializer returned null
[20Dec2025 21:39:28.958] [main/INFO] [net.minecraft.world.item.crafting.RecipeManager/]: Skipping loading recipe delightful:integration/biomeswevegone/cutting/flowers/black as it's serializer returned null
[20Dec2025 21:39:28.958] [main/INFO] [net.minecraft.world.item.crafting.RecipeManager/]: Skipping loading recipe delightful:knives/lead_knife as it's serializer returned null
[20Dec2025 21:39:28.959] [main/INFO] [net.minecraft.world.item.crafting.RecipeManager/]: Skipping loading recipe botanypots:delightful/crop/cantaloupe as it's serializer returned null
[20Dec2025 21:39:28.959] [main/INFO] [net.minecraft.world.item.crafting.RecipeManager/]: Skipping loading recipe ars_nouveau:source_berry_pie as it's serializer returned null
[20Dec2025 21:39:28.960] [main/INFO] [net.minecraft.world.item.crafting.RecipeManager/]: Skipping loading recipe delightful:knives/blasting/bronze_mekanism as it's serializer returned null
[20Dec2025 21:39:28.960] [main/INFO] [net.minecraft.world.item.crafting.RecipeManager/]: Skipping loading recipe delightful:knives/adamantium_knife as it's serializer returned null
[20Dec2025 21:39:28.961] [main/INFO] [net.minecraft.world.item.crafting.RecipeManager/]: Skipping loading recipe delightful:integration/biomeswevegone/cutting/blueberry_pie as it's serializer returned null
[20Dec2025 21:39:28.961] [main/INFO] [net.minecraft.world.item.crafting.RecipeManager/]: Skipping loading recipe delightful:integration/ars_nouveau/source_berry_cookie as it's serializer returned null
[20Dec2025 21:39:28.961] [main/INFO] [net.minecraft.world.item.crafting.RecipeManager/]: Skipping loading recipe wildberries:sweet_berry_pie_from_slices as it's serializer returned null
[20Dec2025 21:39:28.963] [main/INFO] [net.minecraft.world.item.crafting.RecipeManager/]: Skipping loading recipe twigs:azalea_flowers_from_azalea_flower_ecologics as it's serializer returned null
[20Dec2025 21:39:28.963] [main/INFO] [net.minecraft.world.item.crafting.RecipeManager/]: Skipping loading recipe thermal:machines/press/unpacking/press_apple_unpacking as it's serializer returned null
[20Dec2025 21:39:28.964] [main/INFO] [net.minecraft.world.item.crafting.RecipeManager/]: Skipping loading recipe thermal:machines/bottler/bottler_syrup_bottle as it's serializer returned null
[20Dec2025 21:39:28.964] [main/INFO] [net.minecraft.world.item.crafting.RecipeManager/]: Skipping loading recipe delightful:knives/manasteel_knife as it's serializer returned null
[20Dec2025 21:39:28.964] [main/INFO] [net.minecraft.world.item.crafting.RecipeManager/]: Skipping loading recipe vampiresdelight:bat_taco as it's serializer returned null
[20Dec2025 21:39:28.964] [main/INFO] [net.minecraft.world.item.crafting.RecipeManager/]: Skipping loading recipe create:crafting/curiosities/cake as it's serializer returned null
[20Dec2025 21:39:28.965] [main/INFO] [net.minecraft.world.item.crafting.RecipeManager/]: Skipping loading recipe delightful:integration/ars_nouveau/cutting/blue_archwood_log as it's serializer returned null
[20Dec2025 21:39:28.965] [main/INFO] [net.minecraft.world.item.crafting.RecipeManager/]: Skipping loading recipe delightful:knives/elementium_knife as it's serializer returned null
[20Dec2025 21:39:28.965] [main/INFO] [net.minecraft.world.item.crafting.RecipeManager/]: Skipping loading recipe delightful:integration/ars_nouveau/unpack_bombegranate_crate as it's serializer returned null
[20Dec2025 21:39:28.965] [main/INFO] [net.minecraft.world.item.crafting.RecipeManager/]: Skipping loading recipe delightful:knives/nickel_knife as it's serializer returned null
[20Dec2025 21:39:28.966] [main/ERROR] [net.minecraft.world.item.crafting.RecipeManager/]: Parsing error loading recipe veggiesdelight:vintagedelight/vd_pad_thai: com.google.gson.JsonSyntaxException: Unknown item 'vintagedelight:nut_mash_bottle'
[20Dec2025 21:39:28.966] [main/INFO] [net.minecraft.world.item.crafting.RecipeManager/]: Skipping loading recipe delightful:knives/blasting/electrum_thermal as it's serializer returned null
[20Dec2025 21:39:28.966] [main/INFO] [net.minecraft.world.item.crafting.RecipeManager/]: Skipping loading recipe delightful:food/deluxe_cheeseburger_from_milk as it's serializer returned null
[20Dec2025 21:39:28.966] [main/INFO] [net.minecraft.world.item.crafting.RecipeManager/]: Skipping loading recipe delightful:mixing/matcha_gummy as it's serializer returned null
[20Dec2025 21:39:28.968] [main/INFO] [net.minecraft.world.item.crafting.RecipeManager/]: Skipping loading recipe vintagedelight:stuffed_burrito_from_tortilla as it's serializer returned null
[20Dec2025 21:39:28.968] [main/INFO] [net.minecraft.world.item.crafting.RecipeManager/]: Skipping loading recipe minecraft:rabbit_stew_from_brown_mushroom as it's serializer returned null
[20Dec2025 21:39:28.968] [main/INFO] [net.minecraft.world.item.crafting.RecipeManager/]: Skipping loading recipe delightful:knives/necronium_knife as it's serializer returned null
[20Dec2025 21:39:28.969] [main/INFO] [net.minecraft.world.item.crafting.RecipeManager/]: Skipping loading recipe wildberries:blueberry_pie as it's serializer returned null
[20Dec2025 21:39:28.969] [main/INFO] [net.minecraft.world.item.crafting.RecipeManager/]: Skipping loading recipe delightful:knives/repairing/holystone_knife as it's serializer returned null
[20Dec2025 21:39:28.969] [main/INFO] [net.minecraft.world.item.crafting.RecipeManager/]: Skipping loading recipe biomeswevegone:white_puffball_stew as it's serializer returned null
[20Dec2025 21:39:28.970] [main/INFO] [net.minecraft.world.item.crafting.RecipeManager/]: Skipping loading recipe delightful:integration/undergarden/gloomgourd_pie_from_slices as it's serializer returned null
[20Dec2025 21:39:28.970] [main/INFO] [net.minecraft.world.item.crafting.RecipeManager/]: Skipping loading recipe thermal:storage/charcoal_block as it's serializer returned null
[20Dec2025 21:39:28.972] [main/INFO] [net.minecraft.world.item.crafting.RecipeManager/]: Skipping loading recipe twilightdelight:ghast_burger as it's serializer returned null
[20Dec2025 21:39:28.974] [main/INFO] [net.minecraft.world.item.crafting.RecipeManager/]: Skipping loading recipe delightful:integration/thermal/organic_compost_from_sawdust as it's serializer returned null
[20Dec2025 21:39:28.975] [main/INFO] [net.minecraft.world.item.crafting.RecipeManager/]: Skipping loading recipe delightful:knives/silver_knife as it's serializer returned null
[20Dec2025 21:39:28.976] [main/INFO] [net.minecraft.world.item.crafting.RecipeManager/]: Skipping loading recipe thermal:machines/press/packing3x3/press_gunpowder_packing as it's serializer returned null
[20Dec2025 21:39:28.976] [main/INFO] [net.minecraft.world.item.crafting.RecipeManager/]: Skipping loading recipe delightful:food/salmonberry_ice_cream as it's serializer returned null
[20Dec2025 21:39:28.976] [main/INFO] [net.minecraft.world.item.crafting.RecipeManager/]: Skipping loading recipe delightful:knives/smelting/silver_thermal as it's serializer returned null
[20Dec2025 21:39:28.976] [main/INFO] [net.minecraft.world.item.crafting.RecipeManager/]: Skipping loading recipe delightful:knives/smelting/zinc_create as it's serializer returned null
[20Dec2025 21:39:28.977] [main/INFO] [net.minecraft.world.item.crafting.RecipeManager/]: Skipping loading recipe thermal:machines/press/unpacking/press_gunpowder_unpacking as it's serializer returned null
[20Dec2025 21:39:28.977] [main/INFO] [net.minecraft.world.item.crafting.RecipeManager/]: Skipping loading recipe delightful:integration/biomeswevegone/blueberry_sack as it's serializer returned null
[20Dec2025 21:39:28.978] [main/INFO] [net.minecraft.world.item.crafting.RecipeManager/]: Skipping loading recipe delightful:integration/youkaishomecoming/kettle/azalea_tea as it's serializer returned null
[20Dec2025 21:39:28.978] [main/INFO] [net.minecraft.world.item.crafting.RecipeManager/]: Skipping loading recipe delightful:integration/habitat/cutting/yellow_anthurium as it's serializer returned null
[20Dec2025 21:39:28.978] [main/INFO] [net.minecraft.world.item.crafting.RecipeManager/]: Skipping loading recipe delightful:knives/smelting/bone/bone_meal_from_smelting_helmet as it's serializer returned null
[20Dec2025 21:39:28.980] [main/INFO] [net.minecraft.world.item.crafting.RecipeManager/]: Skipping loading recipe delightful:integration/biomeswevegone/cutting/flowers/pink as it's serializer returned null
[20Dec2025 21:39:28.980] [main/INFO] [net.minecraft.world.item.crafting.RecipeManager/]: Skipping loading recipe delightful:knives/cloggrum_knife as it's serializer returned null
[20Dec2025 21:39:28.981] [main/INFO] [net.minecraft.world.item.crafting.RecipeManager/]: Skipping loading recipe biomemakeover:glowshroom_stew as it's serializer returned null
[20Dec2025 21:39:28.981] [main/INFO] [net.minecraft.world.item.crafting.RecipeManager/]: Skipping loading recipe delightful:integration/thermal/centrifuge_sap_bottle as it's serializer returned null
[20Dec2025 21:39:28.981] [main/INFO] [net.minecraft.world.item.crafting.RecipeManager/]: Skipping loading recipe forestry:squeezer/fruit/walnut as it's serializer returned null
[20Dec2025 21:39:28.981] [main/INFO] [net.minecraft.world.item.crafting.RecipeManager/]: Skipping loading recipe farmersdelight:cutting/cooked_crab as it's serializer returned null
[20Dec2025 21:39:28.982] [main/INFO] [net.minecraft.world.item.crafting.RecipeManager/]: Skipping loading recipe additionaladditions:fried_egg as it's serializer returned null
[20Dec2025 21:39:28.982] [main/ERROR] [net.minecraft.world.item.crafting.RecipeManager/]: Parsing error loading recipe betterend:guide_book: com.google.gson.JsonSyntaxException: Unknown item 'betterend:guidebook'
[20Dec2025 21:39:28.982] [main/INFO] [net.minecraft.world.item.crafting.RecipeManager/]: Skipping loading recipe delightful:knives/smithing/forgotten_knife as it's serializer returned null
[20Dec2025 21:39:28.982] [main/INFO] [net.minecraft.world.item.crafting.RecipeManager/]: Skipping loading recipe delightful:food/cheeseburger_from_bun as it's serializer returned null
[20Dec2025 21:39:28.984] [main/INFO] [net.minecraft.world.item.crafting.RecipeManager/]: Skipping loading recipe delightful:knives/fiery_iron_knife as it's serializer returned null
[20Dec2025 21:39:28.984] [main/INFO] [net.minecraft.world.item.crafting.RecipeManager/]: Skipping loading recipe minecraft:rabbit_stew_from_red_mushroom as it's serializer returned null
[20Dec2025 21:39:28.985] [main/INFO] [net.minecraft.world.item.crafting.RecipeManager/]: Skipping loading recipe delightful:integration/biomeswevegone/green_apple_pie_from_slices as it's serializer returned null
[20Dec2025 21:39:28.986] [main/INFO] [net.minecraft.world.item.crafting.RecipeManager/]: Skipping loading recipe delightful:mixing/cantaloupe_gummy as it's serializer returned null
[20Dec2025 21:39:28.986] [main/INFO] [net.minecraft.world.item.crafting.RecipeManager/]: Skipping loading recipe farmersdelight:cutting/buzzier_bees/white_clover as it's serializer returned null
[20Dec2025 21:39:28.987] [main/INFO] [net.minecraft.world.item.crafting.RecipeManager/]: Skipping loading recipe minecraft:beetroot_soup as it's serializer returned null
[20Dec2025 21:39:28.987] [main/INFO] [net.minecraft.world.item.crafting.RecipeManager/]: Skipping loading recipe delightful:integration/ars_nouveau/source_berry_gummy as it's serializer returned null
[20Dec2025 21:39:28.987] [main/INFO] [net.minecraft.world.item.crafting.RecipeManager/]: Skipping loading recipe farmersdelight:cutting/cooked_crab_ecologics as it's serializer returned null
[20Dec2025 21:39:28.990] [main/INFO] [net.minecraft.world.item.crafting.RecipeManager/]: Skipping loading recipe delightful:integration/cookielicious/source_berry_cookie_tile_stairs as it's serializer returned null
[20Dec2025 21:39:28.990] [main/INFO] [net.minecraft.world.item.crafting.RecipeManager/]: Skipping loading recipe additionaladditions:fried_egg_from_campfire_cooking as it's serializer returned null
[20Dec2025 21:39:28.990] [main/ERROR] [net.minecraft.world.item.crafting.RecipeManager/]: Parsing error loading recipe culturaldelights:fermenting/pickle: com.google.gson.JsonSyntaxException: Invalid or unsupported recipe type 'brewinandchewin:fermenting'
[20Dec2025 21:39:28.990] [main/INFO] [net.minecraft.world.item.crafting.RecipeManager/]: Skipping loading recipe delightful:knives/smelting/emerald_emeraldequipment as it's serializer returned null
[20Dec2025 21:39:28.991] [main/INFO] [net.minecraft.world.item.crafting.RecipeManager/]: Skipping loading recipe naturalist:shellstone as it's serializer returned null
[20Dec2025 21:39:28.991] [main/INFO] [net.minecraft.world.item.crafting.RecipeManager/]: Skipping loading recipe delightful:knives/zinc_knife as it's serializer returned null
[20Dec2025 21:39:28.991] [main/INFO] [net.minecraft.world.item.crafting.RecipeManager/]: Skipping loading recipe delightful:integration/biomeswevegone/cutting/barrel_cactus as it's serializer returned null
[20Dec2025 21:39:28.991] [main/INFO] [net.minecraft.world.item.crafting.RecipeManager/]: Skipping loading recipe delightful:integration/immersiveengineering/squeezer/acorn as it's serializer returned null
[20Dec2025 21:39:28.992] [main/INFO] [net.minecraft.world.item.crafting.RecipeManager/]: Skipping loading recipe delightful:knives/refined_obsidian_knife as it's serializer returned null
[20Dec2025 21:39:28.993] [main/INFO] [net.minecraft.world.item.crafting.RecipeManager/]: Skipping loading recipe delightful:knives/blasting/bone/bone_meal_from_blasting_boots as it's serializer returned null
[20Dec2025 21:39:28.993] [main/INFO] [net.minecraft.world.item.crafting.RecipeManager/]: Skipping loading recipe delightful:integration/thermal/tree_extractor/red_maple as it's serializer returned null
[20Dec2025 21:39:28.993] [main/INFO] [net.minecraft.world.item.crafting.RecipeManager/]: Skipping loading recipe delightful:mixing/salmonberry_gummy as it's serializer returned null
[20Dec2025 21:39:28.993] [main/INFO] [net.minecraft.world.item.crafting.RecipeManager/]: Skipping loading recipe delightful:integration/biomeswevegone/green_apple_crate as it's serializer returned null
[20Dec2025 21:39:28.994] [main/INFO] [net.minecraft.world.item.crafting.RecipeManager/]: Skipping loading recipe delightful:integration/unusualend/cutting/chorus_pie as it's serializer returned null
[20Dec2025 21:39:28.995] [main/INFO] [net.minecraft.world.item.crafting.RecipeManager/]: Skipping loading recipe delightful:integration/unusualend/chorus_pie_from_slices as it's serializer returned null
[20Dec2025 21:39:28.995] [main/INFO] [net.minecraft.world.item.crafting.RecipeManager/]: Skipping loading recipe delightful:integration/habitat/cutting/tall_purple_anthurium as it's serializer returned null
[20Dec2025 21:39:28.995] [main/INFO] [net.minecraft.world.item.crafting.RecipeManager/]: Skipping loading recipe enderio:enderios as it's serializer returned null
[20Dec2025 21:39:28.996] [main/ERROR] [net.minecraft.world.item.crafting.RecipeManager/]: Parsing error loading recipe vintagedelight:vegan_pizza: com.google.gson.JsonSyntaxException: Unknown item 'vintagedelight:ghost_pepper'
[20Dec2025 21:39:28.996] [main/INFO] [net.minecraft.world.item.crafting.RecipeManager/]: Skipping loading recipe delightful:integration/biomeswevegone/cutting/horseweed as it's serializer returned null
[20Dec2025 21:39:28.996] [main/INFO] [net.minecraft.world.item.crafting.RecipeManager/]: Skipping loading recipe undergarden:bloody_stew as it's serializer returned null
[20Dec2025 21:39:28.996] [main/INFO] [net.minecraft.world.item.crafting.RecipeManager/]: Skipping loading recipe delightful:knives/blasting/steel_mekanism as it's serializer returned null
[20Dec2025 21:39:28.997] [main/INFO] [net.minecraft.world.item.crafting.RecipeManager/]: Skipping loading recipe delightful:knives/smithing/gilded_netherite_knife as it's serializer returned null
[20Dec2025 21:39:28.997] [main/INFO] [net.minecraft.world.item.crafting.RecipeManager/]: Skipping loading recipe naturalist:cooked_egg_from_smoking as it's serializer returned null
[20Dec2025 21:39:28.997] [main/INFO] [net.minecraft.world.item.crafting.RecipeManager/]: Skipping loading recipe vintagedelight:meat_pizza as it's serializer returned null
[20Dec2025 21:39:28.997] [main/INFO] [net.minecraft.world.item.crafting.RecipeManager/]: Skipping loading recipe delightful:integration/undergarden/cutting/indigo_mushroom as it's serializer returned null
[20Dec2025 21:39:28.997] [main/INFO] [net.minecraft.world.item.crafting.RecipeManager/]: Skipping loading recipe delightful:integration/biomesoplenty/huge_clover_petal as it's serializer returned null
[20Dec2025 21:39:28.998] [main/INFO] [net.minecraft.world.item.crafting.RecipeManager/]: Skipping loading recipe delightful:integration/seasonals/cooking/pumpkin_adzuki_stew as it's serializer returned null
[20Dec2025 21:39:28.998] [main/INFO] [net.minecraft.world.item.crafting.RecipeManager/]: Skipping loading recipe delightful:integration/thermal/press/mini_melon_packing as it's serializer returned null
[20Dec2025 21:39:28.998] [main/INFO] [net.minecraft.world.item.crafting.RecipeManager/]: Skipping loading recipe delightful:integration/atmospheric/red_dye_from_blood_orange as it's serializer returned null
[20Dec2025 21:39:28.998] [main/INFO] [net.minecraft.world.item.crafting.RecipeManager/]: Skipping loading recipe delightful:knives/smelting/diamond_diamond_nuggets as it's serializer returned null
[20Dec2025 21:39:28.999] [main/INFO] [net.minecraft.world.item.crafting.RecipeManager/]: Skipping loading recipe delightful:integration/habitat/cutting/flowering_orange_ball_cactus_block as it's serializer returned null
[20Dec2025 21:39:29.001] [main/INFO] [net.minecraft.world.item.crafting.RecipeManager/]: Skipping loading recipe delightful:knives/smelting/bone/bone_meal_from_smelting_sword as it's serializer returned null
[20Dec2025 21:39:29.001] [main/ERROR] [net.minecraft.world.item.crafting.RecipeManager/]: Parsing error loading recipe veggiesdelight:botany/wild_garlic: com.google.gson.JsonSyntaxException: Invalid or unsupported recipe type 'botanypots:crop'
[20Dec2025 21:39:29.001] [main/INFO] [net.minecraft.world.item.crafting.RecipeManager/]: Skipping loading recipe delightful:knives/blasting/copper_immersiveengineering as it's serializer returned null
[20Dec2025 21:39:29.003] [main/INFO] [net.minecraft.world.item.crafting.RecipeManager/]: Skipping loading recipe twilightdelight:meef_wrap as it's serializer returned null
[20Dec2025 21:39:29.007] [main/INFO] [net.minecraft.world.item.crafting.RecipeManager/]: Loaded 27 recipes
[20Dec2025 21:39:29.007] [main/INFO] [com.teamabnormals.blueprint.core.Blueprint/]: Advancement Modification Manager has loaded 0 modifier groups
[20Dec2025 21:39:29.041] [main/ERROR] [net.minecraft.server.ServerAdvancementManager/]: Parsing error loading custom advancement sophisticatedstorage:recipes/misc/storage_pickup_upgrade_from_backpack_pickup_upgrade: Unknown item id 'sophisticatedbackpacks:pickup_upgrade'
[20Dec2025 21:39:29.042] [main/ERROR] [net.minecraft.server.ServerAdvancementManager/]: Parsing error loading custom advancement sophisticatedstorage:recipes/misc/storage_advanced_magnet_upgrade_from_backpack_advanced_magnet_upgrade: Unknown item id 'sophisticatedbackpacks:advanced_magnet_upgrade'
[20Dec2025 21:39:29.043] [main/ERROR] [net.minecraft.server.ServerAdvancementManager/]: Parsing error loading custom advancement sophisticatedstorage:recipes/misc/backpack_chipped_mason_table_upgrade_from_storage_chipped_mason_table_upgrade: Unknown item id 'sophisticatedstorage:chipped/mason_table_upgrade'
[20Dec2025 21:39:29.046] [main/ERROR] [net.minecraft.server.ServerAdvancementManager/]: Parsing error loading custom advancement sophisticatedstorage:recipes/misc/storage_stonecutter_upgrade_from_backpack_stonecutter_upgrade: Unknown item id 'sophisticatedbackpacks:stonecutter_upgrade'
[20Dec2025 21:39:29.052] [main/ERROR] [net.minecraft.server.ServerAdvancementManager/]: Parsing error loading custom advancement sophisticatedstorage:recipes/misc/storage_magnet_upgrade_from_backpack_magnet_upgrade: Unknown item id 'sophisticatedbackpacks:magnet_upgrade'
[20Dec2025 21:39:29.056] [main/ERROR] [net.minecraft.server.ServerAdvancementManager/]: Parsing error loading custom advancement sophisticatedstorage:recipes/misc/backpack_chipped_glassblower_upgrade_from_storage_chipped_glassblower_upgrade: Unknown item id 'sophisticatedstorage:chipped/glassblower_upgrade'
[20Dec2025 21:39:29.060] [main/ERROR] [net.minecraft.server.ServerAdvancementManager/]: Parsing error loading custom advancement sophisticatedstorage:recipes/misc/storage_chipped_carpenters_table_upgrade_from_backpack_chipped_carpenters_table_upgrade: Unknown item id 'sophisticatedbackpacks:chipped/carpenters_table_upgrade'
[20Dec2025 21:39:29.070] [main/ERROR] [net.minecraft.server.ServerAdvancementManager/]: Parsing error loading custom advancement sophisticatedstorage:recipes/misc/storage_chipped_alchemy_bench_upgrade_from_backpack_chipped_alchemy_bench_upgrade: Unknown item id 'sophisticatedbackpacks:chipped/alchemy_bench_upgrade'
[20Dec2025 21:39:29.070] [main/ERROR] [net.minecraft.server.ServerAdvancementManager/]: Parsing error loading custom advancement sophisticatedstorage:recipes/misc/storage_feeding_upgrade_from_backpack_feeding_upgrade: Unknown item id 'sophisticatedbackpacks:feeding_upgrade'
[20Dec2025 21:39:29.077] [main/ERROR] [net.minecraft.server.ServerAdvancementManager/]: Parsing error loading custom advancement sophisticatedstorage:recipes/misc/backpack_chipped_loom_table_upgrade_from_storage_chipped_loom_table_upgrade: Unknown item id 'sophisticatedstorage:chipped/loom_table_upgrade'
[20Dec2025 21:39:29.080] [main/ERROR] [net.minecraft.server.ServerAdvancementManager/]: Parsing error loading custom advancement sophisticatedstorage:recipes/misc/storage_smelting_upgrade_from_backpack_smelting_upgrade: Unknown item id 'sophisticatedbackpacks:smelting_upgrade'
[20Dec2025 21:39:29.088] [main/ERROR] [net.minecraft.server.ServerAdvancementManager/]: Parsing error loading custom advancement sophisticatedstorage:recipes/misc/storage_crafting_upgrade_from_backpack_crafting_upgrade: Unknown item id 'sophisticatedbackpacks:crafting_upgrade'
[20Dec2025 21:39:29.091] [main/ERROR] [net.minecraft.server.ServerAdvancementManager/]: Parsing error loading custom advancement sophisticatedstorage:recipes/misc/storage_auto_blasting_upgrade_from_backpack_auto_blasting_upgrade: Unknown item id 'sophisticatedbackpacks:auto_blasting_upgrade'
[20Dec2025 21:39:29.095] [main/ERROR] [net.minecraft.server.ServerAdvancementManager/]: Parsing error loading custom advancement sophisticatedstorage:recipes/misc/storage_advanced_jukebox_upgrade_from_backpack_advanced_jukebox_upgrade: Unknown item id 'sophisticatedbackpacks:advanced_jukebox_upgrade'
[20Dec2025 21:39:29.102] [main/ERROR] [net.minecraft.server.ServerAdvancementManager/]: Parsing error loading custom advancement sophisticatedstorage:recipes/misc/storage_advanced_alchemy_upgrade_from_backpack_advanced_alchemy_upgrade: Unknown item id 'sophisticatedbackpacks:advanced_alchemy_upgrade'
[20Dec2025 21:39:29.107] [main/ERROR] [net.minecraft.server.ServerAdvancementManager/]: Parsing error loading custom advancement sophisticatedstorage:recipes/misc/storage_chipped_botanist_workbench_upgrade_from_backpack_chipped_botanist_workbench_upgrade: Unknown item id 'sophisticatedbackpacks:chipped/botanist_workbench_upgrade'
[20Dec2025 21:39:29.108] [main/ERROR] [net.minecraft.server.ServerAdvancementManager/]: Parsing error loading custom advancement sophisticatedstorage:recipes/misc/storage_alchemy_upgrade_from_backpack_alchemy_upgrade: Unknown item id 'sophisticatedbackpacks:alchemy_upgrade'
[20Dec2025 21:39:29.118] [main/ERROR] [net.minecraft.server.ServerAdvancementManager/]: Parsing error loading custom advancement sophisticatedstorage:recipes/misc/storage_chipped_tinkering_table_upgrade_from_backpack_chipped_tinkering_table_upgrade: Unknown item id 'sophisticatedbackpacks:chipped/tinkering_table_upgrade'
[20Dec2025 21:39:29.119] [main/ERROR] [net.minecraft.server.ServerAdvancementManager/]: Parsing error loading custom advancement sophisticatedstorage:recipes/misc/storage_auto_smelting_upgrade_from_backpack_auto_smelting_upgrade: Unknown item id 'sophisticatedbackpacks:auto_smelting_upgrade'
[20Dec2025 21:39:29.120] [main/ERROR] [net.minecraft.server.ServerAdvancementManager/]: Parsing error loading custom advancement sophisticatedstorage:recipes/misc/storage_stack_upgrade_tier_3_from_backpack_stack_upgrade_tier_2: Unknown item id 'sophisticatedbackpacks:stack_upgrade_tier_2'
[20Dec2025 21:39:29.129] [main/ERROR] [net.minecraft.server.ServerAdvancementManager/]: Parsing error loading custom advancement sophisticatedstorage:recipes/misc/storage_advanced_feeding_upgrade_from_backpack_advanced_feeding_upgrade: Unknown item id 'sophisticatedbackpacks:advanced_feeding_upgrade'
[20Dec2025 21:39:29.131] [main/ERROR] [net.minecraft.server.ServerAdvancementManager/]: Parsing error loading custom advancement sophisticatedstorage:recipes/misc/storage_auto_smoking_upgrade_from_backpack_auto_smoking_upgrade: Unknown item id 'sophisticatedbackpacks:auto_smoking_upgrade'
[20Dec2025 21:39:29.132] [main/ERROR] [net.minecraft.server.ServerAdvancementManager/]: Parsing error loading custom advancement sophisticatedstorage:recipes/misc/storage_smoking_upgrade_from_backpack_smoking_upgrade: Unknown item id 'sophisticatedbackpacks:smoking_upgrade'
[20Dec2025 21:39:29.135] [main/ERROR] [net.minecraft.server.ServerAdvancementManager/]: Parsing error loading custom advancement sophisticatedstorage:recipes/misc/storage_stack_upgrade_tier_1_plus_from_backpack_stack_upgrade_starter_tier: Unknown item id 'sophisticatedbackpacks:stack_upgrade_starter_tier'
[20Dec2025 21:39:29.138] [main/ERROR] [net.minecraft.server.ServerAdvancementManager/]: Parsing error loading custom advancement sophisticatedstorage:recipes/misc/storage_advanced_void_upgrade_from_backpack_advanced_void_upgrade: Unknown item id 'sophisticatedbackpacks:advanced_void_upgrade'
[20Dec2025 21:39:29.138] [main/ERROR] [net.minecraft.server.ServerAdvancementManager/]: Parsing error loading custom advancement sophisticatedstorage:recipes/misc/storage_stack_upgrade_omega_tier_from_backpack_stack_upgrade_omega_tier: Unknown item id 'sophisticatedbackpacks:stack_upgrade_omega_tier'
[20Dec2025 21:39:29.142] [main/ERROR] [net.minecraft.server.ServerAdvancementManager/]: Parsing error loading custom advancement sophisticatedstorage:recipes/misc/storage_stack_downgrade_tier_2_from_backpack_stack_downgrade_tier_2: Unknown item id 'sophisticatedbackpacks:stack_downgrade_tier_2'
[20Dec2025 21:39:29.145] [main/ERROR] [net.minecraft.server.ServerAdvancementManager/]: Parsing error loading custom advancement sophisticatedstorage:recipes/misc/storage_compacting_upgrade_from_backpack_compacting_upgrade: Unknown item id 'sophisticatedbackpacks:compacting_upgrade'
[20Dec2025 21:39:29.146] [main/ERROR] [net.minecraft.server.ServerAdvancementManager/]: Parsing error loading custom advancement sophisticatedstorage:recipes/misc/storage_filter_upgrade_from_backpack_filter_upgrade: Unknown item id 'sophisticatedbackpacks:filter_upgrade'
[20Dec2025 21:39:29.155] [main/ERROR] [net.minecraft.server.ServerAdvancementManager/]: Parsing error loading custom advancement sophisticatedstorage:recipes/misc/storage_chipped_loom_table_upgrade_from_backpack_chipped_loom_table_upgrade: Unknown item id 'sophisticatedbackpacks:chipped/loom_table_upgrade'
[20Dec2025 21:39:29.158] [main/ERROR] [net.minecraft.server.ServerAdvancementManager/]: Parsing error loading custom advancement sophisticatedstorage:recipes/misc/storage_stack_upgrade_tier_2_from_backpack_stack_upgrade_tier_1: Unknown item id 'sophisticatedbackpacks:stack_upgrade_tier_1'
[20Dec2025 21:39:29.160] [main/ERROR] [net.minecraft.server.ServerAdvancementManager/]: Parsing error loading custom advancement sophisticatedstorage:recipes/misc/backpack_chipped_carpenters_table_upgrade_from_storage_chipped_carpenters_table_upgrade: Unknown item id 'sophisticatedstorage:chipped/carpenters_table_upgrade'
[20Dec2025 21:39:29.163] [main/ERROR] [net.minecraft.server.ServerAdvancementManager/]: Parsing error loading custom advancement sophisticatedstorage:recipes/misc/storage_stack_downgrade_tier_3_from_backpack_stack_downgrade_tier_3: Unknown item id 'sophisticatedbackpacks:stack_downgrade_tier_3'
[20Dec2025 21:39:29.170] [main/ERROR] [net.minecraft.server.ServerAdvancementManager/]: Parsing error loading custom advancement sophisticatedstorage:recipes/misc/storage_stack_downgrade_tier_1_from_backpack_stack_downgrade_tier_1: Unknown item id 'sophisticatedbackpacks:stack_downgrade_tier_1'
[20Dec2025 21:39:29.192] [main/ERROR] [net.minecraft.server.ServerAdvancementManager/]: Parsing error loading custom advancement sophisticatedstorage:recipes/misc/storage_void_upgrade_from_backpack_void_upgrade: Unknown item id 'sophisticatedbackpacks:void_upgrade'
[20Dec2025 21:39:29.195] [main/ERROR] [net.minecraft.server.ServerAdvancementManager/]: Parsing error loading custom advancement sophisticatedstorage:recipes/misc/storage_stack_upgrade_tier_4_from_backpack_stack_upgrade_tier_3: Unknown item id 'sophisticatedbackpacks:stack_upgrade_tier_3'
[20Dec2025 21:39:29.198] [main/ERROR] [net.minecraft.server.ServerAdvancementManager/]: Parsing error loading custom advancement sophisticatedstorage:recipes/misc/storage_stack_upgrade_tier_5_from_backpack_stack_upgrade_tier_4: Unknown item id 'sophisticatedbackpacks:stack_upgrade_tier_4'
[20Dec2025 21:39:29.209] [main/ERROR] [net.minecraft.server.ServerAdvancementManager/]: Parsing error loading custom advancement sophisticatedstorage:recipes/misc/backpack_chipped_botanist_workbench_upgrade_from_storage_chipped_botanist_workbench_upgrade: Unknown item id 'sophisticatedstorage:chipped/botanist_workbench_upgrade'
[20Dec2025 21:39:29.210] [main/ERROR] [net.minecraft.server.ServerAdvancementManager/]: Parsing error loading custom advancement sophisticatedstorage:recipes/misc/storage_chipped_glassblower_upgrade_from_backpack_chipped_glassblower_upgrade: Unknown item id 'sophisticatedbackpacks:chipped/glassblower_upgrade'
[20Dec2025 21:39:29.211] [main/ERROR] [net.minecraft.server.ServerAdvancementManager/]: Parsing error loading custom advancement sophisticatedstorage:recipes/misc/storage_chipped_mason_table_upgrade_from_backpack_chipped_mason_table_upgrade: Unknown item id 'sophisticatedbackpacks:chipped/mason_table_upgrade'
[20Dec2025 21:39:29.216] [main/ERROR] [net.minecraft.server.ServerAdvancementManager/]: Parsing error loading custom advancement sophisticatedstorage:recipes/misc/storage_blasting_upgrade_from_backpack_blasting_upgrade: Unknown item id 'sophisticatedbackpacks:blasting_upgrade'
[20Dec2025 21:39:29.217] [main/ERROR] [net.minecraft.server.ServerAdvancementManager/]: Parsing error loading custom advancement sophisticatedstorage:recipes/misc/backpack_chipped_tinkering_table_upgrade_from_storage_chipped_tinkering_table_upgrade: Unknown item id 'sophisticatedstorage:chipped/tinkering_table_upgrade'
[20Dec2025 21:39:29.218] [main/ERROR] [net.minecraft.server.ServerAdvancementManager/]: Parsing error loading custom advancement sophisticatedstorage:recipes/misc/storage_advanced_pickup_upgrade_from_backpack_advanced_pickup_upgrade: Unknown item id 'sophisticatedbackpacks:advanced_pickup_upgrade'
[20Dec2025 21:39:29.219] [main/ERROR] [net.minecraft.server.ServerAdvancementManager/]: Parsing error loading custom advancement sophisticatedstorage:recipes/misc/backpack_chipped_alchemy_bench_upgrade_from_storage_chipped_alchemy_bench_upgrade: Unknown item id 'sophisticatedstorage:chipped/alchemy_bench_upgrade'
[20Dec2025 21:39:29.221] [main/ERROR] [net.minecraft.server.ServerAdvancementManager/]: Parsing error loading custom advancement sophisticatedstorage:recipes/misc/storage_jukebox_upgrade_from_backpack_jukebox_upgrade: Unknown item id 'sophisticatedbackpacks:jukebox_upgrade'
[20Dec2025 21:39:29.230] [main/ERROR] [net.minecraft.server.ServerAdvancementManager/]: Parsing error loading custom advancement sophisticatedstorage:recipes/misc/storage_advanced_filter_upgrade_from_backpack_advanced_filter_upgrade: Unknown item id 'sophisticatedbackpacks:advanced_filter_upgrade'
[20Dec2025 21:39:29.231] [main/ERROR] [net.minecraft.server.ServerAdvancementManager/]: Parsing error loading custom advancement sophisticatedstorage:recipes/misc/storage_advanced_compacting_upgrade_from_backpack_advanced_compacting_upgrade: Unknown item id 'sophisticatedbackpacks:advanced_compacting_upgrade'
[20Dec2025 21:39:29.241] [main/INFO] [quark/]: [Automatic Recipe Unlock] Removed 5565 recipe advancements
[20Dec2025 21:39:29.251] [main/INFO] [net.minecraft.advancements.AdvancementList/]: Loaded 515 advancements
[20Dec2025 21:39:29.260] [main/INFO] [com.teamabnormals.blueprint.core.Blueprint/]: Chunk Generator Modification Manager has loaded 0 modifier groups
[20Dec2025 21:39:29.266] [main/WARN] [net.minecraftforge.common.loot.LootModifierManager/]: Could not decode GlobalLootModifier with json id callablehorses:horse_drop - error: Input does not contain a key [type]: MapLike[{"conditions":[{"condition":"minecraft:entity_properties","predicate":{"type":"#callablehorses:callablehorses"},"entity":"THIS"}]}]
[20Dec2025 21:39:29.267] [main/WARN] [net.minecraftforge.common.loot.LootModifierManager/]: Unable to decode loot conditions
com.google.gson.JsonSyntaxException: Unknown type 'neoforge:loot_table_id'
	at net.minecraft.world.level.storage.loot.GsonAdapterFactory$JsonAdapter.deserialize(GsonAdapterFactory.java:99) ~[server-1.20.1-20230612.114412-srg.jar%23313!/:?]
	at com.google.gson.internal.bind.TreeTypeAdapter.read(TreeTypeAdapter.java:76) ~[gson-2.10.jar%2372!/:?]
	at com.google.gson.internal.bind.TypeAdapterRuntimeTypeWrapper.read(TypeAdapterRuntimeTypeWrapper.java:40) ~[gson-2.10.jar%2372!/:?]
	at com.google.gson.internal.bind.ArrayTypeAdapter.read(ArrayTypeAdapter.java:72) ~[gson-2.10.jar%2372!/:?]
	at com.google.gson.Gson.fromJson(Gson.java:1214) ~[gson-2.10.jar%2372!/:?]
	at com.google.gson.Gson.fromJson(Gson.java:1319) ~[gson-2.10.jar%2372!/:?]
	at com.google.gson.Gson.fromJson(Gson.java:1290) ~[gson-2.10.jar%2372!/:?]
	at com.google.gson.internal.bind.TreeTypeAdapter$GsonContextImpl.deserialize(TreeTypeAdapter.java:179) ~[gson-2.10.jar%2372!/:?]
	at net.minecraft.util.GsonHelper.m_13808_(GsonHelper.java:463) ~[server-1.20.1-20230612.114412-srg.jar%23313!/:?]
	at net.minecraft.util.GsonHelper.m_13836_(GsonHelper.java:471) ~[server-1.20.1-20230612.114412-srg.jar%23313!/:?]
	at net.minecraft.world.level.storage.loot.predicates.CompositeLootItemCondition$Serializer.m_7561_(CompositeLootItemCondition.java:68) ~[server-1.20.1-20230612.114412-srg.jar%23313!/:?]
	at net.minecraft.world.level.storage.loot.predicates.CompositeLootItemCondition$Serializer.m_7561_(CompositeLootItemCondition.java:60) ~[server-1.20.1-20230612.114412-srg.jar%23313!/:?]
	at net.minecraft.world.level.storage.loot.GsonAdapterFactory$JsonAdapter.deserialize(GsonAdapterFactory.java:102) ~[server-1.20.1-20230612.114412-srg.jar%23313!/:?]
	at com.google.gson.internal.bind.TreeTypeAdapter.read(TreeTypeAdapter.java:76) ~[gson-2.10.jar%2372!/:?]
	at com.google.gson.internal.bind.TypeAdapterRuntimeTypeWrapper.read(TypeAdapterRuntimeTypeWrapper.java:40) ~[gson-2.10.jar%2372!/:?]
	at com.google.gson.internal.bind.ArrayTypeAdapter.read(ArrayTypeAdapter.java:72) ~[gson-2.10.jar%2372!/:?]
	at com.google.gson.Gson.fromJson(Gson.java:1214) ~[gson-2.10.jar%2372!/:?]
	at com.google.gson.Gson.fromJson(Gson.java:1319) ~[gson-2.10.jar%2372!/:?]
	at com.google.gson.Gson.fromJson(Gson.java:1261) ~[gson-2.10.jar%2372!/:?]
	at net.minecraftforge.common.loot.IGlobalLootModifier.lambda$static$1(IGlobalLootModifier.java:39) ~[forge-1.20.1-47.3.7-universal.jar%23318!/:?]
	at com.mojang.serialization.Decoder$1.lambda$decode$1(Decoder.java:49) ~[datafixerupper-6.0.8.jar%2377!/:?]
	at com.mojang.serialization.DataResult.lambda$flatMap$11(DataResult.java:139) ~[datafixerupper-6.0.8.jar%2377!/:?]
	at com.mojang.datafixers.util.Either$Left.map(Either.java:38) ~[datafixerupper-6.0.8.jar%2377!/:?]
	at com.mojang.serialization.DataResult.flatMap(DataResult.java:137) ~[datafixerupper-6.0.8.jar%2377!/:?]
	at com.mojang.serialization.Decoder$1.decode(Decoder.java:49) ~[datafixerupper-6.0.8.jar%2377!/:?]
	at com.mojang.serialization.Codec$2.decode(Codec.java:71) ~[datafixerupper-6.0.8.jar%2377!/:?]
	at com.mojang.serialization.Decoder.parse(Decoder.java:18) ~[datafixerupper-6.0.8.jar%2377!/:?]
	at com.mojang.serialization.codecs.FieldDecoder.decode(FieldDecoder.java:29) ~[datafixerupper-6.0.8.jar%2377!/:?]
	at com.mojang.serialization.MapCodec$1.decode(MapCodec.java:34) ~[datafixerupper-6.0.8.jar%2377!/:?]
	at com.mojang.serialization.codecs.RecordCodecBuilder$Instance$3.decode(RecordCodecBuilder.java:248) ~[datafixerupper-6.0.8.jar%2377!/:?]
	at com.mojang.serialization.codecs.RecordCodecBuilder$2.decode(RecordCodecBuilder.java:107) ~[datafixerupper-6.0.8.jar%2377!/:?]
	at com.mojang.serialization.codecs.KeyDispatchCodec.lambda$decode$3(KeyDispatchCodec.java:67) ~[datafixerupper-6.0.8.jar%2377!/:?]
	at com.mojang.serialization.DataResult.lambda$flatMap$11(DataResult.java:139) ~[datafixerupper-6.0.8.jar%2377!/:?]
	at com.mojang.datafixers.util.Either$Left.map(Either.java:38) ~[datafixerupper-6.0.8.jar%2377!/:?]
	at com.mojang.serialization.DataResult.flatMap(DataResult.java:137) ~[datafixerupper-6.0.8.jar%2377!/:?]
	at com.mojang.serialization.codecs.KeyDispatchCodec.lambda$decode$4(KeyDispatchCodec.java:58) ~[datafixerupper-6.0.8.jar%2377!/:?]
	at com.mojang.serialization.DataResult.lambda$flatMap$11(DataResult.java:139) ~[datafixerupper-6.0.8.jar%2377!/:?]
	at com.mojang.datafixers.util.Either$Left.map(Either.java:38) ~[datafixerupper-6.0.8.jar%2377!/:?]
	at com.mojang.serialization.DataResult.flatMap(DataResult.java:137) ~[datafixerupper-6.0.8.jar%2377!/:?]
	at com.mojang.serialization.codecs.KeyDispatchCodec.decode(KeyDispatchCodec.java:56) ~[datafixerupper-6.0.8.jar%2377!/:?]
	at com.mojang.serialization.MapDecoder.lambda$compressedDecode$1(MapDecoder.java:52) ~[datafixerupper-6.0.8.jar%2377!/:?]
	at com.mojang.serialization.DataResult.lambda$flatMap$11(DataResult.java:139) ~[datafixerupper-6.0.8.jar%2377!/:?]
	at com.mojang.datafixers.util.Either$Left.map(Either.java:38) ~[datafixerupper-6.0.8.jar%2377!/:?]
	at com.mojang.serialization.DataResult.flatMap(DataResult.java:137) ~[datafixerupper-6.0.8.jar%2377!/:?]
	at com.mojang.serialization.MapDecoder.compressedDecode(MapDecoder.java:52) ~[datafixerupper-6.0.8.jar%2377!/:?]
	at com.mojang.serialization.MapCodec$MapCodecCodec.decode(MapCodec.java:91) ~[datafixerupper-6.0.8.jar%2377!/:?]
	at com.mojang.serialization.Decoder.parse(Decoder.java:18) ~[datafixerupper-6.0.8.jar%2377!/:?]
	at net.minecraftforge.common.loot.LootModifierManager.apply(LootModifierManager.java:79) ~[forge-1.20.1-47.3.7-universal.jar%23318!/:?]
	at net.minecraftforge.common.loot.LootModifierManager.m_5787_(LootModifierManager.java:38) ~[forge-1.20.1-47.3.7-universal.jar%23318!/:?]
	at net.minecraft.server.packs.resources.SimplePreparableReloadListener.m_10789_(SimplePreparableReloadListener.java:13) ~[server-1.20.1-20230612.114412-srg.jar%23313!/:?]
	at java.util.concurrent.CompletableFuture$UniAccept.tryFire(CompletableFuture.java:718) ~[?:?]
	at java.util.concurrent.CompletableFuture$Completion.run(CompletableFuture.java:482) ~[?:?]
	at net.minecraft.server.packs.resources.SimpleReloadInstance.m_143940_(SimpleReloadInstance.java:69) ~[server-1.20.1-20230612.114412-srg.jar%23313!/:?]
	at net.minecraft.Util.m_214652_(Util.java:783) ~[server-1.20.1-20230612.114412-srg.jar%23313!/:?]
	at net.minecraft.Util.m_214679_(Util.java:772) ~[server-1.20.1-20230612.114412-srg.jar%23313!/:?]
	at net.minecraft.server.Main.main(Main.java:166) ~[server-1.20.1-20230612.114412-srg.jar%23313!/:?]
	at jdk.internal.reflect.NativeMethodAccessorImpl.invoke0(Native Method) ~[?:?]
	at jdk.internal.reflect.NativeMethodAccessorImpl.invoke(NativeMethodAccessorImpl.java:77) ~[?:?]
	at jdk.internal.reflect.DelegatingMethodAccessorImpl.invoke(DelegatingMethodAccessorImpl.java:43) ~[?:?]
	at java.lang.reflect.Method.invoke(Method.java:569) ~[?:?]
	at net.minecraftforge.fml.loading.targets.CommonLaunchHandler.runTarget(CommonLaunchHandler.java:111) ~[fmlloader-1.20.1-47.3.7.jar%2369!/:?]
	at net.minecraftforge.fml.loading.targets.CommonLaunchHandler.serverService(CommonLaunchHandler.java:103) ~[fmlloader-1.20.1-47.3.7.jar%2369!/:?]
	at net.minecraftforge.fml.loading.targets.CommonServerLaunchHandler.lambda$makeService$0(CommonServerLaunchHandler.java:27) ~[fmlloader-1.20.1-47.3.7.jar%2369!/:?]
	at cpw.mods.modlauncher.LaunchServiceHandlerDecorator.launch(LaunchServiceHandlerDecorator.java:30) ~[modlauncher-10.0.9.jar%2355!/:?]
	at cpw.mods.modlauncher.LaunchServiceHandler.launch(LaunchServiceHandler.java:53) ~[modlauncher-10.0.9.jar%2355!/:?]
	at cpw.mods.modlauncher.LaunchServiceHandler.launch(LaunchServiceHandler.java:71) ~[modlauncher-10.0.9.jar%2355!/:?]
	at cpw.mods.modlauncher.Launcher.run(Launcher.java:108) ~[modlauncher-10.0.9.jar%2355!/:?]
	at cpw.mods.modlauncher.Launcher.main(Launcher.java:78) ~[modlauncher-10.0.9.jar%2355!/:?]
	at cpw.mods.modlauncher.BootstrapLaunchConsumer.accept(BootstrapLaunchConsumer.java:26) ~[modlauncher-10.0.9.jar%2355!/:?]
	at cpw.mods.modlauncher.BootstrapLaunchConsumer.accept(BootstrapLaunchConsumer.java:23) ~[modlauncher-10.0.9.jar%2355!/:?]
	at cpw.mods.bootstraplauncher.BootstrapLauncher.main(BootstrapLauncher.java:141) ~[bootstraplauncher-1.1.2.jar:?]
[20Dec2025 21:39:29.269] [main/WARN] [net.minecraftforge.common.loot.LootModifierManager/]: Could not decode GlobalLootModifier with json id crittersandcompanions:inject_clams - error: Unknown type 'neoforge:loot_table_id'
[20Dec2025 21:39:29.275] [main/INFO] [quark-zeta/]: Modified advancement minecraft:husbandry/wax_on with 2 patches
[20Dec2025 21:39:29.275] [main/INFO] [quark-zeta/]: Modified advancement minecraft:adventure/kill_a_mob with 3 patches
[20Dec2025 21:39:29.276] [main/INFO] [quark-zeta/]: Modified advancement minecraft:husbandry/bred_all_animals with 3 patches
[20Dec2025 21:39:29.277] [main/INFO] [quark-zeta/]: Modified advancement minecraft:adventure/kill_all_mobs with 3 patches
[20Dec2025 21:39:29.278] [main/INFO] [quark-zeta/]: Modified advancement minecraft:husbandry/balanced_diet with 2 patches
[20Dec2025 21:39:29.278] [main/INFO] [quark-zeta/]: Modified advancement minecraft:nether/all_effects with 1 patches
[20Dec2025 21:39:29.278] [main/INFO] [quark-zeta/]: Modified advancement minecraft:husbandry/wax_off with 2 patches
[20Dec2025 21:39:29.278] [main/INFO] [quark-zeta/]: Modified advancement minecraft:adventure/adventuring_time with 1 patches
[20Dec2025 21:39:29.278] [main/INFO] [quark-zeta/]: Modified advancement minecraft:nether/all_potions with 1 patches
[20Dec2025 21:39:29.392] [main/ERROR] [org.betterx.worlds.together.util.Logger/]: [worlds_together] Error for jar:file:///workspaces/SERVER-1/servidor_minecraft/mods/mvs-4.1.5-1.20.jar: java.nio.file.NoSuchFileException: /fabric.mod.json
[20Dec2025 21:39:29.393] [main/ERROR] [org.betterx.worlds.together.util.Logger/]: [worlds_together] Error for jar:file:///workspaces/SERVER-1/servidor_minecraft/mods/YungsBetterDungeons-1.20-Forge-4.0.4.jar: java.nio.file.NoSuchFileException: /fabric.mod.json
[20Dec2025 21:39:29.398] [main/ERROR] [org.betterx.worlds.together.util.Logger/]: [worlds_together] Error for jar:file:///workspaces/SERVER-1/servidor_minecraft/mods/fabric-api-0.92.6+1.11.14+1.20.1.jar: java.nio.file.NoSuchFileException: /fabric.mod.json
[20Dec2025 21:39:29.399] [main/ERROR] [org.betterx.worlds.together.util.Logger/]: [worlds_together] Error for jar:file:///workspaces/SERVER-1/servidor_minecraft/mods/Connector-1.0.0-beta.46+1.20.1.jar: java.nio.file.NoSuchFileException: /fabric.mod.json
[20Dec2025 21:39:29.400] [main/ERROR] [org.betterx.worlds.together.util.Logger/]: [worlds_together] Error for jar:file:///workspaces/SERVER-1/servidor_minecraft/mods/letsdo-candlelight-forge-2.0.5.jar: java.nio.file.NoSuchFileException: /fabric.mod.json
[20Dec2025 21:39:29.401] [main/ERROR] [org.betterx.worlds.together.util.Logger/]: [worlds_together] Error for jar:file:///workspaces/SERVER-1/servidor_minecraft/mods/corpse-forge-1.20.1-1.0.21.jar: java.nio.file.NoSuchFileException: /fabric.mod.json
[20Dec2025 21:39:29.401] [main/ERROR] [org.betterx.worlds.together.util.Logger/]: [worlds_together] Error for jar:file:///workspaces/SERVER-1/servidor_minecraft/mods/NaturesCompass-1.20.1-1.11.2-forge.jar: java.nio.file.NoSuchFileException: /fabric.mod.json
[20Dec2025 21:39:29.401] [main/ERROR] [org.betterx.worlds.together.util.Logger/]: [worlds_together] Error for jar:file:///workspaces/SERVER-1/servidor_minecraft/mods/GlitchCore-forge-1.20.1-0.0.1.1.jar: java.nio.file.NoSuchFileException: /fabric.mod.json
[20Dec2025 21:39:29.402] [main/ERROR] [org.betterx.worlds.together.util.Logger/]: [worlds_together] Error for jar:file:///workspaces/SERVER-1/servidor_minecraft/mods/letsdo-herbalbrews-forge-1.0.12.jar: java.nio.file.NoSuchFileException: /fabric.mod.json
[20Dec2025 21:39:29.403] [main/ERROR] [org.betterx.worlds.together.util.Logger/]: [worlds_together] Error for jar:file:///workspaces/SERVER-1/servidor_minecraft/mods/Zeta-1.0-30.jar: java.nio.file.NoSuchFileException: /fabric.mod.json
[20Dec2025 21:39:29.403] [main/ERROR] [org.betterx.worlds.together.util.Logger/]: [worlds_together] Error for jar:file:///workspaces/SERVER-1/servidor_minecraft/mods/letsdo-bakery-forge-2.0.6.jar: java.nio.file.NoSuchFileException: /fabric.mod.json
[20Dec2025 21:39:29.404] [main/ERROR] [org.betterx.worlds.together.util.Logger/]: [worlds_together] Error for jar:file:///workspaces/SERVER-1/servidor_minecraft/mods/SnowRealMagic-1.20.1-Forge-10.6.5.jar: java.nio.file.NoSuchFileException: /fabric.mod.json
[20Dec2025 21:39:29.404] [main/ERROR] [org.betterx.worlds.together.util.Logger/]: [worlds_together] Error for jar:file:///workspaces/SERVER-1/servidor_minecraft/mods/balm-forge-1.20.1-7.3.28-all.jar: java.nio.file.NoSuchFileException: /fabric.mod.json
[20Dec2025 21:39:29.405] [main/ERROR] [org.betterx.worlds.together.util.Logger/]: [worlds_together] Error for jar:file:///workspaces/SERVER-1/servidor_minecraft/mods/sophisticatedstorage-1.20.1-1.3.62.1236.jar: java.nio.file.NoSuchFileException: /fabric.mod.json
[20Dec2025 21:39:29.406] [main/ERROR] [org.betterx.worlds.together.util.Logger/]: [worlds_together] Error for jar:file:///workspaces/SERVER-1/servidor_minecraft/mods/citadel-2.6.2-1.20.1.jar: java.nio.file.NoSuchFileException: /fabric.mod.json
[20Dec2025 21:39:29.407] [main/ERROR] [org.betterx.worlds.together.util.Logger/]: [worlds_together] Error for jar:file:///workspaces/SERVER-1/servidor_minecraft/mods/nocube's_villagers_sell_animals_1.2.1_forge_1.20.1.jar: java.nio.file.NoSuchFileException: /fabric.mod.json
[20Dec2025 21:39:29.407] [main/ERROR] [org.betterx.worlds.together.util.Logger/]: [worlds_together] Error for jar:file:///workspaces/SERVER-1/servidor_minecraft/mods/vanillabackport-forge-1.20.1-1.1.4.3.jar: java.nio.file.NoSuchFileException: /fabric.mod.json
[20Dec2025 21:39:29.408] [main/ERROR] [org.betterx.worlds.together.util.Logger/]: [worlds_together] Error for jar:file:///workspaces/SERVER-1/servidor_minecraft/mods/carryon-forge-1.20.1-2.1.2.7.jar: java.nio.file.NoSuchFileException: /fabric.mod.json
[20Dec2025 21:39:29.408] [main/ERROR] [org.betterx.worlds.together.util.Logger/]: [worlds_together] Error for jar:file:///workspaces/SERVER-1/servidor_minecraft/mods/AI-Improvements-1.20-0.5.2.jar: java.nio.file.NoSuchFileException: /fabric.mod.json
[20Dec2025 21:39:29.412] [main/ERROR] [org.betterx.worlds.together.util.Logger/]: [worlds_together] Error for jar:file:///workspaces/SERVER-1/servidor_minecraft/mods/RegionsUnexploredForge-0.5.6+1.20.1.jar: java.nio.file.NoSuchFileException: /fabric.mod.json
[20Dec2025 21:39:29.413] [main/ERROR] [org.betterx.worlds.together.util.Logger/]: [worlds_together] Error for jar:file:///workspaces/SERVER-1/servidor_minecraft/mods/letsdo-furniture-forge-1.0.4.jar: java.nio.file.NoSuchFileException: /fabric.mod.json
[20Dec2025 21:39:29.414] [main/ERROR] [org.betterx.worlds.together.util.Logger/]: [worlds_together] Error for jar:file:///workspaces/SERVER-1/servidor_minecraft/mods/structureessentials-1.20.1-4.8.jar: java.nio.file.NoSuchFileException: /fabric.mod.json
[20Dec2025 21:39:29.414] [main/ERROR] [org.betterx.worlds.together.util.Logger/]: [worlds_together] Error for jar:file:///workspaces/SERVER-1/servidor_minecraft/mods/cupboard-1.20.1-2.7.jar: java.nio.file.NoSuchFileException: /fabric.mod.json
[20Dec2025 21:39:29.414] [main/ERROR] [org.betterx.worlds.together.util.Logger/]: [worlds_together] Error for jar:file:///workspaces/SERVER-1/servidor_minecraft/mods/AdvancementPlaques-1.20.1-forge-1.6.9.jar: java.nio.file.NoSuchFileException: /fabric.mod.json
[20Dec2025 21:39:29.415] [main/ERROR] [org.betterx.worlds.together.util.Logger/]: [worlds_together] Error for jar:file:///workspaces/SERVER-1/servidor_minecraft/mods/alltheleaks-1.0.2+1.20.1-forge%20(1).jar: java.nio.file.NoSuchFileException: /fabric.mod.json
[20Dec2025 21:39:29.415] [main/ERROR] [org.betterx.worlds.together.util.Logger/]: [worlds_together] Error for jar:file:///workspaces/SERVER-1/servidor_minecraft/mods/TerraBlender-forge-1.20.1-3.0.1.10.jar: java.nio.file.NoSuchFileException: /fabric.mod.json
[20Dec2025 21:39:29.415] [main/ERROR] [org.betterx.worlds.together.util.Logger/]: [worlds_together] Error for jar:file:///workspaces/SERVER-1/servidor_minecraft/mods/architectury-9.2.14-forge.jar: java.nio.file.NoSuchFileException: /fabric.mod.json
[20Dec2025 21:39:29.416] [main/ERROR] [org.betterx.worlds.together.util.Logger/]: [worlds_together] Error for jar:file:///workspaces/SERVER-1/servidor_minecraft/mods/guardvillagers-1.20.1-1.6.11.jar: java.nio.file.NoSuchFileException: /fabric.mod.json
[20Dec2025 21:39:29.416] [main/ERROR] [org.betterx.worlds.together.util.Logger/]: [worlds_together] Error for jar:file:///workspaces/SERVER-1/servidor_minecraft/mods/geckolib-forge-1.20.1-4.7.3.jar: java.nio.file.NoSuchFileException: /fabric.mod.json
[20Dec2025 21:39:29.416] [main/ERROR] [org.betterx.worlds.together.util.Logger/]: [worlds_together] Error for jar:file:///workspaces/SERVER-1/servidor_minecraft/mods/Waves-1.20.1-1.5.1.jar: java.nio.file.NoSuchFileException: /fabric.mod.json
[20Dec2025 21:39:29.417] [main/ERROR] [org.betterx.worlds.together.util.Logger/]: [worlds_together] Error for jar:file:///workspaces/SERVER-1/servidor_minecraft/mods/YungsBetterNetherFortresses-1.20-Forge-2.0.6.jar: java.nio.file.NoSuchFileException: /fabric.mod.json
[20Dec2025 21:39:29.421] [main/ERROR] [org.betterx.worlds.together.util.Logger/]: [worlds_together] Error for jar:file:///workspaces/SERVER-1/servidor_minecraft/mods/Quark-4.0-462.jar: java.nio.file.NoSuchFileException: /fabric.mod.json
[20Dec2025 21:39:29.421] [main/ERROR] [org.betterx.worlds.together.util.Logger/]: [worlds_together] Error for jar:file:///workspaces/SERVER-1/servidor_minecraft/mods/Pretty%20Rain-1.20.1-Forge-1.1.3.jar: java.nio.file.NoSuchFileException: /fabric.mod.json
[20Dec2025 21:39:29.422] [main/ERROR] [org.betterx.worlds.together.util.Logger/]: [worlds_together] Error for jar:file:///workspaces/SERVER-1/servidor_minecraft/mods/PickUpNotifier-v8.0.0-1.20.1-Forge.jar: java.nio.file.NoSuchFileException: /fabric.mod.json
[20Dec2025 21:39:29.422] [main/ERROR] [org.betterx.worlds.together.util.Logger/]: [worlds_together] Error for jar:file:///workspaces/SERVER-1/servidor_minecraft/mods/veggiesdelight-1.8.1.jar: java.nio.file.NoSuchFileException: /fabric.mod.json
[20Dec2025 21:39:29.423] [main/ERROR] [org.betterx.worlds.together.util.Logger/]: [worlds_together] Error for jar:file:///workspaces/SERVER-1/servidor_minecraft/mods/Kiwi-1.20.1-Forge-11.8.31.jar: java.nio.file.NoSuchFileException: /fabric.mod.json
[20Dec2025 21:39:29.423] [main/ERROR] [org.betterx.worlds.together.util.Logger/]: [worlds_together] Error for jar:file:///workspaces/SERVER-1/servidor_minecraft/mods/MagnumTorch-v8.0.2-1.20.1-Forge.jar: java.nio.file.NoSuchFileException: /fabric.mod.json
[20Dec2025 21:39:29.424] [main/ERROR] [org.betterx.worlds.together.util.Logger/]: [worlds_together] Error for jar:file:///workspaces/SERVER-1/servidor_minecraft/mods/sophisticatedcore-1.20.1-1.2.81.1091.jar: java.nio.file.NoSuchFileException: /fabric.mod.json
[20Dec2025 21:39:29.424] [main/ERROR] [org.betterx.worlds.together.util.Logger/]: [worlds_together] Error for jar:file:///workspaces/SERVER-1/servidor_minecraft/mods/TaxTreeGiant+M.1.20.1+ForM.2.1.1.jar: java.nio.file.NoSuchFileException: /fabric.mod.json
[20Dec2025 21:39:29.425] [main/ERROR] [org.betterx.worlds.together.util.Logger/]: [worlds_together] Error for jar:file:///workspaces/SERVER-1/servidor_minecraft/mods/Paraglider-forge-20.1.3.jar: java.nio.file.NoSuchFileException: /fabric.mod.json
[20Dec2025 21:39:29.430] [main/ERROR] [org.betterx.worlds.together.util.Logger/]: [worlds_together] Error for jar:file:///workspaces/SERVER-1/servidor_minecraft/mods/FarmersDelight-1.20.1-1.2.9.jar: java.nio.file.NoSuchFileException: /fabric.mod.json
[20Dec2025 21:39:29.430] [main/ERROR] [org.betterx.worlds.together.util.Logger/]: [worlds_together] Error for jar:file:///workspaces/SERVER-1/servidor_minecraft/mods/YungsBetterMineshafts-1.20-Forge-4.0.4.jar: java.nio.file.NoSuchFileException: /fabric.mod.json
[20Dec2025 21:39:29.435] [main/ERROR] [org.betterx.worlds.together.util.Logger/]: [worlds_together] Error for jar:file:///workspaces/SERVER-1/servidor_minecraft/mods/Prism-1.20.1-forge-1.0.5.jar: java.nio.file.NoSuchFileException: /fabric.mod.json
[20Dec2025 21:39:29.436] [main/ERROR] [org.betterx.worlds.together.util.Logger/]: [worlds_together] Error for jar:file:///workspaces/SERVER-1/servidor_minecraft/mods/aquaculturedelight-1.1.1-forge-1.20.1.jar: java.nio.file.NoSuchFileException: /fabric.mod.json
[20Dec2025 21:39:29.437] [main/ERROR] [org.betterx.worlds.together.util.Logger/]: [worlds_together] Error for jar:file:///workspaces/SERVER-1/servidor_minecraft/mods/embeddium-0.3.31+mc1.20.1.jar: java.nio.file.NoSuchFileException: /fabric.mod.json
[20Dec2025 21:39:29.438] [main/ERROR] [org.betterx.worlds.together.util.Logger/]: [worlds_together] Error for jar:file:///workspaces/SERVER-1/servidor_minecraft/mods/letsdo-vinery-forge-1.4.40.jar: java.nio.file.NoSuchFileException: /fabric.mod.json
[20Dec2025 21:39:29.438] [main/ERROR] [org.betterx.worlds.together.util.Logger/]: [worlds_together] Error for jar:file:///workspaces/SERVER-1/servidor_minecraft/mods/Iceberg-1.20.1-forge-1.1.25.jar: java.nio.file.NoSuchFileException: /fabric.mod.json
[20Dec2025 21:39:29.439] [main/ERROR] [org.betterx.worlds.together.util.Logger/]: [worlds_together] Error for jar:file:///workspaces/SERVER-1/servidor_minecraft/mods/endersdelight-forge-1.20.1-1.1.3.jar: java.nio.file.NoSuchFileException: /fabric.mod.json
[20Dec2025 21:39:29.439] [main/ERROR] [org.betterx.worlds.together.util.Logger/]: [worlds_together] Error for jar:file:///workspaces/SERVER-1/servidor_minecraft/mods/TinySkeletons-v8.0.1-1.20.1-Forge.jar: java.nio.file.NoSuchFileException: /fabric.mod.json
[20Dec2025 21:39:29.439] [main/ERROR] [org.betterx.worlds.together.util.Logger/]: [worlds_together] Error for jar:file:///workspaces/SERVER-1/servidor_minecraft/mods/cratedelight-25.08.08-1.20-forge.jar: java.nio.file.NoSuchFileException: /fabric.mod.json
[20Dec2025 21:39:29.439] [main/ERROR] [org.betterx.worlds.together.util.Logger/]: [worlds_together] Error for jar:file:///workspaces/SERVER-1/servidor_minecraft/mods/explosiveenhancement-1.1.0-1.20.1-client-and-server.jar: java.nio.file.NoSuchFileException: /fabric.mod.json
[20Dec2025 21:39:29.440] [main/ERROR] [org.betterx.worlds.together.util.Logger/]: [worlds_together] Error for jar:file:///workspaces/SERVER-1/servidor_minecraft/mods/letsdo-API-forge-1.2.15-forge.jar: java.nio.file.NoSuchFileException: /fabric.mod.json
[20Dec2025 21:39:29.440] [main/ERROR] [org.betterx.worlds.together.util.Logger/]: [worlds_together] Error for jar:file:///workspaces/SERVER-1/servidor_minecraft/mods/cloth-config-11.1.136-forge.jar: java.nio.file.NoSuchFileException: /fabric.mod.json
[20Dec2025 21:39:29.441] [main/ERROR] [org.betterx.worlds.together.util.Logger/]: [worlds_together] Error for jar:file:///workspaces/SERVER-1/servidor_minecraft/mods/jei-1.20.1-forge-15.20.0.112.jar: java.nio.file.NoSuchFileException: /fabric.mod.json
[20Dec2025 21:39:29.441] [main/ERROR] [org.betterx.worlds.together.util.Logger/]: [worlds_together] Error for jar:file:///workspaces/SERVER-1/servidor_minecraft/mods/hamsters-forge-1.0.3-1.20.1.jar: java.nio.file.NoSuchFileException: /fabric.mod.json
[20Dec2025 21:39:29.442] [main/ERROR] [org.betterx.worlds.together.util.Logger/]: [worlds_together] Error for jar:file:///workspaces/SERVER-1/servidor_minecraft/mods/modernfix-forge-5.24.4+mc1.20.1.jar: java.nio.file.NoSuchFileException: /fabric.mod.json
[20Dec2025 21:39:29.442] [main/ERROR] [org.betterx.worlds.together.util.Logger/]: [worlds_together] Error for jar:file:///workspaces/SERVER-1/servidor_minecraft/mods/crittersandcompanions-forge-1.20.1-2.3.1.jar: java.nio.file.NoSuchFileException: /fabric.mod.json
[20Dec2025 21:39:29.443] [main/ERROR] [org.betterx.worlds.together.util.Logger/]: [worlds_together] Error for jar:file:///workspaces/SERVER-1/servidor_minecraft/mods/YungsBetterEndIsland-1.20-Forge-2.0.6.jar: java.nio.file.NoSuchFileException: /fabric.mod.json
[20Dec2025 21:39:29.443] [main/ERROR] [org.betterx.worlds.together.util.Logger/]: [worlds_together] Error for jar:file:///workspaces/SERVER-1/servidor_minecraft/mods/YungsCaveBiomes-1.20.1-Forge-2.0.5.jar: java.nio.file.NoSuchFileException: /fabric.mod.json
[20Dec2025 21:39:29.444] [main/ERROR] [org.betterx.worlds.together.util.Logger/]: [worlds_together] Error for jar:file:///workspaces/SERVER-1/servidor_minecraft/mods/letsdo-brewery-forge-2.0.6.jar: java.nio.file.NoSuchFileException: /fabric.mod.json
[20Dec2025 21:39:29.445] [main/ERROR] [org.betterx.worlds.together.util.Logger/]: [worlds_together] Error for jar:file:///workspaces/SERVER-1/servidor_minecraft/mods/netherdepthsupgrade-3.1.5-1.20.jar: java.nio.file.NoSuchFileException: /fabric.mod.json
[20Dec2025 21:39:29.445] [main/ERROR] [org.betterx.worlds.together.util.Logger/]: [worlds_together] Error for jar:file:///workspaces/SERVER-1/servidor_minecraft/mods/YungsBetterStrongholds-1.20-Forge-4.0.3.jar: java.nio.file.NoSuchFileException: /fabric.mod.json
[20Dec2025 21:39:29.446] [main/ERROR] [org.betterx.worlds.together.util.Logger/]: [worlds_together] Error for jar:file:///workspaces/SERVER-1/servidor_minecraft/mods/travelersbackpack-forge-1.20.1-9.1.40.jar: java.nio.file.NoSuchFileException: /fabric.mod.json
[20Dec2025 21:39:29.446] [main/ERROR] [org.betterx.worlds.together.util.Logger/]: [worlds_together] Error for jar:file:///workspaces/SERVER-1/servidor_minecraft/mods/PuzzlesLib-v8.1.32-1.20.1-Forge.jar: java.nio.file.NoSuchFileException: /fabric.mod.json
[20Dec2025 21:39:29.447] [main/ERROR] [org.betterx.worlds.together.util.Logger/]: [worlds_together] Error for jar:file:///workspaces/SERVER-1/servidor_minecraft/mods/Aquaculture-1.20.1-2.5.5.jar: java.nio.file.NoSuchFileException: /fabric.mod.json
[20Dec2025 21:39:29.448] [main/ERROR] [org.betterx.worlds.together.util.Logger/]: [worlds_together] Error for jar:file:///workspaces/SERVER-1/servidor_minecraft/mods/blueprint-1.20.1-7.1.3.jar: java.nio.file.NoSuchFileException: /fabric.mod.json
[20Dec2025 21:39:29.448] [main/ERROR] [org.betterx.worlds.together.util.Logger/]: [worlds_together] Error for jar:file:///workspaces/SERVER-1/servidor_minecraft/mods/voicechat-forge-1.20.1-2.5.35.jar: java.nio.file.NoSuchFileException: /fabric.mod.json
[20Dec2025 21:39:29.449] [main/ERROR] [org.betterx.worlds.together.util.Logger/]: [worlds_together] Error for jar:file:///workspaces/SERVER-1/servidor_minecraft/mods/pet_cemetery-1.20.1-2.0.0.jar: java.nio.file.NoSuchFileException: /fabric.mod.json
[20Dec2025 21:39:29.449] [main/ERROR] [org.betterx.worlds.together.util.Logger/]: [worlds_together] Error for jar:file:///workspaces/SERVER-1/servidor_minecraft/mods/YungsApi-1.20-Forge-4.0.6.jar: java.nio.file.NoSuchFileException: /fabric.mod.json
[20Dec2025 21:39:29.449] [main/ERROR] [org.betterx.worlds.together.util.Logger/]: [worlds_together] Error for jar:file:///workspaces/SERVER-1/servidor_minecraft/mods/CutThrough-v8.0.2-1.20.1-Forge.jar: java.nio.file.NoSuchFileException: /fabric.mod.json
[20Dec2025 21:39:29.450] [main/ERROR] [org.betterx.worlds.together.util.Logger/]: [worlds_together] Error for jar:file:///workspaces/SERVER-1/servidor_minecraft/mods/mss-1.2.7-1.20.jar: java.nio.file.NoSuchFileException: /fabric.mod.json
[20Dec2025 21:39:29.450] [main/ERROR] [org.betterx.worlds.together.util.Logger/]: [worlds_together] Error for jar:file:///workspaces/SERVER-1/servidor_minecraft/mods/MRU-1.0.4+1.20.1+forge.jar: java.nio.file.NoSuchFileException: /fabric.mod.json
[20Dec2025 21:39:29.450] [main/ERROR] [org.betterx.worlds.together.util.Logger/]: [worlds_together] Error for jar:file:///workspaces/SERVER-1/servidor_minecraft/mods/ferritecore-6.0.1-forge.jar: java.nio.file.NoSuchFileException: /fabric.mod.json
[20Dec2025 21:39:29.451] [main/ERROR] [org.betterx.worlds.together.util.Logger/]: [worlds_together] Error for jar:file:///workspaces/SERVER-1/servidor_minecraft/mods/culturaldelights-0.16.5.jar: java.nio.file.NoSuchFileException: /fabric.mod.json
[20Dec2025 21:39:29.451] [main/ERROR] [org.betterx.worlds.together.util.Logger/]: [worlds_together] Error for jar:file:///workspaces/SERVER-1/servidor_minecraft/mods/quark_delight_1.0.0_forge_1.20.1.jar: java.nio.file.NoSuchFileException: /fabric.mod.json
[20Dec2025 21:39:29.452] [main/ERROR] [org.betterx.worlds.together.util.Logger/]: [worlds_together] Error for jar:file:///workspaces/SERVER-1/servidor_minecraft/mods/waystones-forge-1.20.1-14.1.17.jar: java.nio.file.NoSuchFileException: /fabric.mod.json
[20Dec2025 21:39:29.452] [main/ERROR] [org.betterx.worlds.together.util.Logger/]: [worlds_together] Error for jar:file:///workspaces/SERVER-1/servidor_minecraft/mods/SkyVillages-1.0.4-1.19.2-1.20.1-forge-release.jar: java.nio.file.NoSuchFileException: /fabric.mod.json
[20Dec2025 21:39:29.452] [main/ERROR] [org.betterx.worlds.together.util.Logger/]: [worlds_together] Error for jar:file:///workspaces/SERVER-1/servidor_minecraft/mods/Ribbits-1.20.1-Forge-3.0.4.jar: java.nio.file.NoSuchFileException: /fabric.mod.json
[20Dec2025 21:39:29.455] [main/ERROR] [org.betterx.worlds.together.util.Logger/]: [worlds_together] Error for jar:file:///workspaces/SERVER-1/servidor_minecraft/mods/Stoneworks-v8.0.0-1.20.1-Forge.jar: java.nio.file.NoSuchFileException: /fabric.mod.json
[20Dec2025 21:39:29.456] [main/ERROR] [org.betterx.worlds.together.util.Logger/]: [worlds_together] Error for jar:file:///workspaces/SERVER-1/servidor_minecraft/mods/Platform-forge-1.20.1-1.2.10.1.jar: java.nio.file.NoSuchFileException: /fabric.mod.json
[20Dec2025 21:39:29.456] [main/ERROR] [org.betterx.worlds.together.util.Logger/]: [worlds_together] Error for jar:file:///workspaces/SERVER-1/servidor_minecraft/mods/camera-forge-1.20.1-1.0.20.jar: java.nio.file.NoSuchFileException: /fabric.mod.json
[20Dec2025 21:39:29.457] [main/ERROR] [org.betterx.worlds.together.util.Logger/]: [worlds_together] Error for jar:file:///workspaces/SERVER-1/servidor_minecraft/mods/CreativeCore_FORGE_v2.12.32_mc1.20.1.jar: java.nio.file.NoSuchFileException: /fabric.mod.json
[20Dec2025 21:39:29.457] [main/ERROR] [org.betterx.worlds.together.util.Logger/]: [worlds_together] Error for jar:file:///workspaces/SERVER-1/servidor_minecraft/mods/TreeChop-1.20.1-forge-0.19.0-fixed.jar: java.nio.file.NoSuchFileException: /fabric.mod.json
[20Dec2025 21:39:29.458] [main/ERROR] [org.betterx.worlds.together.util.Logger/]: [worlds_together] Error for jar:file:///workspaces/SERVER-1/servidor_minecraft/mods/YungsBetterJungleTemples-1.20-Forge-2.0.5.jar: java.nio.file.NoSuchFileException: /fabric.mod.json
[20Dec2025 21:39:29.458] [main/ERROR] [org.betterx.worlds.together.util.Logger/]: [worlds_together] Error for jar:file:///workspaces/SERVER-1/servidor_minecraft/mods/moredelight-25.07.28-1.20-forge.jar: java.nio.file.NoSuchFileException: /fabric.mod.json
[20Dec2025 21:39:29.458] [main/ERROR] [org.betterx.worlds.together.util.Logger/]: [worlds_together] Error for jar:file:///workspaces/SERVER-1/servidor_minecraft/mods/williams_hedgehogs-1.1.1-forge-1.20.1.jar: java.nio.file.NoSuchFileException: /fabric.mod.json
[20Dec2025 21:39:29.459] [main/ERROR] [org.betterx.worlds.together.util.Logger/]: [worlds_together] Error for jar:file:///workspaces/SERVER-1/servidor_minecraft/mods/HorseExpert-v8.1.1-1.20.1-Forge.jar: java.nio.file.NoSuchFileException: /fabric.mod.json
[20Dec2025 21:39:29.459] [main/ERROR] [org.betterx.worlds.together.util.Logger/]: [worlds_together] Error for jar:file:///workspaces/SERVER-1/servidor_minecraft/mods/alexsdelight-1.5.jar: java.nio.file.NoSuchFileException: /fabric.mod.json
[20Dec2025 21:39:29.460] [main/ERROR] [org.betterx.worlds.together.util.Logger/]: [worlds_together] Error for jar:file:///workspaces/SERVER-1/servidor_minecraft/mods/ecologics-forge-1.20.1-2.2.2.jar: java.nio.file.NoSuchFileException: /fabric.mod.json
[20Dec2025 21:39:29.460] [main/ERROR] [org.betterx.worlds.together.util.Logger/]: [worlds_together] Error for jar:file:///workspaces/SERVER-1/servidor_minecraft/mods/Locks-Unoffical-forge-1.20.1-1.2.4.jar: java.nio.file.NoSuchFileException: /fabric.mod.json
[20Dec2025 21:39:29.464] [main/ERROR] [org.betterx.worlds.together.util.Logger/]: [worlds_together] Error for jar:file:///workspaces/SERVER-1/servidor_minecraft/mods/Delightful-1.20.1-3.7.4.jar: java.nio.file.NoSuchFileException: /fabric.mod.json
[20Dec2025 21:39:29.466] [main/ERROR] [org.betterx.worlds.together.util.Logger/]: [worlds_together] Error for jar:file:///workspaces/SERVER-1/servidor_minecraft/mods/alexsmobs-1.22.9.jar: java.nio.file.NoSuchFileException: /fabric.mod.json
[20Dec2025 21:39:29.466] [main/ERROR] [org.betterx.worlds.together.util.Logger/]: [worlds_together] Error for jar:file:///workspaces/SERVER-1/servidor_minecraft/mods/libraryferret-forge-1.20.1-4.0.0.jar: java.nio.file.NoSuchFileException: /fabric.mod.json
[20Dec2025 21:39:29.467] [main/ERROR] [org.betterx.worlds.together.util.Logger/]: [worlds_together] Error for jar:file:///workspaces/SERVER-1/servidor_minecraft/mods/TravelersTitles-1.20-Forge-4.0.2.jar: java.nio.file.NoSuchFileException: /fabric.mod.json
[20Dec2025 21:39:29.467] [main/ERROR] [org.betterx.worlds.together.util.Logger/]: [worlds_together] Error for jar:file:///workspaces/SERVER-1/servidor_minecraft/mods/bettervillage-forge-1.20.1-3.3.1-all.jar: java.nio.file.NoSuchFileException: /fabric.mod.json
[20Dec2025 21:39:29.468] [main/ERROR] [org.betterx.worlds.together.util.Logger/]: [worlds_together] Error for jar:file:///workspaces/SERVER-1/servidor_minecraft/mods/letsdo-farm_and_charm-forge-1.0.12.jar: java.nio.file.NoSuchFileException: /fabric.mod.json
[20Dec2025 21:39:29.468] [main/ERROR] [org.betterx.worlds.together.util.Logger/]: [worlds_together] Error for jar:file:///workspaces/SERVER-1/servidor_minecraft/mods/UniversalBoneMeal-v8.0.1-1.20.1-Forge.jar: java.nio.file.NoSuchFileException: /fabric.mod.json
[20Dec2025 21:39:29.469] [main/ERROR] [org.betterx.worlds.together.util.Logger/]: [worlds_together] Error for jar:file:///workspaces/SERVER-1/servidor_minecraft/mods/YungsBetterDesertTemples-1.20-Forge-3.0.3.jar: java.nio.file.NoSuchFileException: /fabric.mod.json
[20Dec2025 21:39:29.469] [main/ERROR] [org.betterx.worlds.together.util.Logger/]: [worlds_together] Error for jar:file:///workspaces/SERVER-1/servidor_minecraft/mods/callablehorses-1.20.1-1.3.0.1.jar: java.nio.file.NoSuchFileException: /fabric.mod.json
[20Dec2025 21:39:29.473] [main/INFO] [org.betterx.worlds.together.util.Logger/]: [bclib] Updating Pickers for BCLib - The End  BiomeSource (4c7e449c)
[20Dec2025 21:39:29.480] [main/INFO] [org.betterx.worlds.together.util.Logger/]: [bclib] Updating Pickers for BCLib - Nether BiomeSource (6392c870)
[20Dec2025 21:39:29.504] [main/WARN] [ModernFix/]: Initial datapack load took 4.586 s
[20Dec2025 21:39:29.716] [Server thread/INFO] [net.minecraft.server.dedicated.DedicatedServer/]: Starting minecraft server version 1.20.1
[20Dec2025 21:39:29.716] [Server thread/INFO] [net.minecraft.server.dedicated.DedicatedServer/]: Loading properties
[20Dec2025 21:39:29.716] [Server thread/INFO] [net.minecraft.server.dedicated.DedicatedServer/]: Default game type: SURVIVAL
[20Dec2025 21:39:29.716] [Server thread/INFO] [net.minecraft.server.MinecraftServer/]: Generating keypair
[20Dec2025 21:39:29.789] [Server thread/INFO] [net.minecraft.server.dedicated.DedicatedServer/]: Starting Minecraft server on *:25565
[20Dec2025 21:39:29.842] [Server thread/INFO] [net.minecraft.server.network.ServerConnectionListener/]: Using epoll channel type
[20Dec2025 21:39:29.943] [Server thread/WARN] [net.minecraft.server.dedicated.DedicatedServer/]: **** SERVER IS RUNNING IN OFFLINE/INSECURE MODE!
[20Dec2025 21:39:29.943] [Server thread/WARN] [net.minecraft.server.dedicated.DedicatedServer/]: The server will make no attempt to authenticate usernames. Beware.
[20Dec2025 21:39:29.943] [Server thread/WARN] [net.minecraft.server.dedicated.DedicatedServer/]: While this makes the game possible to play without internet access, it also opens up the ability for hackers to connect with any username they choose.
[20Dec2025 21:39:29.943] [Server thread/WARN] [net.minecraft.server.dedicated.DedicatedServer/]: To change this, set "online-mode" to "true" in the server.properties file.
[20Dec2025 21:39:29.955] [Server thread/INFO] [org.betterx.worlds.together.util.Logger/]: [betternether] Freeze Registry[ResourceKey[minecraft:root / worlds_together:worldgen/betterx/surface_rules] (Stable)]
[20Dec2025 21:39:29.960] [Server thread/INFO] [Puzzles Lib/]: Loading server config for pickupnotifier
[20Dec2025 21:39:29.973] [Server thread/INFO] [Puzzles Lib/]: Loading server config for universalbonemeal
[20Dec2025 21:39:29.990] [Server thread/INFO] [Puzzles Lib/]: Loading server config for magnumtorch
[20Dec2025 21:39:30.186] [Server thread/INFO] [zeta/]: Server starting, accepting filewatcher changes for zeta's config
[20Dec2025 21:39:30.186] [Server thread/INFO] [quark-zeta/]: Server starting, accepting filewatcher changes for quark's config
[20Dec2025 21:39:30.730] [Server thread/INFO] [terrablender/]: Initialized TerraBlender biomes for level stem minecraft:overworld
[20Dec2025 21:39:30.730] [Server thread/INFO] [net.minecraft.server.dedicated.DedicatedServer/]: Preparing level "world"
[20Dec2025 21:39:30.741] [Server thread/INFO] [org.betterx.worlds.together.util.Logger/]: [bclib] 
Apply Modifications for minecraft:the_end
    ModdedBiomeSource (6f811eca)
        biomes     = 24
        namespaces = betterend(19), minecraft(5)
[20Dec2025 21:39:30.750] [Server thread/INFO] [org.betterx.worlds.together.util.Logger/]: [bclib] 
Apply Modifications for minecraft:the_nether
    ModdedBiomeSource (49c4149c)
        biomes     = 32
        namespaces = betternether(22), regions_unexplored(5), minecraft(5)
[20Dec2025 21:39:30.755] [Server thread/INFO] [org.betterx.worlds.together.util.Logger/]: [bclib] 
Apply Modifications for minecraft:overworld
    ModdedBiomeSource (2e8aecfb)
        biomes     = 124
        namespaces = minecraft(53), vanillabackport(1), terrablender(1), yungscavebiomes(2), regions_unexplored(66), quark(1)
[20Dec2025 21:39:30.756] [Server thread/INFO] [org.betterx.worlds.together.util.Logger/]: [bclib] World Dimensions: 
 - minecraft:the_end: 
     BCLib - Chunk Generator (7123a259) 
     ModdedBiomeSource (6f811eca)
         biomes     = 24
         namespaces = betterend(19), minecraft(5)
 - minecraft:the_nether: 
     BCLib - Chunk Generator (24576e8e) 
     ModdedBiomeSource (49c4149c)
         biomes     = 32
         namespaces = betternether(22), regions_unexplored(5), minecraft(5)
 - minecraft:overworld: 
     net.minecraft.world.level.levelgen.NoiseBasedChunkGenerator@5438e3ef 
     ModdedBiomeSource (2e8aecfb)
         biomes     = 124
         namespaces = minecraft(53), vanillabackport(1), terrablender(1), yungscavebiomes(2), regions_unexplored(66), quark(1)
[20Dec2025 21:39:30.759] [Server thread/INFO] [org.betterx.worlds.together.util.Logger/]: [bclib] Merged 19 additional Surface Rules for 
ModdedBiomeSource (6f811eca)
    biomes     = 24
    namespaces = betterend(19), minecraft(5) => 20
[20Dec2025 21:39:30.760] [Server thread/INFO] [org.betterx.worlds.together.util.Logger/]: [bclib] Merged 22 additional Surface Rules for 
ModdedBiomeSource (49c4149c)
    biomes     = 32
    namespaces = betternether(22), regions_unexplored(5), minecraft(5) => 74
[20Dec2025 21:39:31.574] [Server thread/WARN] [com.structureessentials.StructureEssentials/]: Non-unique structure_set salt:0 potentially creating overlapping structures detected. Structure sets: [minecraft:mineshafts, minecraft:strongholds, minecraft:buried_treasures]
[20Dec2025 21:39:31.574] [Server thread/WARN] [com.structureessentials.StructureEssentials/]: Non-unique structure_set salt:10387313 potentially creating overlapping structures detected. Structure sets: [minecraft:ocean_monuments, minecraft:end_cities]
[20Dec2025 21:39:31.574] [Server thread/WARN] [com.structureessentials.StructureEssentials/]: Non-unique structure_set salt:433252558 potentially creating overlapping structures detected. Structure sets: [mvs:houses/azelea_house, mvs:houses/warped_house]
[20Dec2025 21:39:31.577] [Server thread/INFO] [net.regions_unexplored.RegionsUnexploredMod/]: Loading dimension "minecraft:the_nether" with biome source: "blueprint:modded".
[20Dec2025 21:39:31.578] [Server thread/INFO] [net.minecraft.server.MinecraftServer/]: Preparing start region for dimension minecraft:overworld
[20Dec2025 21:39:33.140] [Server thread/INFO] [net.minecraft.server.level.progress.LoggerChunkProgressListener/]: Preparing spawn area: 0%
[20Dec2025 21:39:33.140] [Server thread/INFO] [net.minecraft.server.level.progress.LoggerChunkProgressListener/]: Preparing spawn area: 0%
[20Dec2025 21:39:33.141] [Server thread/INFO] [net.minecraft.server.level.progress.LoggerChunkProgressListener/]: Preparing spawn area: 0%
[20Dec2025 21:39:33.141] [Server thread/INFO] [net.minecraft.server.level.progress.LoggerChunkProgressListener/]: Preparing spawn area: 0%
[20Dec2025 21:39:33.578] [Worker-Main-2/INFO] [net.minecraft.server.level.progress.LoggerChunkProgressListener/]: Preparing spawn area: 0%
[20Dec2025 21:39:33.875] [Server thread/INFO] [net.minecraft.server.level.progress.LoggerChunkProgressListener/]: Time elapsed: 2297 ms
[20Dec2025 21:39:33.876] [Server thread/INFO] [net.minecraft.server.dedicated.DedicatedServer/]: Done (3.918s)! For help, type "help"
[20Dec2025 21:39:33.997] [Server thread/INFO] [net.minecraftforge.server.permission.PermissionAPI/]: Successfully initialized permission handler forge:default_handler
[20Dec2025 21:39:33.999] [Server thread/WARN] [voicechat/]: [voicechat] Running in offline mode - Voice chat encryption is not secure!
[20Dec2025 21:39:34.007] [VoiceChatServerThread/INFO] [voicechat/]: [voicechat] Voice chat server started at 10.242.39.218:24454
[20Dec2025 21:39:34.008] [Server thread/WARN] [ModernFix/]: Dedicated server took 139.712 seconds to load
[20Dec2025 21:41:30.760] [Server thread/WARN] [net.minecraft.network.syncher.SynchedEntityData/]: defineId called for: class net.minecraft.world.entity.player.Player from class tschipp.carryon.common.carry.CarryOnDataManager
[20Dec2025 21:41:30.942] [Server thread/INFO] [net.minecraft.server.players.PlayerList/]: Elcajudo[/10.242.252.56:60807] logged in with entity id 144 at (-2169.718138753783, 65.76636799395752, 3184.3974129279227)
[20Dec2025 21:41:31.004] [Server thread/INFO] [org.betterx.worlds.together.util.Logger/]: [betternether] Freeze Registry[ResourceKey[minecraft:root / worlds_together:worldgen/betterx/surface_rules] (Stable)]
[20Dec2025 21:41:31.020] [Server thread/INFO] [ModernFix/]: Using enhanced recipe sync for player Elcajudo
[20Dec2025 21:41:31.039] [Server thread/INFO] [net.minecraft.server.MinecraftServer/]: Elcajudo joined the game
[20Dec2025 21:41:32.411] [Server thread/INFO] [voicechat/]: [voicechat] Received secret request of Elcajudo (18)
[20Dec2025 21:41:32.413] [Server thread/INFO] [voicechat/]: [voicechat] Sent secret to Elcajudo
[20Dec2025 21:41:32.511] [Server thread/INFO] [org.betterx.worlds.together.util.Logger/]: [bclib] Received Hello from Client. (server=3.0.14, client=3.0.14)
[20Dec2025 21:41:32.513] [Server thread/INFO] [org.betterx.worlds.together.util.Logger/]: [bclib] Sending Hello to Client. (server=3.0.14)
[20Dec2025 21:41:32.515] [Server thread/INFO] [org.betterx.worlds.together.util.Logger/]: [bclib] 	- Listing Mod betternether v9.0.10 (size: 21.9 MiB, download=true)
[20Dec2025 21:41:32.516] [Server thread/INFO] [org.betterx.worlds.together.util.Logger/]: [bclib] 	- Listing Mod bclib v3.0.14 (size: 2.2 MiB, download=true)
[20Dec2025 21:41:32.518] [Server thread/INFO] [org.betterx.worlds.together.util.Logger/]: [bclib] 	- Offering Config bclib.CONFIG_betternether.main
[20Dec2025 21:41:32.519] [Server thread/INFO] [org.betterx.worlds.together.util.Logger/]: [bclib] 	- Offering Config bclib.CONFIG_betternether.generator
[20Dec2025 21:41:32.521] [Server thread/INFO] [org.betterx.worlds.together.util.Logger/]: [bclib] 	- Offering Config bclib.CONFIG_betternether.blocks
[20Dec2025 21:41:32.522] [Server thread/INFO] [org.betterx.worlds.together.util.Logger/]: [bclib] 	- Offering Config bclib.CONFIG_betternether.items
[20Dec2025 21:41:32.523] [Server thread/INFO] [org.betterx.worlds.together.util.Logger/]: [bclib] 	- Offering Config bclib.CONFIG_betternether.biomes
[20Dec2025 21:41:32.524] [Server thread/INFO] [org.betterx.worlds.together.util.Logger/]: [bclib] 	- Offering Config bclib.CONFIG_betternether.mobs
[20Dec2025 21:41:32.524] [Server thread/INFO] [org.betterx.worlds.together.util.Logger/]: [bclib] 	- Offering Config bclib.CONFIG_bclib.generator
[20Dec2025 21:41:32.525] [Server thread/INFO] [org.betterx.worlds.together.util.Logger/]: [bclib] 	- Offering Config bclib.CONFIG_bclib.main
[20Dec2025 21:41:32.525] [Server thread/INFO] [org.betterx.worlds.together.util.Logger/]: [bclib] 	- Offering Config bclib.CONFIG_bclib.biomes
[20Dec2025 21:41:32.526] [Server thread/INFO] [org.betterx.worlds.together.util.Logger/]: [bclib] 	- Offering Config bclib.CONFIG_betterend.entities
[20Dec2025 21:41:32.528] [Server thread/INFO] [org.betterx.worlds.together.util.Logger/]: [bclib] 	- Offering Config bclib.CONFIG_betterend.blocks
[20Dec2025 21:41:32.529] [Server thread/INFO] [org.betterx.worlds.together.util.Logger/]: [bclib] 	- Offering Config bclib.CONFIG_betterend.items
[20Dec2025 21:41:32.530] [Server thread/INFO] [org.betterx.worlds.together.util.Logger/]: [bclib] 	- Offering Config bclib.CONFIG_betterend.enchantments
[20Dec2025 21:41:32.531] [Server thread/INFO] [org.betterx.worlds.together.util.Logger/]: [bclib] 	- Offering Folder /workspaces/SERVER-1/servidor_minecraft/bclib-sync (allowDelete=true)
[20Dec2025 21:41:36.519] [VoiceChatPacketProcessingThread/INFO] [voicechat/]: [voicechat] Successfully authenticated player fa4c061d-6cbf-3dd1-beb4-187506fa40ce
[20Dec2025 21:41:37.513] [VoiceChatPacketProcessingThread/INFO] [voicechat/]: [voicechat] Successfully validated connection of player fa4c061d-6cbf-3dd1-beb4-187506fa40ce
[20Dec2025 21:41:37.522] [VoiceChatPacketProcessingThread/INFO] [voicechat/]: [voicechat] Player Elcajudo (fa4c061d-6cbf-3dd1-beb4-187506fa40ce) successfully connected to voice chat
[20Dec2025 21:49:34.106] [Server thread/INFO] [dev.uncandango.alltheleaks.AllTheLeaks/]: Listing events...
[20Dec2025 21:49:34.163] [Server thread/INFO] [dev.uncandango.alltheleaks.AllTheLeaks/]: Listing memory leaks so far...
[20Dec2025 21:49:34.165] [Server thread/INFO] [dev.uncandango.alltheleaks.AllTheLeaks/]: Waiting to stabilize [5/10]
[20Dec2025 21:49:34.165] [Server thread/INFO] [dev.uncandango.alltheleaks.AllTheLeaks/]: Memory Leaks detected: (/atl force_refresh to update)
[20Dec2025 21:49:34.165] [Server thread/INFO] [dev.uncandango.alltheleaks.AllTheLeaks/]: | ChunkAccess:
[20Dec2025 21:49:34.165] [Server thread/INFO] [dev.uncandango.alltheleaks.AllTheLeaks/]: |- LevelChunk (minecraft): 1042
[20Dec2025 21:59:34.115] [Server thread/INFO] [dev.uncandango.alltheleaks.AllTheLeaks/]: Listing events...
[20Dec2025 21:59:34.115] [Server thread/INFO] [dev.uncandango.alltheleaks.AllTheLeaks/]: Listing memory leaks so far...
[20Dec2025 21:59:34.118] [Server thread/INFO] [dev.uncandango.alltheleaks.AllTheLeaks/]: B: 877MB / C: 953MB / Diff: +76MB
[20Dec2025 21:59:34.119] [Server thread/INFO] [dev.uncandango.alltheleaks.AllTheLeaks/]: Memory Leaks detected: (/atl force_refresh to update)
[20Dec2025 21:59:34.119] [Server thread/INFO] [dev.uncandango.alltheleaks.AllTheLeaks/]: | ChunkAccess:
[20Dec2025 21:59:34.119] [Server thread/INFO] [dev.uncandango.alltheleaks.AllTheLeaks/]: |- LevelChunk (minecraft): 1742
[20Dec2025 22:08:19.969] [Server thread/INFO] [net.minecraft.server.MinecraftServer/]: Elcajudo was slain by Tusklin
[20Dec2025 22:08:19.976] [Server thread/INFO] [com.tiviacz.travelersbackpack.TravelersBackpack/]: Created new backpack backup file for Elcajudo with unique ID travelersbackpack.bat_20.12.2025-22.08.19.dat
[20Dec2025 22:08:19.978] [Server thread/INFO] [com.tiviacz.travelersbackpack.TravelersBackpack/]: There's no space for backpack. Dropping backpack item at X: -2171 Y: 73.49520087700593 Z: 3238
[20Dec2025 22:08:27.170] [Server thread/INFO] [net.minecraft.world.entity.npc.Villager/]: Villager Villager['Evia'/5634, l='ServerLevel[world]', x=-2122.52, y=68.06, z=3195.51] died, message: 'Evia was slain by Zombie'
[20Dec2025 22:08:27.171] [Server thread/INFO] [net.minecraft.world.entity.LivingEntity/]: Named entity Villager['Evia'/5634, l='ServerLevel[world]', x=-2122.52, y=68.06, z=3195.51] died: Evia was slain by Zombie
[20Dec2025 22:09:34.125] [Server thread/INFO] [dev.uncandango.alltheleaks.AllTheLeaks/]: Listing events...
[20Dec2025 22:09:34.125] [Server thread/INFO] [dev.uncandango.alltheleaks.AllTheLeaks/]: Server Player Clone: 1
[20Dec2025 22:09:34.125] [Server thread/INFO] [dev.uncandango.alltheleaks.AllTheLeaks/]: Listing memory leaks so far...
[20Dec2025 22:09:34.126] [Server thread/INFO] [dev.uncandango.alltheleaks.AllTheLeaks/]: B: 784MB / C: 813MB / Diff: +29MB
[20Dec2025 22:09:34.126] [Server thread/INFO] [dev.uncandango.alltheleaks.AllTheLeaks/]: Memory Leaks detected: (/atl force_refresh to update)
[20Dec2025 22:09:34.126] [Server thread/INFO] [dev.uncandango.alltheleaks.AllTheLeaks/]: | ChunkAccess:
[20Dec2025 22:09:34.126] [Server thread/INFO] [dev.uncandango.alltheleaks.AllTheLeaks/]: |- LevelChunk (minecraft): 180
[20Dec2025 22:09:34.126] [Server thread/INFO] [dev.uncandango.alltheleaks.AllTheLeaks/]: | Player:
[20Dec2025 22:09:34.126] [Server thread/INFO] [dev.uncandango.alltheleaks.AllTheLeaks/]: |- ServerPlayer (minecraft): 1
[20Dec2025 22:19:34.173] [Server thread/INFO] [dev.uncandango.alltheleaks.AllTheLeaks/]: Listing events...
[20Dec2025 22:19:34.174] [Server thread/INFO] [dev.uncandango.alltheleaks.AllTheLeaks/]: Server Player Clone: 1
[20Dec2025 22:19:34.174] [Server thread/INFO] [dev.uncandango.alltheleaks.AllTheLeaks/]: Listing memory leaks so far...
[20Dec2025 22:19:34.174] [Server thread/INFO] [dev.uncandango.alltheleaks.AllTheLeaks/]: B: 784MB / C: 824MB / Diff: +40MB
[20Dec2025 22:19:34.174] [Server thread/INFO] [dev.uncandango.alltheleaks.AllTheLeaks/]: Memory Leaks detected: (/atl force_refresh to update)
[20Dec2025 22:19:34.174] [Server thread/INFO] [dev.uncandango.alltheleaks.AllTheLeaks/]: | ChunkAccess:
[20Dec2025 22:19:34.174] [Server thread/INFO] [dev.uncandango.alltheleaks.AllTheLeaks/]: |- LevelChunk (minecraft): 180
[20Dec2025 22:19:34.174] [Server thread/INFO] [dev.uncandango.alltheleaks.AllTheLeaks/]: | Player:
[20Dec2025 22:19:34.174] [Server thread/INFO] [dev.uncandango.alltheleaks.AllTheLeaks/]: |- ServerPlayer (minecraft): 1
[20Dec2025 22:21:51.970] [Server thread/INFO] [net.minecraft.server.network.ServerGamePacketListenerImpl/]: Elcajudo lost connection: Disconnected
[20Dec2025 22:21:51.970] [Server thread/INFO] [net.minecraft.server.MinecraftServer/]: Elcajudo left the game
[20Dec2025 22:21:51.973] [Server thread/INFO] [voicechat/]: [voicechat] Disconnecting client Elcajudo
[20Dec2025 22:29:34.209] [Server thread/INFO] [dev.uncandango.alltheleaks.AllTheLeaks/]: Listing events...
[20Dec2025 22:29:34.209] [Server thread/INFO] [dev.uncandango.alltheleaks.AllTheLeaks/]: Server Player Clone: 1
[20Dec2025 22:29:34.209] [Server thread/INFO] [dev.uncandango.alltheleaks.AllTheLeaks/]: Server Player Logout: 1
[20Dec2025 22:29:34.210] [Server thread/INFO] [dev.uncandango.alltheleaks.AllTheLeaks/]: Listing memory leaks so far...
[20Dec2025 22:29:34.210] [Server thread/INFO] [dev.uncandango.alltheleaks.AllTheLeaks/]: B: 784MB / C: 824MB / Diff: +40MB
[20Dec2025 22:29:34.210] [Server thread/INFO] [dev.uncandango.alltheleaks.AllTheLeaks/]: Memory Leaks detected: (/atl force_refresh to update)
[20Dec2025 22:29:34.210] [Server thread/INFO] [dev.uncandango.alltheleaks.AllTheLeaks/]: | ChunkAccess:
[20Dec2025 22:29:34.210] [Server thread/INFO] [dev.uncandango.alltheleaks.AllTheLeaks/]: |- LevelChunk (minecraft): 1045
[20Dec2025 22:29:34.210] [Server thread/INFO] [dev.uncandango.alltheleaks.AllTheLeaks/]: | Player:
[20Dec2025 22:29:34.210] [Server thread/INFO] [dev.uncandango.alltheleaks.AllTheLeaks/]: |- ServerPlayer (minecraft): 2
[20Dec2025 22:39:34.259] [Server thread/INFO] [dev.uncandango.alltheleaks.AllTheLeaks/]: Listing events...
[20Dec2025 22:39:34.259] [Server thread/INFO] [dev.uncandango.alltheleaks.AllTheLeaks/]: Server Player Clone: 1
[20Dec2025 22:39:34.259] [Server thread/INFO] [dev.uncandango.alltheleaks.AllTheLeaks/]: Server Player Logout: 1
[20Dec2025 22:39:34.259] [Server thread/INFO] [dev.uncandango.alltheleaks.AllTheLeaks/]: Listing memory leaks so far...
[20Dec2025 22:39:34.259] [Server thread/INFO] [dev.uncandango.alltheleaks.AllTheLeaks/]: B: 784MB / C: 824MB / Diff: +40MB
[20Dec2025 22:39:34.259] [Server thread/INFO] [dev.uncandango.alltheleaks.AllTheLeaks/]: Memory Leaks detected: (/atl force_refresh to update)
[20Dec2025 22:39:34.260] [Server thread/INFO] [dev.uncandango.alltheleaks.AllTheLeaks/]: | ChunkAccess:
[20Dec2025 22:39:34.260] [Server thread/INFO] [dev.uncandango.alltheleaks.AllTheLeaks/]: |- LevelChunk (minecraft): 1045
[20Dec2025 22:39:34.260] [Server thread/INFO] [dev.uncandango.alltheleaks.AllTheLeaks/]: | Player:
[20Dec2025 22:39:34.260] [Server thread/INFO] [dev.uncandango.alltheleaks.AllTheLeaks/]: |- ServerPlayer (minecraft): 2
[20Dec2025 22:41:28.010] [Server thread/INFO] [net.minecraft.server.MinecraftServer/]: Stopping server
[20Dec2025 22:41:28.011] [Server thread/INFO] [net.minecraft.server.MinecraftServer/]: Saving players
[20Dec2025 22:41:28.011] [Server thread/INFO] [net.minecraft.server.MinecraftServer/]: Saving worlds
[20Dec2025 22:41:28.033] [Server thread/INFO] [net.minecraft.server.MinecraftServer/]: Saving chunks for level 'ServerLevel[world]'/minecraft:overworld
[20Dec2025 22:41:28.156] [Server thread/INFO] [net.minecraft.server.MinecraftServer/]: Saving chunks for level 'ServerLevel[world]'/minecraft:the_end
[20Dec2025 22:41:28.157] [Server thread/INFO] [net.minecraft.server.MinecraftServer/]: Saving chunks for level 'ServerLevel[world]'/minecraft:the_nether
[20Dec2025 22:41:28.206] [Server thread/INFO] [net.minecraft.server.MinecraftServer/]: ThreadedAnvilChunkStorage (world): All chunks are saved
[20Dec2025 22:41:28.206] [Server thread/INFO] [net.minecraft.server.MinecraftServer/]: ThreadedAnvilChunkStorage (DIM1): All chunks are saved
[20Dec2025 22:41:28.206] [Server thread/INFO] [net.minecraft.server.MinecraftServer/]: ThreadedAnvilChunkStorage (DIM-1): All chunks are saved
[20Dec2025 22:41:28.206] [Server thread/INFO] [net.minecraft.server.MinecraftServer/]: ThreadedAnvilChunkStorage: All dimensions are saved
